# Blender 4.4.1
# www.blender.org
mtllib enemy0.mtl
o MN157_J02
v 0.526761 -0.203977 0.290065
v 0.474517 -0.174271 0.329940
v 0.482118 -0.189644 0.332394
v 0.521447 -0.179336 0.272438
v 0.481995 -0.164823 0.318954
v 0.561152 -0.222470 0.252290
v 0.559541 -0.202354 0.227292
v 0.578117 -0.246263 0.225287
v 0.588298 -0.243879 0.180412
v 0.592591 -0.255352 0.176548
v 0.595934 -0.265284 0.189045
v 0.577070 -0.305291 0.275638
v 0.568087 -0.269018 0.272979
v 0.534796 -0.335789 0.352204
v 0.532222 -0.313038 0.350307
v 0.544483 -0.344706 0.338267
v 0.532952 -0.203977 -0.278526
v 0.489242 -0.189644 -0.321817
v 0.481589 -0.174271 -0.319529
v 0.527255 -0.179336 -0.261019
v 0.488826 -0.164823 -0.308383
v 0.566513 -0.222470 -0.240011
v 0.564358 -0.202354 -0.215054
v 0.582886 -0.246263 -0.212646
v 0.592086 -0.243879 -0.167559
v 0.596295 -0.255352 -0.163602
v 0.599909 -0.265284 -0.176024
v 0.582935 -0.305291 -0.263008
v 0.573896 -0.269018 -0.260544
v 0.542338 -0.335789 -0.340475
v 0.539724 -0.313038 -0.338636
v 0.551720 -0.344707 -0.326331
v -0.341643 0.535102 0.145599
v -0.339570 0.576028 0.144127
v -0.339060 0.575683 0.142208
v -0.335814 0.577577 0.143805
v -0.344552 0.536626 0.156403
v -0.339228 0.495421 0.151256
v -0.339101 0.576769 0.145949
v -0.342620 0.497763 0.168377
v -0.330806 0.439568 0.158016
v -0.341479 0.540607 0.166346
v -0.336194 0.443258 0.184742
v -0.319655 0.384234 0.166164
v -0.337646 0.504195 0.183702
v -0.328270 0.453206 0.208523
v -0.327648 0.388958 0.200973
v -0.303880 0.310097 0.174487
v -0.317541 0.402156 0.232636
v -0.313728 0.315826 0.219075
v -0.281671 0.227554 0.182863
v -0.299229 0.332624 0.259435
v -0.292022 0.229416 0.236540
v -0.256139 0.170221 0.190708
v -0.271072 0.246005 0.285633
v -0.266744 0.172208 0.248748
v -0.226120 0.132738 0.202036
v -0.241934 0.191029 0.300302
v -0.235524 0.135156 0.256901
v -0.175390 0.107620 0.223494
v -0.212793 0.154153 0.305049
v -0.200233 0.217169 0.330370
v -0.182199 0.110737 0.263024
v -0.135176 0.102620 0.259250
v -0.131150 0.101728 0.238555
v -0.168527 0.125413 0.297291
v -0.090441 0.114363 0.256552
v -0.173968 0.177482 0.330889
v -0.128987 0.109878 0.278011
v -0.141281 0.140542 0.314757
v -0.114642 0.120564 0.290231
v -0.129071 0.203717 0.335969
v -0.108312 0.159708 0.318097
v -0.096325 0.132108 0.292704
v -0.079467 0.141772 0.284748
v -0.078181 0.176297 0.304026
v -0.151533 0.245079 0.337673
v -0.088139 0.225438 0.316376
v -0.058276 0.184772 0.276544
v -0.067326 0.146523 0.269402
v -0.063002 0.235748 0.278362
v -0.051574 0.183084 0.243470
v -0.062594 0.145232 0.250293
v -0.104979 0.268389 0.318071
v -0.066370 0.138069 0.231785
v -0.136472 0.324152 0.309089
v -0.078433 0.126669 0.218415
v -0.076352 0.278766 0.275393
v -0.058192 0.171379 0.211456
v -0.096774 0.114197 0.214345
v -0.055978 0.233091 0.235275
v -0.116652 0.104866 0.221811
v -0.131150 0.101728 0.238555
v -0.079074 0.152264 0.187107
v -0.112208 0.132371 0.179384
v -0.149042 0.117033 0.193525
v -0.175390 0.107620 0.223494
v -0.136945 0.169274 0.147173
v -0.187651 0.146320 0.162885
v -0.226120 0.132738 0.202036
v -0.090168 0.194758 0.158361
v -0.160797 0.207449 0.130947
v -0.215024 0.183920 0.149026
v -0.256139 0.170221 0.190708
v -0.063570 0.218747 0.193259
v -0.243999 0.239960 0.143537
v -0.281671 0.227554 0.182863
v -0.194012 0.262241 0.124491
v -0.271349 0.316925 0.140646
v -0.303880 0.310097 0.174487
v -0.319655 0.384234 0.166164
v -0.295255 0.389428 0.138595
v -0.330806 0.439568 0.158016
v -0.228369 0.334030 0.124296
v -0.311981 0.443565 0.137032
v -0.339228 0.495421 0.151256
v -0.261830 0.403189 0.126669
v -0.327440 0.498019 0.137531
v -0.341643 0.535102 0.145599
v -0.286520 0.454042 0.128215
v -0.333657 0.536557 0.137545
v -0.339060 0.575683 0.142208
v -0.311050 0.504896 0.131352
v -0.337679 0.575831 0.140663
v -0.323500 0.540508 0.134296
v -0.294727 0.514201 0.133888
v -0.335747 0.576455 0.139917
v -0.313820 0.545847 0.136168
v -0.333765 0.577406 0.140214
v -0.261764 0.468056 0.132541
v -0.282743 0.523476 0.144843
v -0.332304 0.578427 0.141513
v -0.229615 0.421583 0.133300
v -0.306934 0.551146 0.142778
v -0.304872 0.554821 0.152408
v -0.244033 0.481857 0.149480
v -0.278702 0.530069 0.161357
v -0.238021 0.491726 0.174194
v -0.331807 0.579222 0.143463
v -0.332417 0.579557 0.145484
v -0.307811 0.555936 0.162081
v -0.283628 0.532130 0.178479
v -0.199272 0.452372 0.187402
v -0.245002 0.495127 0.199998
v -0.206979 0.439530 0.155597
v -0.149786 0.395683 0.202175
v -0.158779 0.379736 0.162364
v -0.186248 0.357442 0.132084
v -0.208277 0.456745 0.220545
v -0.143786 0.289995 0.132357
v -0.111004 0.314749 0.168211
v -0.108356 0.235602 0.141132
v -0.078498 0.260482 0.180771
v -0.070406 0.274999 0.227463
v -0.100487 0.329632 0.215305
v -0.106901 0.333893 0.264680
v -0.159817 0.401969 0.243767
v -0.188319 0.396358 0.278363
v -0.184662 0.300249 0.326699
v -0.231279 0.451802 0.246889
v -0.232214 0.271849 0.317051
v -0.268845 0.355539 0.285903
v -0.229093 0.379038 0.293775
v -0.294194 0.420143 0.253541
v -0.262915 0.438428 0.259204
v -0.310849 0.466739 0.224362
v -0.262992 0.491294 0.220420
v -0.287426 0.480758 0.229230
v -0.326454 0.513038 0.193912
v -0.295704 0.529223 0.191437
v -0.311381 0.522183 0.196876
v -0.333796 0.545855 0.172578
v -0.314517 0.554557 0.169714
v -0.323851 0.550898 0.173573
v -0.337773 0.577731 0.147221
v -0.333929 0.579347 0.147002
v -0.335892 0.578672 0.147621
v -0.338391 0.535102 -0.153003
v -0.335884 0.575683 -0.149557
v -0.336352 0.576028 -0.151488
v -0.332603 0.577577 -0.151083
v -0.341065 0.536626 -0.163868
v -0.335855 0.495421 -0.158607
v -0.335843 0.576769 -0.153298
v -0.338872 0.497763 -0.175798
v -0.327287 0.439568 -0.165181
v -0.337776 0.540608 -0.173742
v -0.332092 0.443258 -0.192019
v -0.315961 0.384234 -0.173085
v -0.333566 0.504195 -0.191010
v -0.323652 0.453206 -0.215622
v -0.323194 0.388958 -0.208060
v -0.300008 0.310097 -0.181062
v -0.312400 0.402156 -0.239496
v -0.308883 0.315826 -0.225855
v -0.277622 0.227555 -0.188954
v -0.293509 0.332624 -0.265889
v -0.286802 0.229416 -0.242843
v -0.251925 0.170221 -0.196241
v -0.264788 0.246005 -0.291467
v -0.261265 0.172208 -0.254498
v -0.221667 0.132738 -0.206912
v -0.235338 0.191029 -0.305499
v -0.229874 0.135156 -0.261969
v -0.170483 0.107620 -0.227261
v -0.206100 0.154153 -0.309610
v -0.176428 0.110737 -0.266929
v -0.129499 0.102620 -0.262132
v -0.125925 0.101728 -0.241355
v -0.162014 0.125413 -0.300890
v -0.084833 0.114363 -0.258461
v -0.122902 0.109878 -0.280755
v -0.166722 0.177482 -0.334599
v -0.134394 0.140542 -0.317760
v -0.192992 0.217170 -0.334653
v -0.108295 0.120564 -0.292658
v -0.225255 0.271849 -0.322033
v -0.262556 0.355540 -0.291689
v -0.177504 0.300250 -0.330643
v -0.288603 0.420143 -0.259888
v -0.222643 0.379038 -0.298694
v -0.305890 0.466739 -0.231077
v -0.257208 0.438428 -0.264867
v -0.322154 0.513038 -0.200975
v -0.282366 0.480758 -0.235434
v -0.329959 0.545855 -0.179805
v -0.307021 0.522183 -0.203611
v -0.334487 0.577731 -0.154541
v -0.319995 0.550898 -0.180584
v -0.291465 0.529223 -0.197830
v -0.332598 0.578672 -0.154900
v -0.310747 0.554557 -0.176522
v -0.330649 0.579347 -0.154239
v -0.329170 0.579557 -0.152688
v -0.304209 0.555936 -0.168745
v -0.258130 0.491294 -0.226095
v -0.279675 0.532130 -0.184613
v -0.225848 0.451802 -0.251867
v -0.240589 0.495127 -0.205286
v -0.182214 0.396359 -0.282398
v -0.203425 0.456745 -0.225028
v -0.234171 0.491726 -0.179335
v -0.129711 0.324152 -0.311988
v -0.195144 0.452372 -0.191697
v -0.154471 0.401969 -0.247190
v -0.145348 0.395683 -0.205390
v -0.203542 0.439530 -0.160067
v -0.095775 0.329632 -0.217443
v -0.240720 0.481857 -0.154758
v -0.155206 0.379736 -0.165783
v -0.226658 0.421583 -0.138268
v -0.101113 0.333893 -0.266945
v -0.107315 0.314749 -0.170589
v -0.065437 0.274999 -0.228942
v -0.070337 0.278766 -0.276990
v -0.183328 0.357442 -0.136109
v -0.074544 0.260482 -0.182438
v -0.140869 0.289995 -0.135457
v -0.225608 0.334031 -0.129240
v -0.050842 0.233091 -0.236440
v -0.105258 0.235602 -0.143458
v -0.059347 0.218747 -0.194598
v -0.056925 0.235748 -0.279667
v -0.086698 0.194758 -0.160286
v -0.098029 0.268389 -0.320282
v -0.046260 0.183084 -0.244536
v -0.144144 0.245079 -0.340893
v -0.081230 0.225438 -0.318220
v -0.121724 0.203717 -0.338700
v -0.052241 0.184772 -0.277747
v -0.071542 0.176297 -0.305657
v -0.101360 0.159708 -0.320380
v -0.073248 0.141772 -0.286411
v -0.089928 0.132108 -0.294733
v -0.061444 0.146523 -0.270804
v -0.057129 0.145232 -0.251598
v -0.061307 0.138069 -0.233176
v -0.053574 0.171379 -0.212674
v -0.073658 0.126669 -0.220071
v -0.074981 0.152264 -0.188786
v -0.092083 0.114197 -0.216402
v -0.111794 0.104866 -0.224300
v -0.125925 0.101728 -0.241355
v -0.108275 0.132371 -0.181785
v -0.144794 0.117033 -0.196724
v -0.170483 0.107620 -0.227261
v -0.133708 0.169274 -0.150120
v -0.184059 0.146320 -0.166932
v -0.221667 0.132738 -0.206912
v -0.157908 0.207450 -0.134417
v -0.211728 0.183920 -0.153672
v -0.251925 0.170221 -0.196241
v -0.191255 0.262241 -0.128687
v -0.240816 0.239960 -0.148816
v -0.277622 0.227555 -0.188954
v -0.268223 0.316925 -0.146521
v -0.300008 0.310097 -0.181062
v -0.315961 0.384234 -0.173085
v -0.292167 0.389428 -0.144992
v -0.327287 0.439568 -0.165181
v -0.259009 0.403189 -0.132340
v -0.308923 0.443565 -0.143793
v -0.335855 0.495421 -0.158607
v -0.258816 0.468056 -0.138209
v -0.283660 0.454042 -0.134423
v -0.324369 0.498019 -0.144629
v -0.338391 0.535102 -0.153003
v -0.279522 0.523476 -0.150966
v -0.330583 0.536557 -0.144778
v -0.335884 0.575683 -0.149557
v -0.308116 0.504896 -0.138094
v -0.291742 0.514201 -0.140274
v -0.320499 0.540508 -0.141308
v -0.334536 0.575831 -0.147982
v -0.332621 0.576455 -0.147194
v -0.310781 0.545847 -0.142969
v -0.330633 0.577406 -0.147449
v -0.329144 0.578427 -0.148717
v -0.328604 0.579222 -0.150654
v -0.303752 0.551146 -0.149427
v -0.301482 0.554821 -0.159011
v -0.275123 0.530069 -0.167387
v -0.392475 -0.745625 -0.004274
v -0.455411 -0.693487 0.182676
v -0.487409 -0.689415 -0.005306
v -0.553935 -0.620282 -0.006030
v -0.360200 -0.745864 0.145403
v -0.281923 -0.781123 -0.003070
v -0.520875 -0.625648 0.210271
v -0.589620 -0.536032 -0.006418
v -0.261216 -0.779980 0.106113
v 0.001478 -0.799522 0.000014
v -0.353496 -0.694915 0.336048
v -0.280294 -0.746888 0.266908
v -0.200432 -0.778037 0.192929
v -0.191188 -0.691873 0.435171
v -0.152008 -0.742846 0.347830
v -0.109492 -0.774443 0.251537
v -0.001936 -0.691223 0.470950
v -0.001841 -0.740655 0.377649
v -0.001353 -0.772055 0.273656
v 0.083287 -0.772419 0.262237
v 0.119336 -0.742926 0.362074
v 0.165330 -0.771228 0.225298
v 0.152995 -0.695881 0.453067
v 0.231063 -0.736640 0.311215
v 0.216384 -0.769380 0.171998
v -0.002253 -0.632289 0.541938
v 0.292119 -0.688290 0.390162
v -0.220576 -0.631198 0.503587
v 0.177824 -0.637504 0.520328
v -0.003050 -0.549782 0.606413
v -0.406313 -0.630021 0.389057
v -0.243002 -0.548898 0.565599
v -0.555247 -0.541551 0.228727
v -0.605296 -0.437981 -0.006589
v -0.438606 -0.544438 0.435383
v -0.573744 -0.443831 0.240144
v -0.557655 -0.334977 0.238593
v -0.596897 -0.338824 -0.006497
v -0.447882 -0.448794 0.447200
v -0.531032 -0.218037 0.229480
v -0.567743 -0.215010 -0.006180
v -0.433227 -0.332444 0.444092
v -0.252354 -0.450068 0.589236
v -0.404401 -0.224662 0.419600
v -0.247556 -0.337097 0.591834
v -0.001623 -0.453297 0.638329
v -0.235377 -0.230195 0.557283
v 0.195262 -0.550670 0.579284
v -0.000808 -0.343268 0.640274
v 0.206824 -0.448118 0.604090
v 0.330222 -0.627998 0.444119
v 0.362002 -0.544469 0.492576
v 0.203640 -0.345314 0.609892
v 0.379518 -0.436092 0.511752
v 0.502732 -0.426429 0.387292
v 0.379005 -0.334693 0.515730
v 0.194176 -0.237198 0.581365
v 0.359793 -0.239227 0.491747
v 0.503875 -0.323700 0.388670
v 0.474815 -0.530799 0.370713
v 0.584415 -0.413139 0.251250
v 0.481714 -0.234310 0.367387
v 0.440854 -0.614550 0.344554
v 0.581042 -0.312553 0.247178
v 0.330053 -0.151588 0.454010
v 0.558337 -0.520924 0.244700
v 0.000426 -0.233782 0.607562
v 0.178297 -0.148189 0.529264
v -0.211301 -0.145028 0.519527
v 0.000902 -0.147886 0.563404
v -0.377265 -0.152156 0.395061
v -0.183618 -0.068779 0.445504
v -0.489470 -0.149746 0.216007
v -0.522451 -0.146460 -0.005687
v -0.331279 -0.073870 0.333542
v -0.426875 -0.078067 0.181863
v -0.460662 -0.077863 -0.005015
v -0.357051 -0.021442 0.137913
v -0.390014 -0.019688 -0.004246
v -0.277501 -0.010995 0.255843
v -0.254849 0.047105 0.088337
v -0.273418 0.045767 -0.002977
v -0.204432 0.055914 0.162870
v -0.160507 -0.003323 0.338989
v -0.135306 0.062584 0.217120
v -0.160130 0.107434 0.092139
v -0.194072 0.097765 0.050646
v -0.209077 0.091389 -0.002277
v -0.121893 0.112953 0.119825
v -0.170466 0.123998 0.037248
v -0.180922 0.120890 -0.001970
v -0.147487 0.130218 0.061932
v -0.147744 0.150903 0.023964
v -0.152836 0.150871 -0.001664
v -0.136620 0.154627 0.034231
v -0.124409 0.181843 0.010170
v -0.126724 0.181778 -0.001380
v -0.120235 0.225828 -0.001309
v -0.117898 0.226428 0.002039
v -0.114787 0.227817 -0.001250
v -0.118287 0.183858 0.016322
v -0.108532 0.185571 0.022266
v -0.114885 0.227072 0.003060
v -0.111956 0.227703 0.004188
v -0.109314 0.228241 -0.001190
v -0.095929 0.187653 0.024514
v -0.115182 0.158044 0.047372
v -0.090430 0.161651 0.051289
v -0.117900 0.133898 0.081417
v -0.083684 0.189643 0.021787
v -0.080951 0.138892 0.090810
v -0.066477 0.165105 0.046172
v -0.074100 0.191549 0.017336
v -0.069034 0.118825 0.134664
v -0.067626 0.192482 0.007106
v -0.063925 0.192848 -0.000696
v -0.045098 0.169050 0.031709
v -0.033577 0.170447 0.016976
v -0.025406 0.171133 -0.000277
v -0.037555 0.141674 0.081981
v 0.017850 0.147292 0.027873
v 0.025359 0.147656 0.000275
v -0.004470 0.144610 0.058695
v -0.008348 0.123020 0.123086
v -0.043287 0.080615 0.224590
v 0.028772 0.125124 0.098372
v -0.017243 0.037616 0.336701
v 0.043821 0.092888 0.213264
v -0.009312 0.008092 0.397270
v 0.096883 0.048536 0.303168
v 0.101500 0.095014 0.176619
v -0.001894 -0.060916 0.483057
v 0.128169 0.012615 0.374167
v 0.154036 -0.059005 0.454310
v 0.173974 0.049063 0.256723
v 0.227918 0.008157 0.321235
v 0.284050 -0.065385 0.398072
v 0.226008 0.049970 0.203391
v 0.306979 0.002396 0.255426
v 0.377093 -0.073678 0.300891
v 0.143897 0.095847 0.138634
v 0.271951 0.047876 0.145839
v 0.059881 0.125159 0.067163
v 0.164365 0.095002 0.106340
v 0.073670 0.128005 0.037030
v 0.081768 0.127977 0.000889
v 0.186777 0.096962 0.052741
v 0.197063 0.096617 0.002145
v 0.301097 0.050437 0.067836
v 0.315308 0.050819 0.003432
v 0.361021 0.003937 0.177411
v 0.390967 0.005790 0.080468
v 0.401453 0.004606 0.004369
v 0.444412 -0.073790 0.206428
v 0.484902 -0.074962 0.087167
v 0.497433 -0.075821 0.005414
v 0.560660 -0.150536 0.006103
v 0.549964 -0.151579 0.090930
v 0.588550 -0.220715 0.006406
v 0.504370 -0.155707 0.222530
v 0.583178 -0.224403 0.093837
v 0.438164 -0.155421 0.338797
v 0.543910 -0.227725 0.235878
v 0.594126 -0.254984 0.039332
v 0.598529 -0.264568 0.006516
v 0.603544 -0.276567 0.036072
v 0.608078 -0.285354 0.006620
v 0.596394 -0.262976 0.068872
v 0.598211 -0.298508 0.030731
v 0.600635 -0.302803 0.006539
v 0.565771 -0.321024 0.006158
v 0.592658 -0.287922 0.051270
v 0.565502 -0.315426 0.031597
v 0.554918 -0.341254 0.036796
v 0.562651 -0.344378 0.006124
v 0.573906 -0.292774 0.068390
v 0.577721 -0.354741 0.041760
v 0.578275 -0.360111 0.006295
v 0.554440 -0.322971 0.084984
v 0.604221 -0.369008 0.044625
v 0.608664 -0.371420 0.006626
v 0.623879 -0.385239 0.006791
v 0.577510 -0.340533 0.090945
v 0.617401 -0.376792 0.070033
v 0.622220 -0.411434 0.006773
v 0.599406 -0.356296 0.079879
v 0.615033 -0.403576 0.099844
v 0.614229 -0.447870 0.006686
v 0.609567 -0.350518 0.115352
v 0.595737 -0.339292 0.102462
v 0.607741 -0.444121 0.104862
v 0.602497 -0.515786 0.006558
v 0.592130 -0.321164 0.115748
v 0.563785 -0.304521 0.107161
v 0.605622 -0.329094 0.130763
v 0.605434 -0.368748 0.145668
v 0.601901 -0.302664 0.134923
v 0.597049 -0.306204 0.165270
v 0.586721 -0.265423 0.149806
v 0.589584 -0.304017 0.119087
v 0.595453 -0.278528 0.126379
v 0.592172 -0.258476 0.100214
v 0.586292 -0.287630 0.113018
v 0.584136 -0.270997 0.093253
v 0.586944 -0.275818 0.070299
v 0.599162 -0.516102 0.112311
v 0.512115 -0.600779 0.226542
v 0.550056 -0.592026 0.106453
v 0.561820 -0.589836 0.006115
v 0.453524 -0.666595 0.203248
v 0.488479 -0.660814 0.096992
v 0.495566 -0.660758 0.005394
v 0.388890 -0.728009 0.076985
v 0.395224 -0.730967 0.004301
v 0.283661 -0.765058 0.003088
v 0.392598 -0.677795 0.308286
v 0.276301 -0.764357 0.057912
v 0.309160 -0.735466 0.246949
v 0.361221 -0.730895 0.159673
v 0.255700 -0.766138 0.114160
v -0.553935 -0.620282 -0.006030
v -0.451327 -0.693487 -0.192546
v -0.487409 -0.689415 -0.005306
v -0.392475 -0.745625 -0.004274
v -0.516174 -0.625648 -0.221560
v -0.589620 -0.536032 -0.006418
v -0.356949 -0.745864 -0.153211
v -0.281923 -0.781123 -0.003070
v -0.550137 -0.541551 -0.240759
v -0.605296 -0.437981 -0.006589
v -0.346097 -0.694915 -0.343665
v -0.397748 -0.630021 -0.397810
v -0.258844 -0.779980 -0.111777
v 0.001478 -0.799522 0.000014
v -0.274416 -0.746887 -0.272948
v -0.196184 -0.778036 -0.197249
v -0.181670 -0.691872 -0.439230
v -0.144400 -0.742845 -0.351058
v -0.103990 -0.774442 -0.253863
v -0.209561 -0.631198 -0.508270
v 0.008316 -0.691223 -0.470880
v 0.006382 -0.740654 -0.377601
v 0.004605 -0.772054 -0.273623
v 0.088976 -0.772418 -0.260365
v 0.127190 -0.742925 -0.359390
v 0.170195 -0.771227 -0.221648
v 0.009544 -0.632289 -0.541859
v 0.162821 -0.695881 -0.449629
v 0.237784 -0.736639 -0.306113
v 0.220077 -0.769379 -0.167248
v 0.300544 -0.688289 -0.383711
v 0.258125 -0.766138 -0.108568
v 0.314463 -0.735466 -0.240160
v 0.277496 -0.764356 -0.051885
v 0.283661 -0.765058 0.003088
v 0.364611 -0.730894 -0.151773
v 0.390473 -0.728008 -0.068502
v 0.395224 -0.730967 0.004301
v 0.495566 -0.660758 0.005394
v 0.457841 -0.666595 -0.193328
v 0.490475 -0.660814 -0.086337
v 0.561820 -0.589836 0.006115
v 0.552242 -0.592026 -0.094455
v 0.602497 -0.515786 0.006558
v 0.399215 -0.677795 -0.299667
v 0.516924 -0.600779 -0.215342
v 0.601464 -0.516102 -0.099243
v 0.448249 -0.614549 -0.334877
v 0.609880 -0.444121 -0.091608
v 0.614229 -0.447870 0.006686
v 0.563532 -0.520924 -0.232488
v 0.617061 -0.403576 -0.086432
v 0.622220 -0.411434 0.006773
v 0.482771 -0.530799 -0.360290
v 0.618780 -0.376792 -0.056576
v 0.623879 -0.385239 0.006791
v 0.589745 -0.413139 -0.238470
v 0.608461 -0.368748 -0.132453
v 0.611934 -0.350518 -0.102053
v 0.605048 -0.369008 -0.031461
v 0.608664 -0.371420 0.006626
v 0.578275 -0.360111 0.006295
v 0.601003 -0.356296 -0.066810
v 0.578493 -0.354741 -0.029172
v 0.562651 -0.344378 0.006124
v 0.597827 -0.339292 -0.089468
v 0.555588 -0.341254 -0.024708
v 0.565771 -0.321024 0.006158
v 0.579352 -0.340534 -0.078351
v 0.556159 -0.322971 -0.072892
v 0.566055 -0.315426 -0.019279
v 0.594510 -0.321164 -0.102829
v 0.565984 -0.304521 -0.094860
v 0.575260 -0.292774 -0.055879
v 0.608326 -0.329095 -0.117547
v 0.592037 -0.304017 -0.106222
v 0.604696 -0.302664 -0.121787
v 0.600505 -0.306204 -0.152233
v 0.586285 -0.312553 -0.234471
v 0.589843 -0.265423 -0.136997
v 0.598064 -0.278528 -0.113385
v 0.588614 -0.287630 -0.100226
v 0.594214 -0.258476 -0.087299
v 0.586028 -0.270997 -0.080513
v 0.548915 -0.227725 -0.223984
v 0.588336 -0.275818 -0.057503
v 0.593634 -0.287922 -0.038355
v 0.597753 -0.262976 -0.055870
v 0.598738 -0.298508 -0.017700
v 0.600635 -0.302803 0.006539
v 0.608078 -0.285354 0.006620
v 0.604186 -0.276567 -0.022923
v 0.598529 -0.264568 0.006516
v 0.594841 -0.254984 -0.026389
v 0.588550 -0.220715 0.006406
v 0.585083 -0.224403 -0.081120
v 0.551812 -0.151579 -0.078939
v 0.560660 -0.150536 0.006103
v 0.509095 -0.155707 -0.211499
v 0.486685 -0.074962 -0.076592
v 0.497433 -0.075821 0.005414
v 0.401453 0.004606 0.004369
v 0.448799 -0.073790 -0.196706
v 0.392627 0.005790 -0.071938
v 0.315308 0.050819 0.003432
v 0.383554 -0.073679 -0.292611
v 0.302502 0.050436 -0.061266
v 0.197063 0.096617 0.002145
v 0.364797 0.003936 -0.169510
v 0.187881 0.096961 -0.048663
v 0.081768 0.127977 0.000889
v 0.275061 0.047876 -0.139884
v 0.074459 0.128005 -0.035418
v 0.025359 0.147656 0.000275
v 0.166641 0.095001 -0.102738
v 0.312467 0.002396 -0.248684
v 0.230382 0.049969 -0.198423
v 0.018452 0.147292 -0.027479
v -0.025406 0.171133 -0.000277
v 0.061329 0.125159 -0.065844
v -0.033199 0.170447 -0.017704
v -0.063925 0.192848 -0.000696
v -0.003191 0.144610 -0.058779
v -0.067456 0.192482 -0.008578
v -0.109314 0.228241 -0.001190
v -0.044397 0.169050 -0.032684
v -0.073705 0.191549 -0.018947
v -0.111838 0.227703 -0.006625
v -0.114787 0.227817 -0.001250
v -0.065456 0.165104 -0.047609
v -0.083190 0.189642 -0.023604
v -0.114791 0.227072 -0.005562
v -0.095372 0.187652 -0.026597
v -0.117826 0.226428 -0.004607
v -0.120235 0.225828 -0.001309
v -0.108021 0.185571 -0.024624
v -0.089292 0.161651 -0.053247
v -0.117903 0.183858 -0.018894
v -0.124158 0.181843 -0.012878
v -0.126724 0.181778 -0.001380
v -0.152836 0.150871 -0.001664
v -0.135842 0.154627 -0.037198
v -0.147187 0.150903 -0.027175
v -0.180922 0.120890 -0.001970
v -0.169614 0.123998 -0.040952
v -0.209077 0.091389 -0.002277
v -0.114123 0.158044 -0.049870
v -0.146104 0.130218 -0.065130
v -0.192923 0.097765 -0.054860
v -0.273418 0.045767 -0.002977
v -0.116100 0.133898 -0.083965
v -0.158085 0.107433 -0.095604
v -0.252865 0.047105 -0.093866
v -0.390014 -0.019688 -0.004246
v -0.078954 0.138891 -0.092552
v -0.353964 -0.021443 -0.145654
v -0.460662 -0.077863 -0.005015
v -0.200838 0.055913 -0.167284
v -0.119255 0.112953 -0.122452
v -0.422816 -0.078067 -0.191112
v -0.522451 -0.146460 -0.005687
v -0.271865 -0.010996 -0.261824
v -0.130547 0.062583 -0.220014
v -0.484652 -0.149746 -0.226610
v -0.567743 -0.215010 -0.006180
v -0.323940 -0.073870 -0.340675
v -0.525911 -0.218037 -0.240984
v -0.596897 -0.338824 -0.006497
v -0.368576 -0.152156 -0.403180
v -0.153090 -0.003323 -0.342403
v -0.552329 -0.334977 -0.250676
v -0.395171 -0.224662 -0.428303
v -0.568380 -0.443831 -0.252576
v -0.423458 -0.332444 -0.453418
v -0.429026 -0.544439 -0.444828
v -0.438042 -0.448794 -0.456843
v -0.239468 -0.450068 -0.594590
v -0.230633 -0.548898 -0.570754
v -0.234615 -0.337097 -0.597083
v 0.012272 -0.453297 -0.638214
v 0.010151 -0.549782 -0.606335
v -0.223190 -0.230196 -0.562275
v 0.189109 -0.637504 -0.516334
v 0.207826 -0.550670 -0.574896
v 0.339811 -0.627998 -0.436826
v 0.372638 -0.544469 -0.484579
v 0.219925 -0.448118 -0.599444
v 0.511043 -0.426429 -0.376257
v 0.390567 -0.436093 -0.503370
v 0.216867 -0.345315 -0.605316
v 0.512216 -0.323700 -0.377610
v 0.390141 -0.334693 -0.507358
v 0.489598 -0.234310 -0.356814
v 0.370412 -0.239228 -0.483799
v 0.445435 -0.155421 -0.329180
v 0.339858 -0.151589 -0.446718
v 0.206785 -0.237198 -0.577001
v 0.013129 -0.343268 -0.640140
v 0.013650 -0.233783 -0.607408
v 0.189775 -0.148190 -0.525258
v 0.292648 -0.065386 -0.391795
v -0.199942 -0.145029 -0.524004
v 0.234857 0.008157 -0.316199
v 0.163889 -0.059005 -0.450849
v 0.013165 -0.147887 -0.563251
v -0.173876 -0.068780 -0.449396
v 0.008621 -0.060917 -0.482985
v 0.136284 0.012614 -0.371288
v -0.000662 0.008091 -0.397380
v 0.179521 0.049063 -0.252876
v 0.103460 0.048535 -0.300988
v -0.009909 0.037615 -0.336998
v 0.146882 0.095847 -0.135470
v 0.105322 0.095013 -0.174369
v 0.030907 0.125123 -0.097723
v 0.048453 0.092888 -0.212261
v -0.005666 0.123020 -0.123241
v -0.038387 0.080615 -0.225480
v -0.066086 0.118824 -0.136138
v -0.035761 0.141674 -0.082780
v 0.604153 -0.297337 0.186371
v 0.597798 -0.263774 0.173810
v 0.565294 -0.253121 0.281891
v 0.603998 -0.324016 0.208039
v 0.588329 -0.233468 0.172519
v 0.596604 -0.344658 0.234368
v 0.572687 -0.207126 0.180488
v 0.584378 -0.357283 0.267114
v 0.553846 -0.182804 0.196941
v 0.569288 -0.363581 0.298234
v 0.535064 -0.168025 0.219937
v 0.548820 -0.358412 0.331889
v 0.515620 -0.159030 0.248472
v 0.529675 -0.340872 0.356731
v 0.498623 -0.162235 0.281355
v 0.512892 -0.316337 0.372845
v 0.485901 -0.171797 0.314308
v 0.499368 -0.285694 0.379780
v 0.480933 -0.194714 0.345566
v 0.489662 -0.253704 0.377649
v 0.482752 -0.222469 0.366190
v 0.608068 -0.297337 -0.173173
v 0.571298 -0.253121 -0.269516
v 0.601441 -0.263774 -0.160752
v 0.608384 -0.324016 -0.194837
v 0.591947 -0.233468 -0.159668
v 0.601565 -0.344658 -0.221321
v 0.576481 -0.207126 -0.167975
v 0.590056 -0.357283 -0.254326
v 0.558003 -0.182803 -0.184834
v 0.575647 -0.363581 -0.285767
v 0.539726 -0.168025 -0.208234
v 0.555917 -0.358412 -0.319860
v 0.520908 -0.159030 -0.237186
v 0.537317 -0.340872 -0.345113
v 0.504631 -0.162235 -0.270431
v 0.520889 -0.316337 -0.361589
v 0.492629 -0.171797 -0.303653
v 0.507519 -0.285694 -0.368816
v 0.488344 -0.194714 -0.335012
v 0.497769 -0.253704 -0.366898
v 0.490611 -0.222469 -0.355591
vn 0.7193 0.4949 0.4876
vn 0.7291 0.3463 0.5903
vn 0.6894 0.4335 0.5803
vn 0.7319 0.4872 0.4764
vn 0.7747 0.1107 0.6225
vn 0.8268 0.4553 0.3302
vn 0.8477 0.4404 0.2958
vn 0.9089 0.3236 0.2632
vn 0.9262 0.3017 0.2262
vn 0.9022 0.3840 0.1963
vn 0.8826 0.4183 0.2144
vn 0.8548 0.2387 0.4607
vn 0.8866 0.2418 0.3943
vn 0.8506 0.1464 0.5051
vn 0.8662 0.1380 0.4803
vn 0.8490 0.1169 0.5153
vn 0.7297 0.4949 -0.4718
vn 0.7019 0.4335 -0.5652
vn 0.7418 0.3463 -0.5742
vn 0.7421 0.4872 -0.4604
vn 0.7881 0.1107 -0.6055
vn 0.8338 0.4553 -0.3121
vn 0.8539 0.4404 -0.2772
vn 0.9144 0.3236 -0.2433
vn 0.9309 0.3018 -0.2059
vn 0.9063 0.3840 -0.1766
vn 0.8871 0.4183 -0.1951
vn 0.8647 0.2388 -0.4420
vn 0.8949 0.2418 -0.3749
vn 0.8614 0.1464 -0.4864
vn 0.8764 0.1380 -0.4613
vn 0.8600 0.1169 -0.4967
vn -0.8670 -0.0528 -0.4955
vn -0.8375 0.5214 -0.1632
vn -0.7655 0.4601 -0.4498
vn -0.3865 0.8843 -0.2619
vn -0.9993 0.0372 0.0046
vn -0.8848 -0.1591 -0.4379
vn -0.7707 0.6275 0.1104
vn -0.9955 -0.0660 0.0681
vn -0.8730 -0.2129 -0.4388
vn -0.8682 0.2133 0.4480
vn -0.9902 -0.1156 0.0787
vn -0.8619 -0.2386 -0.4475
vn -0.8696 0.1053 0.4823
vn -0.8595 0.0722 0.5061
vn -0.9848 -0.1530 0.0816
vn -0.8513 -0.2554 -0.4583
vn -0.8472 0.0218 0.5309
vn -0.9740 -0.1959 0.1137
vn -0.8188 -0.3475 -0.4569
vn -0.8151 -0.0443 0.5777
vn -0.9420 -0.2998 0.1509
vn -0.7264 -0.5325 -0.4345
vn -0.7584 -0.1463 0.6351
vn -0.8514 -0.4852 0.1993
vn -0.5139 -0.7815 -0.3537
vn -0.6608 -0.2869 0.6935
vn -0.6282 -0.7410 0.2372
vn -0.2326 -0.9491 -0.2125
vn -0.4721 -0.5319 0.7030
vn -0.3398 -0.0865 0.9365
vn -0.3071 -0.9148 0.2622
vn 0.0247 -0.9779 0.2077
vn 0.0518 -0.9971 -0.0560
vn -0.2072 -0.7513 0.6266
vn 0.5232 -0.8304 0.1916
vn -0.1689 -0.3109 0.9353
vn 0.0828 -0.8890 0.4504
vn 0.0330 -0.5695 0.8214
vn 0.2495 -0.7615 0.5982
vn 0.2216 -0.0922 0.9708
vn 0.3569 -0.3689 0.8582
vn 0.4721 -0.6177 0.6290
vn 0.6827 -0.4991 0.5336
vn 0.6864 -0.2005 0.6990
vn 0.0763 0.1130 0.9907
vn 0.6281 0.0914 0.7728
vn 0.9175 -0.0959 0.3860
vn 0.8283 -0.4345 0.3539
vn 0.9059 0.1974 0.3747
vn 0.9961 -0.0863 0.0202
vn 0.8912 -0.4374 0.1200
vn 0.5332 0.3004 0.7908
vn 0.8455 -0.5205 -0.1193
vn 0.4126 0.4840 0.7717
vn 0.6908 -0.6622 -0.2904
vn 0.8435 0.4105 0.3464
vn 0.9225 -0.2024 -0.3286
vn 0.4395 -0.8278 -0.3488
vn 0.9788 0.1995 -0.0467
vn 0.1743 -0.9539 -0.2442
vn 0.0518 -0.9971 -0.0561
vn 0.6709 -0.4245 -0.6080
vn 0.2810 -0.6561 -0.7004
vn -0.0409 -0.8407 -0.5400
vn -0.2326 -0.9490 -0.2129
vn 0.1818 -0.4397 -0.8796
vn -0.1971 -0.6519 -0.7323
vn -0.5138 -0.7815 -0.3539
vn 0.6133 -0.1841 -0.7681
vn 0.0500 -0.2330 -0.9712
vn -0.3687 -0.4159 -0.8313
vn -0.7263 -0.5324 -0.4348
vn 0.9026 0.0734 -0.4241
vn -0.4700 -0.2589 -0.8438
vn -0.8187 -0.3475 -0.4572
vn -0.0684 -0.0901 -0.9936
vn -0.5038 -0.1953 -0.8415
vn -0.8511 -0.2554 -0.4586
vn -0.8617 -0.2386 -0.4478
vn -0.5166 -0.1872 -0.8355
vn -0.8728 -0.2129 -0.4391
vn -0.0875 -0.0245 -0.9959
vn -0.5174 -0.1602 -0.8406
vn -0.8847 -0.1591 -0.4381
vn -0.0763 -0.0080 -0.9971
vn -0.5483 -0.1256 -0.8268
vn -0.8668 -0.0528 -0.4958
vn -0.0913 0.0015 -0.9958
vn -0.5226 -0.0325 -0.8520
vn -0.7653 0.4601 -0.4501
vn -0.1251 0.0162 -0.9920
vn -0.5691 0.4648 -0.6782
vn -0.1078 0.0835 -0.9907
vn 0.2862 0.2350 -0.9289
vn -0.3027 0.5377 -0.7869
vn 0.2946 0.2748 -0.9153
vn -0.0310 0.6616 -0.7492
vn 0.3162 0.2290 -0.9206
vn 0.6041 0.4871 -0.6307
vn 0.1833 0.8085 -0.5592
vn 0.3419 0.2257 -0.9122
vn 0.6045 0.5104 -0.6116
vn 0.6980 0.7024 -0.1396
vn 0.6196 0.4803 -0.6209
vn 0.7051 0.6920 -0.1549
vn 0.7166 0.6782 -0.1629
vn 0.2577 0.9305 -0.2602
vn 0.1576 0.9858 0.0577
vn 0.5474 0.7748 0.3162
vn 0.5441 0.7718 0.3292
vn 0.7477 0.6468 -0.1502
vn 0.5780 0.7525 0.3156
vn 0.6438 0.4601 -0.6115
vn 0.7841 0.6029 -0.1474
vn 0.6714 0.4563 -0.5839
vn 0.3533 0.2352 -0.9055
vn 0.6117 0.7189 0.3303
vn 0.3938 0.1669 -0.9039
vn 0.7325 0.3909 -0.5573
vn 0.5171 0.0333 -0.8553
vn 0.8289 0.2775 -0.4856
vn 0.9142 0.3935 -0.0972
vn 0.8412 0.5225 -0.1391
vn 0.7562 0.5746 0.3130
vn 0.6690 0.6701 0.3216
vn 0.3280 0.5957 0.7332
vn -0.0612 0.2675 0.9616
vn 0.2805 0.6526 0.7039
vn -0.4566 0.0424 0.8887
vn -0.5157 0.1530 0.8430
vn -0.1111 0.3896 0.9143
vn -0.5516 0.2419 0.7982
vn -0.1485 0.4717 0.8692
vn -0.5795 0.2849 0.7635
vn 0.2417 0.6890 0.6832
vn -0.1943 0.5083 0.8390
vn -0.5927 0.3139 0.7418
vn 0.1919 0.7092 0.6784
vn -0.2161 0.5358 0.8162
vn -0.5529 0.4266 0.7157
vn 0.2312 0.7322 0.6406
vn -0.1533 0.6091 0.7781
vn -0.5917 0.7505 0.2943
vn -0.0683 0.9585 0.2768
vn -0.3434 0.8691 0.3560
vn -0.8776 -0.0528 0.4765
vn -0.7751 0.4601 0.4330
vn -0.8409 0.5214 0.1448
vn -0.3920 0.8844 0.2534
vn -0.9990 0.0372 -0.0263
vn -0.8942 -0.1591 0.4185
vn -0.7680 0.6276 -0.1272
vn -0.9938 -0.0660 -0.0898
vn -0.8824 -0.2129 0.4197
vn -0.8583 0.2133 -0.4668
vn -0.9882 -0.1156 -0.1003
vn -0.8714 -0.2386 0.4287
vn -0.8589 0.1053 -0.5012
vn -0.8482 0.0722 -0.5247
vn -0.9828 -0.1530 -0.1030
vn -0.8611 -0.2554 0.4397
vn -0.8354 0.0218 -0.5492
vn -0.9713 -0.1959 -0.1349
vn -0.8286 -0.3474 0.4390
vn -0.8023 -0.0443 -0.5953
vn -0.9385 -0.2998 -0.1714
vn -0.7357 -0.5325 0.4186
vn -0.7444 -0.1463 -0.6515
vn -0.8469 -0.4852 -0.2178
vn -0.5215 -0.7815 0.3424
vn -0.6456 -0.2869 -0.7077
vn -0.6229 -0.7410 -0.2508
vn -0.2372 -0.9490 0.2075
vn -0.4567 -0.5319 -0.7131
vn -0.3013 -0.9148 -0.2689
vn 0.0292 -0.9779 -0.2071
vn 0.0506 -0.9971 0.0571
vn -0.1935 -0.7513 -0.6309
vn 0.5273 -0.8304 -0.1802
vn 0.0926 -0.8890 -0.4485
vn -0.1485 -0.3110 -0.9388
vn 0.0508 -0.5695 -0.8204
vn -0.3194 -0.0865 -0.9437
vn 0.2625 -0.7615 -0.5926
vn -0.4372 0.0424 -0.8984
vn -0.4972 0.1530 -0.8540
vn -0.0403 0.2675 -0.9627
vn -0.5341 0.2419 -0.8101
vn -0.0912 0.3896 -0.9165
vn -0.5627 0.2849 -0.7760
vn -0.1295 0.4717 -0.8722
vn -0.5764 0.3139 -0.7545
vn -0.1760 0.5083 -0.8430
vn -0.5372 0.4266 -0.7276
vn -0.1983 0.5358 -0.8208
vn -0.5851 0.7505 -0.3072
vn -0.1364 0.6091 -0.7813
vn 0.2066 0.7092 -0.6740
vn -0.3354 0.8690 -0.3638
vn 0.2451 0.7322 -0.6354
vn -0.0622 0.9585 -0.2783
vn 0.1588 0.9858 -0.0543
vn 0.5542 0.7748 -0.3042
vn 0.2565 0.6890 -0.6778
vn 0.5511 0.7718 -0.3173
vn 0.2957 0.6526 -0.6976
vn 0.5847 0.7525 -0.3030
vn 0.3439 0.5957 -0.7258
vn 0.6187 0.7189 -0.3169
vn 0.7129 0.6782 0.1785
vn 0.4293 0.4840 -0.7625
vn 0.7443 0.6468 0.1664
vn 0.6758 0.6701 -0.3070
vn 0.7807 0.6029 0.1644
vn 0.6303 0.4601 0.6253
vn 0.8380 0.5225 0.1574
vn 0.6059 0.4803 0.6342
vn 0.6586 0.4563 0.5984
vn 0.3220 0.2256 0.9195
vn 0.7629 0.5746 -0.2965
vn 0.7202 0.3909 0.5731
vn 0.9118 0.3935 0.1171
vn 0.8508 0.4105 -0.3280
vn 0.3335 0.2352 0.9129
vn 0.8182 0.2775 0.5036
vn 0.3741 0.1669 0.9122
vn -0.1092 -0.0245 0.9937
vn 0.9775 0.1995 0.0680
vn 0.4984 0.0333 0.8663
vn 0.8932 0.0734 0.4437
vn 0.9138 0.1974 -0.3549
vn 0.5964 -0.1841 0.7813
vn 0.5503 0.3004 -0.7790
vn 0.9963 -0.0863 0.0014
vn 0.0979 0.1130 -0.9888
vn 0.6448 0.0914 -0.7589
vn 0.2427 -0.0922 -0.9657
vn 0.9257 -0.0959 -0.3659
vn 0.7015 -0.2005 -0.6839
vn 0.3755 -0.3689 -0.8503
vn 0.6942 -0.4991 -0.5186
vn 0.4857 -0.6177 -0.6186
vn 0.8358 -0.4345 -0.3358
vn 0.8936 -0.4374 -0.1006
vn 0.8427 -0.5205 0.1377
vn 0.9152 -0.2024 0.3486
vn 0.6843 -0.6622 0.3054
vn 0.6575 -0.4245 0.6225
vn 0.4318 -0.8278 0.3583
vn 0.1689 -0.9539 0.2480
vn 0.0506 -0.9971 0.0572
vn 0.2657 -0.6561 0.7064
vn -0.0527 -0.8407 0.5390
vn -0.2371 -0.9490 0.2078
vn 0.1626 -0.4397 0.8833
vn -0.2130 -0.6519 0.7278
vn -0.5213 -0.7816 0.3426
vn 0.0288 -0.2330 0.9720
vn -0.3867 -0.4159 0.8231
vn -0.7356 -0.5325 0.4188
vn -0.0900 -0.0901 0.9919
vn -0.4883 -0.2589 0.8334
vn -0.8284 -0.3475 0.4392
vn -0.5220 -0.1953 0.8303
vn -0.8609 -0.2554 0.4399
vn -0.8713 -0.2386 0.4289
vn -0.5346 -0.1872 0.8241
vn -0.8822 -0.2129 0.4201
vn -0.0979 -0.0080 0.9952
vn -0.5356 -0.1602 0.8291
vn -0.8941 -0.1591 0.4187
vn 0.2961 0.2290 0.9273
vn -0.1130 0.0015 0.9936
vn -0.5661 -0.1256 0.8147
vn -0.8773 -0.0529 0.4770
vn 0.5903 0.4871 0.6437
vn -0.5410 -0.0325 0.8404
vn -0.7750 0.4601 0.4332
vn -0.1467 0.0162 0.9891
vn 0.2659 0.2350 0.9349
vn -0.1294 0.0835 0.9881
vn -0.5837 0.4649 0.6657
vn -0.3201 0.5377 0.7800
vn 0.2746 0.2748 0.9215
vn -0.0470 0.6618 0.7482
vn 0.1710 0.8085 0.5631
vn 0.2521 0.9304 0.2660
vn 0.5911 0.5104 0.6246
vn 0.6948 0.7024 0.1547
vn 0.7016 0.6920 0.1702
vn -0.4121 -0.9111 -0.0045
vn -0.5593 -0.8021 0.2095
vn -0.6308 -0.7759 -0.0069
vn -0.8392 -0.5438 -0.0091
vn -0.3613 -0.9206 0.1484
vn -0.2003 -0.9797 -0.0022
vn -0.7731 -0.5705 0.2773
vn -0.9620 -0.2728 -0.0104
vn -0.1803 -0.9800 0.0848
vn 0.0243 -0.9997 0.0003
vn -0.4011 -0.8204 0.4075
vn -0.2598 -0.9235 0.2822
vn -0.1127 -0.9815 0.1547
vn -0.1936 -0.8268 0.5281
vn -0.1272 -0.9202 0.3702
vn -0.0515 -0.9791 0.1966
vn -0.0291 -0.8265 0.5623
vn -0.0139 -0.9215 0.3882
vn 0.0012 -0.9787 0.2054
vn 0.0539 -0.9810 0.1861
vn 0.1074 -0.9303 0.3507
vn 0.1414 -0.9774 0.1571
vn 0.1530 -0.8389 0.5223
vn 0.2232 -0.9280 0.2983
vn 0.1748 -0.9791 0.1043
vn -0.0319 -0.6908 0.7223
vn 0.3442 -0.8214 0.4547
vn -0.2565 -0.6952 0.6714
vn 0.2229 -0.6773 0.7011
vn -0.0220 -0.4622 0.8865
vn -0.5595 -0.6442 0.5215
vn -0.3356 -0.4363 0.8349
vn -0.8977 -0.3167 0.3063
vn -0.9994 -0.0316 -0.0106
vn -0.6865 -0.3551 0.6346
vn -0.9455 -0.0308 0.3240
vn -0.9205 0.1908 0.3410
vn -0.9877 0.1560 -0.0107
vn -0.7372 -0.0219 0.6754
vn -0.8620 0.3795 0.3361
vn -0.9208 0.3898 -0.0100
vn -0.7244 0.2147 0.6551
vn -0.4019 -0.1127 0.9087
vn -0.6832 0.3805 0.6232
vn -0.4071 0.1598 0.8993
vn -0.0177 -0.1599 0.9870
vn -0.3928 0.3857 0.8348
vn 0.2840 -0.4227 0.8606
vn -0.0253 0.1344 0.9906
vn 0.3242 -0.1478 0.9344
vn 0.4756 -0.6413 0.6021
vn 0.5665 -0.4093 0.7152
vn 0.3136 0.1141 0.9427
vn 0.6007 -0.1299 0.7889
vn 0.7914 -0.1532 0.5918
vn 0.5867 0.1388 0.7978
vn 0.2882 0.3910 0.8741
vn 0.5464 0.3894 0.7415
vn 0.7832 0.1571 0.6016
vn 0.7419 -0.3786 0.5534
vn 0.9283 -0.1056 0.3565
vn 0.7274 0.4374 0.5287
vn 0.6562 -0.5800 0.4827
vn 0.9144 0.2242 0.3372
vn 0.4990 0.5702 0.6526
vn 0.8569 -0.3652 0.3638
vn -0.0214 0.3751 0.9268
vn 0.2557 0.5838 0.7706
vn -0.3320 0.5895 0.7364
vn -0.0072 0.5673 0.8235
vn -0.6000 0.5748 0.5564
vn -0.2932 0.7655 0.5727
vn -0.7357 0.6151 0.2834
vn -0.7908 0.6120 -0.0086
vn -0.4912 0.7585 0.4284
vn -0.6180 0.7537 0.2237
vn -0.6883 0.7254 -0.0075
vn -0.5260 0.8300 0.1856
vn -0.5790 0.8153 -0.0063
vn -0.4241 0.8410 0.3360
vn -0.5190 0.8370 0.1735
vn -0.5352 0.8447 -0.0058
vn -0.4316 0.8488 0.3054
vn -0.2934 0.8536 0.4304
vn -0.2833 0.8694 0.4047
vn -0.4756 0.8107 0.3413
vn -0.6048 0.7727 0.1928
vn -0.6377 0.7703 -0.0069
vn -0.3095 0.8558 0.4146
vn -0.6613 0.7051 0.2558
vn -0.7257 0.6880 -0.0079
vn -0.5065 0.7548 0.4168
vn -0.6787 0.6792 0.2792
vn -0.7456 0.6663 -0.0079
vn -0.5400 0.6969 0.4720
vn -0.8011 0.4718 0.3682
vn -0.9045 0.4264 -0.0097
vn -0.8261 0.5634 -0.0090
vn -0.5511 0.6535 0.5190
vn -0.2193 0.9757 -0.0024
vn -0.6068 0.4709 0.6403
vn -0.3647 0.5269 0.7677
vn -0.3576 0.7295 0.5830
vn -0.0103 0.7919 0.6106
vn 0.3697 0.9291 0.0042
vn -0.0732 0.5915 0.8030
vn -0.3362 0.7375 0.5857
vn -0.1087 0.7850 0.6099
vn -0.3230 0.8180 0.4760
vn 0.1446 0.6434 0.7518
vn -0.1059 0.8728 0.4764
vn 0.1105 0.8162 0.5671
vn 0.3717 0.7459 0.5526
vn -0.1022 0.9012 0.4212
vn 0.5113 0.7895 0.3397
vn 0.5401 0.8416 0.0061
vn 0.2993 0.8457 0.4418
vn 0.3917 0.8702 0.2990
vn 0.4272 0.9042 0.0049
vn 0.1045 0.9023 0.4182
vn 0.3245 0.9244 0.2004
vn 0.3622 0.9321 0.0040
vn 0.2413 0.9134 0.3278
vn 0.0627 0.9391 0.3379
vn -0.1422 0.9065 0.3976
vn 0.1789 0.9505 0.2540
vn -0.1098 0.8982 0.4256
vn 0.0542 0.9374 0.3441
vn -0.0729 0.8414 0.5355
vn 0.1262 0.9110 0.3927
vn 0.1868 0.9424 0.2775
vn -0.0291 0.7232 0.6900
vn 0.1835 0.8375 0.5147
vn 0.2214 0.7173 0.6606
vn 0.2536 0.9089 0.3310
vn 0.3257 0.8426 0.4289
vn 0.4273 0.7115 0.5578
vn 0.3219 0.9072 0.2708
vn 0.4362 0.8251 0.3591
vn 0.5771 0.6883 0.4396
vn 0.2578 0.9430 0.2106
vn 0.3555 0.9114 0.2074
vn 0.2286 0.9509 0.2086
vn 0.2920 0.9419 0.1660
vn 0.2697 0.9539 0.1315
vn 0.2899 0.9571 0.0032
vn 0.3081 0.9452 0.1077
vn 0.3214 0.9469 0.0035
vn 0.3888 0.9127 0.1259
vn 0.4113 0.9115 0.0045
vn 0.4983 0.8261 0.2630
vn 0.5473 0.8270 0.1288
vn 0.5689 0.8224 0.0062
vn 0.6568 0.6726 0.3409
vn 0.6962 0.6994 0.1619
vn 0.7095 0.7047 0.0077
vn 0.8594 0.5113 0.0094
vn 0.8313 0.5208 0.1939
vn 0.9505 0.3104 0.0103
vn 0.7595 0.5482 0.3501
vn 0.9182 0.3662 0.1513
vn 0.6528 0.5995 0.4631
vn 0.8265 0.4585 0.3267
vn 0.9506 0.3073 0.0428
vn 0.9418 0.3360 0.0103
vn 0.9813 0.0338 0.1894
vn 0.9995 -0.0309 0.0109
vn 0.9787 -0.0731 0.1917
vn 0.7103 -0.6204 0.3327
vn 0.7247 -0.6890 0.0081
vn 0.8132 -0.5819 0.0090
vn 0.7023 -0.5606 0.4387
vn 0.7574 -0.6201 0.2044
vn 0.9288 0.3705 0.0060
vn 0.9058 0.4237 0.0099
vn 0.7707 -0.5920 0.2358
vn 0.5314 0.8307 -0.1659
vn 0.5593 0.8290 0.0061
vn 0.9533 0.1557 -0.2589
vn 0.5463 0.8307 -0.1069
vn 0.5325 0.8464 0.0058
vn 0.9361 0.3516 0.0102
vn 0.5065 0.7138 -0.4837
vn 0.9302 0.3664 -0.0201
vn 0.9908 -0.1347 0.0108
vn 0.5741 0.7640 -0.2943
vn 0.9825 -0.0742 0.1707
vn 0.9825 -0.1859 0.0107
vn 0.9515 0.2969 -0.0806
vn 0.5969 0.6148 -0.5156
vn 0.9790 -0.1375 0.1508
vn 0.9422 -0.3348 0.0103
vn 0.6459 0.3903 -0.6561
vn 0.8131 -0.1273 -0.5680
vn 0.9686 0.2118 -0.1299
vn 0.9816 0.0121 0.1908
vn 0.9658 0.1916 -0.1744
vn 0.9535 0.2144 0.2117
vn 0.9065 0.3547 0.2291
vn 0.6468 0.0685 -0.7596
vn 0.9834 0.1339 -0.1221
vn 0.9997 -0.0061 0.0236
vn 0.7356 -0.3246 -0.5946
vn 0.8396 -0.5388 -0.0691
vn 0.7445 -0.5558 0.3700
vn 0.9343 -0.3219 0.1531
vn 0.7406 -0.6102 0.2814
vn 0.7866 -0.6027 0.1345
vn 0.8154 -0.5788 0.0089
vn 0.6022 -0.7687 0.2154
vn 0.6470 -0.7542 0.1127
vn 0.6525 -0.7578 0.0071
vn 0.4343 -0.8967 0.0852
vn 0.4426 -0.8967 0.0048
vn 0.2166 -0.9763 0.0023
vn 0.5151 -0.7865 0.3407
vn 0.2154 -0.9756 0.0435
vn 0.3221 -0.9199 0.2235
vn 0.4006 -0.9046 0.1456
vn 0.2043 -0.9770 0.0611
vn -0.8392 -0.5438 -0.0092
vn -0.5546 -0.8021 -0.2216
vn -0.7669 -0.5705 -0.2940
vn -0.9620 -0.2728 -0.0107
vn -0.3580 -0.9206 -0.1563
vn -0.8908 -0.3167 -0.3258
vn -0.9994 -0.0316 -0.0111
vn -0.3921 -0.8204 -0.4161
vn -0.5481 -0.6442 -0.5335
vn -0.1784 -0.9800 -0.0887
vn -0.2536 -0.9235 -0.2878
vn -0.1093 -0.9815 -0.1571
vn -0.1821 -0.8268 -0.5322
vn -0.1191 -0.9202 -0.3728
vn -0.0472 -0.9791 -0.1977
vn -0.2418 -0.6952 -0.6769
vn -0.0168 -0.8265 -0.5628
vn -0.0055 -0.9215 -0.3884
vn 0.0057 -0.9787 -0.2054
vn 0.0579 -0.9810 -0.1849
vn 0.1150 -0.9303 -0.3483
vn 0.1448 -0.9774 -0.1540
vn -0.0162 -0.6908 -0.7228
vn 0.1643 -0.8390 -0.5188
vn 0.2296 -0.9280 -0.2934
vn 0.1771 -0.9791 -0.1004
vn 0.3540 -0.8214 -0.4471
vn 0.2056 -0.9770 -0.0566
vn 0.3269 -0.9199 -0.2165
vn 0.2163 -0.9756 -0.0388
vn 0.4037 -0.9046 -0.1369
vn 0.4360 -0.8967 -0.0757
vn 0.6068 -0.7687 -0.2022
vn 0.6493 -0.7542 -0.0985
vn 0.7893 -0.6026 -0.1174
vn 0.5224 -0.7865 -0.3294
vn 0.7466 -0.6102 -0.2652
vn 0.9374 -0.3219 -0.1327
vn 0.6666 -0.5800 -0.4683
vn 0.9820 -0.1375 -0.1294
vn 0.8646 -0.3652 -0.3451
vn 0.9860 -0.0742 -0.1493
vn 0.7537 -0.3786 -0.5372
vn 0.9296 0.3664 0.0404
vn 0.9358 -0.1056 -0.3363
vn 0.9855 0.0121 -0.1694
vn 0.9495 0.2969 0.1013
vn 0.5438 0.8307 0.1188
vn 0.5325 0.8464 0.0057
vn 0.5592 0.8290 0.0061
vn 0.5676 0.7640 0.3068
vn 0.5277 0.8307 0.1774
vn 0.9057 0.4237 0.0099
vn 0.5855 0.6148 0.5285
vn 0.9287 0.3705 0.0142
vn 0.8132 -0.5819 0.0087
vn 0.4958 0.7138 0.4946
vn 0.9474 0.1557 0.2796
vn 0.7617 -0.6201 -0.1879
vn 0.6315 0.3903 0.6700
vn 0.8006 -0.1273 0.5855
vn 0.7756 -0.5920 -0.2190
vn 0.9656 0.2118 0.1509
vn 0.6301 0.0685 0.7735
vn 0.9618 0.1916 0.1954
vn 0.9579 0.2144 -0.1909
vn 0.9215 0.2241 -0.3172
vn 0.9113 0.3547 -0.2093
vn 0.9806 0.1339 0.1435
vn 0.7225 -0.3246 0.6105
vn 1.0000 -0.0061 -0.0019
vn 0.8379 -0.5388 0.0873
vn 0.8334 0.4584 -0.3086
vn 0.7523 -0.5558 -0.3537
vn 0.7117 -0.5606 -0.4233
vn 0.9827 -0.0731 -0.1703
vn 0.7174 -0.6204 -0.3171
vn 0.7247 -0.6890 0.0079
vn 0.9995 -0.0309 0.0108
vn 0.9852 0.0338 -0.1679
vn 0.9418 0.3360 0.0102
vn 0.9514 0.3073 -0.0221
vn 0.9212 0.3662 -0.1313
vn 0.8354 0.5208 -0.1758
vn 0.8594 0.5113 0.0093
vn 0.7670 0.5482 -0.3335
vn 0.6996 0.6994 -0.1467
vn 0.6640 0.6726 -0.3265
vn 0.5500 0.8270 -0.1168
vn 0.5865 0.6883 -0.4269
vn 0.3914 0.9127 -0.1175
vn 0.5039 0.8261 -0.2521
vn 0.3104 0.9452 -0.1010
vn 0.3599 0.9114 -0.1996
vn 0.2725 0.9539 -0.1256
vn 0.3622 0.9321 0.0038
vn 0.2955 0.9419 -0.1596
vn 0.4439 0.8251 -0.3495
vn 0.3277 0.9072 -0.2637
vn 0.3288 0.9244 -0.1933
vn 0.4272 0.9042 0.0044
vn 0.2331 0.9509 -0.2035
vn 0.3981 0.8702 -0.2904
vn 0.5401 0.8416 0.0057
vn 0.2483 0.9134 -0.3225
vn 0.5185 0.7895 -0.3284
vn 0.3698 0.9291 0.0039
vn 0.3088 0.8457 -0.4352
vn 0.3836 0.7459 -0.5444
vn 0.0031 0.7919 -0.6106
vn 0.1228 0.8162 -0.5645
vn 0.1608 0.6433 -0.7485
vn -0.3447 0.7296 -0.5907
vn -0.0557 0.5915 -0.8044
vn -0.5397 0.6534 -0.5308
vn -0.3479 0.5269 -0.7755
vn -0.0954 0.7850 -0.6121
vn -0.5927 0.4709 -0.6534
vn -0.7929 0.4719 -0.3856
vn -0.9045 0.4263 -0.0099
vn -0.7456 0.6663 -0.0082
vn -0.5296 0.6969 -0.4836
vn -0.6725 0.6792 -0.2939
vn -0.6556 0.7051 -0.2701
vn -0.6377 0.7703 -0.0070
vn -0.3234 0.7375 -0.5929
vn -0.4973 0.7548 -0.4277
vn -0.6005 0.7727 -0.2059
vn -0.3125 0.8180 -0.4829
vn -0.4681 0.8107 -0.3516
vn -0.5151 0.8370 -0.1848
vn -0.5790 0.8153 -0.0066
vn -0.0955 0.8728 -0.4786
vn -0.5218 0.8300 -0.1970
vn -0.4249 0.8488 -0.3147
vn -0.3004 0.8558 -0.4212
vn -0.6130 0.7537 -0.2371
vn -0.7908 0.6120 -0.0089
vn -0.4167 0.8410 -0.3451
vn -0.2744 0.8694 -0.4108
vn -0.7294 0.6151 -0.2993
vn -0.9208 0.3898 -0.0101
vn -0.4817 0.7585 -0.4389
vn -0.8545 0.3795 -0.3547
vn -0.9877 0.1560 -0.0108
vn -0.5878 0.5748 -0.5694
vn -0.2840 0.8536 -0.4367
vn -0.9128 0.1908 -0.3610
vn -0.6695 0.3805 -0.6379
vn -0.9383 -0.0308 -0.3445
vn -0.7099 0.2147 -0.6707
vn -0.6725 -0.3551 -0.6494
vn -0.7223 -0.0219 -0.6912
vn -0.3820 -0.1127 -0.9173
vn -0.3174 -0.4363 -0.8420
vn -0.3875 0.1598 -0.9079
vn 0.0038 -0.1599 -0.9871
vn -0.0027 -0.4622 -0.8868
vn -0.3745 0.3857 -0.8432
vn 0.2381 -0.6773 -0.6961
vn 0.3026 -0.4227 -0.8542
vn 0.4886 -0.6413 -0.5916
vn 0.5820 -0.4093 -0.7027
vn 0.3444 -0.1478 -0.9271
vn 0.8041 -0.1532 -0.5744
vn 0.6177 -0.1299 -0.7756
vn 0.3340 0.1141 -0.9356
vn 0.7961 0.1571 -0.5844
vn 0.6039 0.1388 -0.7848
vn 0.7388 0.4374 -0.5128
vn 0.5624 0.3894 -0.7294
vn 0.6627 0.5995 -0.4488
vn 0.5131 0.5702 -0.6415
vn 0.3072 0.3910 -0.8676
vn -0.0037 0.1344 -0.9909
vn -0.0012 0.3751 -0.9270
vn 0.2724 0.5838 -0.7649
vn 0.4394 0.7115 -0.5484
vn -0.3159 0.5895 -0.7434
vn 0.3350 0.8426 -0.4217
vn 0.2357 0.7173 -0.6556
vn 0.0108 0.5673 -0.8234
vn -0.2807 0.7655 -0.5789
vn -0.0141 0.7232 -0.6905
vn 0.1946 0.8375 -0.5106
vn -0.0612 0.8414 -0.5370
vn 0.2608 0.9089 -0.3254
vn 0.1347 0.9110 -0.3899
vn -0.1005 0.8982 -0.4279
vn 0.2623 0.9430 -0.2049
vn 0.1928 0.9424 -0.2734
vn 0.1844 0.9505 -0.2500
vn 0.0616 0.9374 -0.3428
vn 0.0701 0.9391 -0.3365
vn -0.1335 0.9065 -0.4006
vn -0.0931 0.9012 -0.4233
vn 0.1136 0.9023 -0.4158
vn 0.9322 0.2465 0.2651
vn 0.9254 0.2848 0.2502
vn 0.8419 0.3248 0.4310
vn 0.9314 0.1771 0.3181
vn 0.8953 0.3658 0.2543
vn 0.9200 0.1212 0.3726
vn 0.8525 0.4499 0.2662
vn 0.9016 0.1057 0.4195
vn 0.8195 0.4908 0.2958
vn 0.8710 0.1026 0.4804
vn 0.7822 0.5236 0.3375
vn 0.8411 0.1189 0.5276
vn 0.7479 0.5346 0.3935
vn 0.8130 0.1498 0.5626
vn 0.7261 0.5352 0.4318
vn 0.7884 0.1887 0.5854
vn 0.7197 0.5187 0.4614
vn 0.7667 0.2389 0.5959
vn 0.7155 0.4749 0.5124
vn 0.7423 0.3208 0.5883
vn 0.7219 0.4093 0.5580
vn 0.9377 0.2465 -0.2447
vn 0.8511 0.3248 -0.4125
vn 0.9306 0.2848 -0.2300
vn 0.9381 0.1771 -0.2977
vn 0.9006 0.3658 -0.2347
vn 0.9279 0.1212 -0.3525
vn 0.8581 0.4499 -0.2476
vn 0.9105 0.1057 -0.3998
vn 0.8258 0.4908 -0.2779
vn 0.8813 0.1026 -0.4613
vn 0.7894 0.5236 -0.3204
vn 0.8524 0.1189 -0.5091
vn 0.7563 0.5346 -0.3771
vn 0.8251 0.1498 -0.5448
vn 0.7353 0.5352 -0.4159
vn 0.8010 0.1887 -0.5681
vn 0.7296 0.5187 -0.4456
vn 0.7795 0.2389 -0.5790
vn 0.7265 0.4749 -0.4967
vn 0.7549 0.3208 -0.5719
vn 0.7338 0.4093 -0.5422
vt 0.944336 0.326172
vt 0.979980 0.341309
vt 0.978027 0.332520
vt 0.938965 0.342285
vt 0.975586 0.348633
vt 0.914551 0.317871
vt 0.904297 0.333008
vt 0.893555 0.309082
vt 0.868164 0.316895
vt 0.863770 0.311523
vt 0.868652 0.303711
vt 0.913086 0.271484
vt 0.917969 0.290527
vt 0.957520 0.245605
vt 0.959473 0.257812
vt 0.947266 0.243164
vt 0.927246 0.972183
vt 0.948242 0.956879
vt 0.948242 0.956940
vt 0.950684 0.955170
vt 0.924805 0.967041
vt 0.900879 0.981339
vt 0.948242 0.955902
vt 0.898926 0.972000
vt 0.862305 0.986755
vt 0.924316 0.962097
vt 0.863281 0.971909
vt 0.821777 0.983017
vt 0.900391 0.963226
vt 0.867188 0.958466
vt 0.827148 0.964142
vt 0.770020 0.967316
vt 0.835449 0.947815
vt 0.782227 0.945923
vt 0.715820 0.934448
vt 0.796387 0.927917
vt 0.735352 0.913086
vt 0.682129 0.893982
vt 0.753906 0.895142
vt 0.709473 0.878967
vt 0.671387 0.842651
vt 0.733398 0.865112
vt 0.700195 0.842773
vt 0.691406 0.791138
vt 0.724609 0.838013
vt 0.754395 0.852051
vt 0.708984 0.801270
vt 0.727539 0.775513
vt 0.720215 0.767822
vt 0.726074 0.804321
vt 0.755859 0.753174
vt 0.745605 0.831055
vt 0.736328 0.778931
vt 0.741699 0.803345
vt 0.745117 0.779541
vt 0.765137 0.822266
vt 0.757324 0.799438
vt 0.753906 0.778076
vt 0.762695 0.774658
vt 0.771484 0.792725
vt 0.773926 0.839233
vt 0.783691 0.811768
vt 0.784180 0.783691
vt 0.770508 0.769165
vt 0.799805 0.799805
vt 0.794434 0.772705
vt 0.776855 0.762329
vt 0.792969 0.825684
vt 0.781250 0.754395
vt 0.810547 0.848389
vt 0.783203 0.746094
vt 0.811035 0.812256
vt 0.802246 0.759888
vt 0.783691 0.737061
vt 0.813477 0.786743
vt 0.781250 0.727783
vt 0.773926 0.719482
vt 0.808105 0.745361
vt 0.810547 0.729492
vt 0.808594 0.712158
vt 0.800293 0.693604
vt 0.844238 0.731689
vt 0.849609 0.707520
vt 0.852051 0.679443
vt 0.835449 0.752686
vt 0.870605 0.742676
vt 0.884766 0.719727
vt 0.900879 0.693604
vt 0.824707 0.771118
vt 0.917480 0.746582
vt 0.938477 0.727051
vt 0.899414 0.765869
vt 0.945312 0.790894
vt 0.968262 0.780273
vt 0.980957 0.830688
vt 0.961426 0.836060
vt 0.982910 0.869751
vt 0.925293 0.804077
vt 0.967285 0.871338
vt 0.977051 0.906738
vt 0.943848 0.844238
vt 0.967773 0.906250
vt 0.967773 0.932129
vt 0.953613 0.875671
vt 0.961914 0.930542
vt 0.952637 0.952545
vt 0.958008 0.908081
vt 0.952637 0.952484
vt 0.957031 0.930542
vt 0.949219 0.911682
vt 0.952637 0.952362
vt 0.951660 0.932007
vt 0.952148 0.952362
vt 0.939941 0.882141
vt 0.939941 0.916687
vt 0.951660 0.952393
vt 0.927246 0.854492
vt 0.946289 0.934448
vt 0.940918 0.937988
vt 0.927246 0.890198
vt 0.931152 0.922974
vt 0.915039 0.899536
vt 0.951172 0.952484
vt 0.950195 0.952942
vt 0.936035 0.942383
vt 0.922852 0.930237
vt 0.897461 0.878662
vt 0.902832 0.910156
vt 0.912109 0.866211
vt 0.874023 0.849976
vt 0.890137 0.834351
vt 0.907227 0.818604
vt 0.883301 0.891663
vt 0.881836 0.784546
vt 0.865234 0.802612
vt 0.855957 0.763550
vt 0.841309 0.782593
vt 0.827148 0.798584
vt 0.848145 0.818848
vt 0.830566 0.833496
vt 0.858398 0.865112
vt 0.842285 0.880554
vt 0.791504 0.864014
vt 0.870117 0.904846
vt 0.772949 0.879333
vt 0.811523 0.911926
vt 0.826660 0.896362
vt 0.845703 0.932861
vt 0.857422 0.918640
vt 0.873535 0.945831
vt 0.891602 0.921570
vt 0.881836 0.933594
vt 0.903320 0.954803
vt 0.915039 0.938171
vt 0.908691 0.946503
vt 0.925781 0.957153
vt 0.931641 0.947144
vt 0.928223 0.952087
vt 0.948242 0.954865
vt 0.949219 0.953552
vt 0.948730 0.954132
vt 0.059967 0.767944
vt 0.173218 0.776855
vt 0.106812 0.845093
vt 0.169189 0.906799
vt 0.122253 0.722900
vt 0.031403 0.685303
vt 0.226318 0.814575
vt 0.246704 0.949677
vt 0.081787 0.662598
vt 0.013077 0.509521
vt 0.215454 0.697754
vt 0.164673 0.664551
vt 0.116699 0.623779
vt 0.235596 0.606445
vt 0.188477 0.591553
vt 0.139160 0.572510
vt 0.237671 0.510742
vt 0.194214 0.512695
vt 0.146606 0.513428
vt 0.140381 0.466797
vt 0.186401 0.449707
vt 0.125244 0.421387
vt 0.229126 0.435059
vt 0.171265 0.389160
vt 0.103455 0.391602
vt 0.271484 0.509033
vt 0.216187 0.361816
vt 0.274414 0.615479
vt 0.262451 0.424316
vt 0.309814 0.507080
vt 0.260742 0.718994
vt 0.315674 0.619873
vt 0.282959 0.837646
vt 0.338867 0.970398
vt 0.308105 0.728271
vt 0.346191 0.847778
vt 0.415039 0.842041
vt 0.432861 0.964447
vt 0.351562 0.733887
vt 0.486816 0.821045
vt 0.533691 0.930054
vt 0.405762 0.727783
vt 0.353271 0.622070
vt 0.458740 0.714844
vt 0.395020 0.617920
vt 0.344971 0.504395
vt 0.437744 0.613281
vt 0.301758 0.416504
vt 0.384033 0.501953
vt 0.339600 0.409180
vt 0.251465 0.345215
vt 0.292236 0.332520
vt 0.376221 0.409180
vt 0.337402 0.320801
vt 0.329834 0.242188
vt 0.377686 0.318848
vt 0.418701 0.409180
vt 0.417725 0.321777
vt 0.379150 0.237793
vt 0.278564 0.258789
vt 0.323486 0.170410
vt 0.424316 0.240723
vt 0.235962 0.278809
vt 0.383057 0.163086
vt 0.458984 0.330078
vt 0.260498 0.192383
vt 0.426025 0.499512
vt 0.458496 0.411133
vt 0.472900 0.601074
vt 0.460205 0.497559
vt 0.495117 0.698730
vt 0.517578 0.589111
vt 0.534668 0.793335
vt 0.600098 0.884827
vt 0.546875 0.677246
vt 0.589355 0.756104
vt 0.655762 0.825195
vt 0.638672 0.714355
vt 0.696289 0.761230
vt 0.600586 0.651367
vt 0.689453 0.651855
vt 0.729980 0.677490
vt 0.662109 0.611328
vt 0.575195 0.579590
vt 0.641602 0.565430
vt 0.706055 0.580566
vt 0.721680 0.608154
vt 0.745605 0.625488
vt 0.695312 0.552490
vt 0.734863 0.586182
vt 0.752930 0.597656
vt 0.725098 0.568359
vt 0.747070 0.566406
vt 0.759277 0.572754
vt 0.743164 0.556641
vt 0.760742 0.547363
vt 0.765625 0.551025
vt 0.779297 0.530762
vt 0.778320 0.528564
vt 0.780762 0.526367
vt 0.758301 0.541504
vt 0.755371 0.533203
vt 0.778809 0.526367
vt 0.777832 0.524414
vt 0.779297 0.521729
vt 0.754395 0.523193
vt 0.737793 0.540771
vt 0.735352 0.522949
vt 0.716797 0.546875
vt 0.754883 0.513184
vt 0.712891 0.521484
vt 0.737305 0.505371
vt 0.756836 0.505127
vt 0.688965 0.518066
vt 0.760742 0.498535
vt 0.763672 0.495117
vt 0.742676 0.488770
vt 0.748535 0.478516
vt 0.755859 0.471191
vt 0.714355 0.492676
vt 0.734863 0.447266
vt 0.747070 0.439453
vt 0.722656 0.467773
vt 0.690430 0.479980
vt 0.640137 0.509766
vt 0.698242 0.452148
vt 0.582520 0.499512
vt 0.641113 0.457520
vt 0.554688 0.497070
vt 0.591309 0.435059
vt 0.651855 0.419434
vt 0.507812 0.496094
vt 0.555176 0.423828
vt 0.507812 0.416504
vt 0.602051 0.386719
vt 0.561035 0.365234
vt 0.507324 0.345703
vt 0.615723 0.350098
vt 0.571289 0.313965
vt 0.520508 0.281250
vt 0.662598 0.388672
vt 0.631348 0.315430
vt 0.708496 0.425781
vt 0.672852 0.370605
vt 0.720703 0.412598
vt 0.737305 0.402832
vt 0.693848 0.349121
vt 0.715820 0.334961
vt 0.658691 0.284180
vt 0.684082 0.262695
vt 0.589844 0.271484
vt 0.621094 0.232910
vt 0.648926 0.206543
vt 0.537598 0.229004
vt 0.568359 0.176270
vt 0.593750 0.144043
vt 0.538574 0.100586
vt 0.516113 0.135742
vt 0.490234 0.074219
vt 0.486572 0.195312
vt 0.457275 0.105957
vt 0.469727 0.255371
vt 0.437500 0.174805
vt 0.459229 0.075195
vt 0.464355 0.059082
vt 0.447510 0.067871
vt 0.453125 0.052246
vt 0.441162 0.085938
vt 0.431641 0.056641
vt 0.435059 0.043945
vt 0.403320 0.036621
vt 0.429199 0.068848
vt 0.404541 0.053223
vt 0.388672 0.050293
vt 0.385742 0.033691
vt 0.408936 0.071777
vt 0.370117 0.052734
vt 0.366699 0.035156
vt 0.393311 0.070801
vt 0.345703 0.061523
vt 0.337646 0.043457
vt 0.312988 0.050781
vt 0.376953 0.075195
vt 0.333252 0.079102
vt 0.293945 0.055176
vt 0.355957 0.079102
vt 0.317383 0.094727
vt 0.257324 0.066895
vt 0.355225 0.100098
vt 0.367676 0.090332
vt 0.281494 0.109863
vt 0.205078 0.091309
vt 0.380127 0.097656
vt 0.395752 0.085449
vt 0.371338 0.107422
vt 0.347900 0.111328
vt 0.390869 0.109375
vt 0.388428 0.119141
vt 0.418457 0.118164
vt 0.392334 0.099609
vt 0.410645 0.108887
vt 0.430176 0.100586
vt 0.404297 0.097656
vt 0.417969 0.091309
vt 0.425537 0.080566
vt 0.233032 0.134766
vt 0.211670 0.220703
vt 0.180664 0.170898
vt 0.149658 0.131836
vt 0.169189 0.256348
vt 0.135376 0.216309
vt 0.100098 0.188477
vt 0.089417 0.280273
vt 0.057587 0.263184
vt 0.032562 0.339844
vt 0.198364 0.303711
vt 0.057831 0.349609
vt 0.150635 0.344727
vt 0.120239 0.307617
vt 0.080627 0.366211
vt 0.977051 0.081055
vt 0.985352 0.114746
vt 0.878906 0.122559
vt 0.958984 0.051758
vt 0.982910 0.146973
vt 0.932129 0.030273
vt 0.971680 0.179199
vt 0.900391 0.017578
vt 0.950684 0.208496
vt 0.863770 0.016113
vt 0.922852 0.226074
vt 0.829102 0.024414
vt 0.889160 0.233398
vt 0.802734 0.042480
vt 0.854492 0.229980
vt 0.783203 0.068359
vt 0.822754 0.216309
vt 0.770996 0.100098
vt 0.795898 0.197266
vt 0.769043 0.134766
vt 0.777832 0.167969
s 1
usemtl MN157_MI_Wind.001
f 1/1/1 2/2/2 3/3/3
f 1/1/1 4/4/4 2/2/2
f 2/2/2 4/4/4 5/5/5
f 6/6/6 4/4/4 1/1/1
f 7/7/7 4/4/4 6/6/6
f 8/8/8 7/7/7 6/6/6
f 9/9/9 7/7/7 8/8/8
f 10/10/10 9/9/9 8/8/8
f 8/8/8 11/11/11 10/10/10
f 12/12/12 11/11/11 8/8/8
f 12/12/12 8/8/8 13/13/13
f 14/14/14 12/12/12 13/13/13
f 14/14/14 13/13/13 15/15/15
f 12/12/12 14/14/14 16/16/16
f 17/1/17 18/3/18 19/2/19
f 17/1/17 19/2/19 20/4/20
f 19/2/19 21/5/21 20/4/20
f 22/6/22 17/1/17 20/4/20
f 23/7/23 22/6/22 20/4/20
f 24/8/24 22/6/22 23/7/23
f 24/8/24 23/7/23 25/9/25
f 26/10/26 24/8/24 25/9/25
f 24/8/24 26/10/26 27/11/27
f 24/8/24 27/11/27 28/12/28
f 29/13/29 24/8/24 28/12/28
f 30/14/30 29/13/29 28/12/28
f 30/14/30 31/15/31 29/13/29
f 28/12/28 32/16/32 30/14/30
f 33/17/33 34/18/34 35/19/35
f 34/18/34 36/20/36 35/19/35
f 34/18/34 33/17/33 37/21/37
f 38/22/38 37/21/37 33/17/33
f 34/18/34 37/21/37 39/23/39
f 34/18/34 39/23/39 36/20/36
f 37/21/37 38/22/38 40/24/40
f 41/25/41 40/24/40 38/22/38
f 42/26/42 39/23/39 37/21/37
f 40/24/40 41/25/41 43/27/43
f 44/28/44 43/27/43 41/25/41
f 45/29/45 37/21/37 40/24/40
f 37/21/37 45/29/45 42/26/42
f 46/30/46 40/24/40 43/27/43
f 40/24/40 46/30/46 45/29/45
f 43/27/43 44/28/44 47/31/47
f 48/32/48 47/31/47 44/28/44
f 43/27/43 49/33/49 46/30/46
f 49/33/49 43/27/43 47/31/47
f 47/31/47 48/32/48 50/34/50
f 51/35/51 50/34/50 48/32/48
f 47/31/47 52/36/52 49/33/49
f 47/31/47 50/34/50 52/36/52
f 50/34/50 51/35/51 53/37/53
f 53/37/53 51/35/51 54/38/54
f 50/34/50 55/39/55 52/36/52
f 55/39/55 50/34/50 53/37/53
f 54/38/54 56/40/56 53/37/53
f 57/41/57 56/40/56 54/38/54
f 53/37/53 58/42/58 55/39/55
f 58/42/58 53/37/53 56/40/56
f 56/40/56 57/41/57 59/43/59
f 59/43/59 57/41/57 60/44/60
f 56/40/56 61/45/61 58/42/58
f 61/45/61 56/40/56 59/43/59
f 62/46/62 55/39/55 58/42/58
f 61/45/61 62/46/62 58/42/58
f 63/47/63 59/43/59 60/44/60
f 63/47/63 61/45/61 59/43/59
f 60/44/60 64/48/64 63/47/63
f 64/48/64 60/44/60 65/49/65
f 61/45/61 63/47/63 66/50/66
f 64/48/64 66/50/66 63/47/63
f 64/48/64 65/49/65 67/51/67
f 66/50/66 68/52/68 61/45/61
f 62/46/62 61/45/61 68/52/68
f 66/50/66 64/48/64 69/53/69
f 69/53/69 64/48/64 67/51/67
f 66/50/66 69/53/69 70/54/70
f 68/52/68 66/50/66 70/54/70
f 70/54/70 69/53/69 71/55/71
f 71/55/71 69/53/69 67/51/67
f 70/54/70 72/56/72 68/52/68
f 71/55/71 73/57/73 70/54/70
f 72/56/72 70/54/70 73/57/73
f 73/57/73 71/55/71 74/58/74
f 74/58/74 71/55/71 67/51/67
f 73/57/73 74/58/74 75/59/75
f 75/59/75 74/58/74 67/51/67
f 73/57/73 76/60/76 72/56/72
f 76/60/76 73/57/73 75/59/75
f 77/61/77 68/52/68 72/56/72
f 68/52/68 77/61/77 62/46/62
f 72/56/72 76/60/76 78/62/78
f 77/61/77 72/56/72 78/62/78
f 75/59/75 79/63/79 76/60/76
f 78/62/78 76/60/76 79/63/79
f 79/63/79 75/59/75 80/64/80
f 80/64/80 75/59/75 67/51/67
f 81/65/81 78/62/78 79/63/79
f 80/64/80 82/66/82 79/63/79
f 82/66/82 81/65/81 79/63/79
f 83/67/83 80/64/80 67/51/67
f 82/66/82 80/64/80 83/67/83
f 81/65/81 84/68/84 78/62/78
f 77/61/77 78/62/78 84/68/84
f 85/69/85 82/66/82 83/67/83
f 85/69/85 83/67/83 67/51/67
f 77/61/77 84/68/84 86/70/86
f 87/71/87 85/69/85 67/51/67
f 84/68/84 81/65/81 88/72/88
f 86/70/86 84/68/84 88/72/88
f 87/71/87 89/73/89 85/69/85
f 82/66/82 85/69/85 89/73/89
f 90/74/90 87/71/87 67/51/67
f 81/65/81 82/66/82 91/75/91
f 91/75/91 88/72/88 81/65/81
f 92/76/92 90/74/90 67/51/67
f 93/77/93 92/76/92 67/51/67
f 94/78/94 87/71/87 90/74/90
f 89/73/89 87/71/87 94/78/94
f 95/79/95 90/74/90 92/76/92
f 94/78/94 90/74/90 95/79/95
f 96/80/96 92/76/92 93/77/93
f 96/80/96 95/79/95 92/76/92
f 93/77/93 97/81/97 96/80/96
f 98/82/98 94/78/94 95/79/95
f 96/80/96 98/82/98 95/79/95
f 99/83/99 96/80/96 97/81/97
f 96/80/96 99/83/99 98/82/98
f 97/81/97 100/84/100 99/83/99
f 94/78/94 98/82/98 101/85/101
f 94/78/94 101/85/101 89/73/89
f 99/83/99 102/86/102 98/82/98
f 102/86/102 101/85/101 98/82/98
f 100/84/100 103/87/103 99/83/99
f 103/87/103 102/86/102 99/83/99
f 104/88/104 103/87/103 100/84/100
f 101/85/101 105/89/105 89/73/89
f 105/89/105 82/66/82 89/73/89
f 91/75/91 82/66/82 105/89/105
f 106/90/106 103/87/103 104/88/104
f 104/88/104 107/91/107 106/90/106
f 103/87/103 106/90/106 108/92/108
f 103/87/103 108/92/108 102/86/102
f 107/91/107 109/93/109 106/90/106
f 106/90/106 109/93/109 108/92/108
f 109/93/109 107/91/107 110/94/110
f 109/93/109 110/94/110 111/95/111
f 112/96/112 109/93/109 111/95/111
f 113/97/113 112/96/112 111/95/111
f 114/98/114 108/92/108 109/93/109
f 112/96/112 114/98/114 109/93/109
f 115/99/115 112/96/112 113/97/113
f 115/99/115 113/97/113 116/100/116
f 114/98/114 112/96/112 117/101/117
f 112/96/112 115/99/115 117/101/117
f 118/102/118 115/99/115 116/100/116
f 119/103/119 118/102/118 116/100/116
f 120/104/120 117/101/117 115/99/115
f 118/102/118 120/104/120 115/99/115
f 121/105/121 118/102/118 119/103/119
f 122/106/122 121/105/121 119/103/119
f 120/104/120 118/102/118 123/107/123
f 118/102/118 121/105/121 123/107/123
f 124/108/124 121/105/121 122/106/122
f 122/106/122 36/20/36 124/108/124
f 125/109/125 123/107/123 121/105/121
f 121/105/121 124/108/124 125/109/125
f 126/110/126 120/104/120 123/107/123
f 123/107/123 125/109/125 126/110/126
f 127/111/127 125/109/125 124/108/124
f 124/108/124 36/20/36 127/111/127
f 125/109/125 127/111/127 128/112/128
f 128/112/128 126/110/126 125/109/125
f 129/113/129 128/112/128 127/111/127
f 127/111/127 36/20/36 129/113/129
f 120/104/120 126/110/126 130/114/130
f 117/101/117 120/104/120 130/114/130
f 126/110/126 128/112/128 131/115/131
f 130/114/130 126/110/126 131/115/131
f 132/116/132 128/112/128 129/113/129
f 36/20/36 132/116/132 129/113/129
f 117/101/117 130/114/130 133/117/133
f 133/117/133 114/98/114 117/101/117
f 128/112/128 132/116/132 134/118/134
f 134/118/134 131/115/131 128/112/128
f 132/116/132 135/119/135 134/118/134
f 130/114/130 131/115/131 136/120/136
f 133/117/133 130/114/130 136/120/136
f 134/118/134 137/121/137 131/115/131
f 137/121/137 134/118/134 135/119/135
f 131/115/131 138/122/138 136/120/136
f 138/122/138 131/115/131 137/121/137
f 135/119/135 132/116/132 139/123/139
f 36/20/36 139/123/139 132/116/132
f 140/124/140 135/119/135 139/123/139
f 139/123/139 36/20/36 140/124/140
f 141/125/141 137/121/137 135/119/135
f 135/119/135 140/124/140 141/125/141
f 142/126/142 138/122/138 137/121/137
f 137/121/137 141/125/141 142/126/142
f 143/127/143 136/120/136 138/122/138
f 138/122/138 142/126/142 144/128/144
f 143/127/143 138/122/138 144/128/144
f 136/120/136 143/127/143 145/129/145
f 133/117/133 136/120/136 145/129/145
f 146/130/146 145/129/145 143/127/143
f 147/131/147 133/117/133 145/129/145
f 145/129/145 146/130/146 147/131/147
f 133/117/133 147/131/147 148/132/148
f 114/98/114 133/117/133 148/132/148
f 149/133/149 146/130/146 143/127/143
f 144/128/144 149/133/149 143/127/143
f 150/134/150 114/98/114 148/132/148
f 114/98/114 150/134/150 108/92/108
f 102/86/102 108/92/108 150/134/150
f 148/132/148 147/131/147 151/135/151
f 150/134/150 148/132/148 151/135/151
f 102/86/102 150/134/150 152/136/152
f 101/85/101 102/86/102 152/136/152
f 152/136/152 105/89/105 101/85/101
f 150/134/150 153/137/153 152/136/152
f 105/89/105 152/136/152 153/137/153
f 153/137/153 150/134/150 151/135/151
f 153/137/153 91/75/91 105/89/105
f 153/137/153 154/138/154 91/75/91
f 151/135/151 154/138/154 153/137/153
f 88/72/88 91/75/91 154/138/154
f 147/131/147 155/139/155 151/135/151
f 154/138/154 151/135/151 155/139/155
f 146/130/146 155/139/155 147/131/147
f 156/140/156 88/72/88 154/138/154
f 155/139/155 156/140/156 154/138/154
f 156/140/156 86/70/86 88/72/88
f 157/141/157 155/139/155 146/130/146
f 155/139/155 157/141/157 156/140/156
f 157/141/157 86/70/86 156/140/156
f 146/130/146 149/133/149 157/141/157
f 86/70/86 157/141/157 158/142/158
f 149/133/149 158/142/158 157/141/157
f 158/142/158 159/143/159 86/70/86
f 159/143/159 77/61/77 86/70/86
f 62/46/62 77/61/77 159/143/159
f 158/142/158 149/133/149 160/144/160
f 144/128/144 160/144/160 149/133/149
f 161/145/161 62/46/62 159/143/159
f 55/39/55 62/46/62 161/145/161
f 52/36/52 55/39/55 161/145/161
f 52/36/52 161/145/161 162/146/162
f 162/146/162 161/145/161 159/143/159
f 49/33/49 52/36/52 162/146/162
f 159/143/159 158/142/158 163/147/163
f 162/146/162 159/143/159 163/147/163
f 158/142/158 160/144/160 163/147/163
f 49/33/49 162/146/162 164/148/164
f 164/148/164 162/146/162 163/147/163
f 164/148/164 46/30/46 49/33/49
f 165/149/165 163/147/163 160/144/160
f 164/148/164 163/147/163 165/149/165
f 46/30/46 164/148/164 166/150/166
f 165/149/165 166/150/166 164/148/164
f 166/150/166 45/29/45 46/30/46
f 160/144/160 167/151/167 165/149/165
f 160/144/160 144/128/144 167/151/167
f 142/126/142 167/151/167 144/128/144
f 166/150/166 165/149/165 168/152/168
f 168/152/168 165/149/165 167/151/167
f 45/29/45 166/150/166 169/153/169
f 168/152/168 169/153/169 166/150/166
f 42/26/42 45/29/45 169/153/169
f 167/151/167 142/126/142 170/154/170
f 167/151/167 170/154/170 168/152/168
f 141/125/141 170/154/170 142/126/142
f 169/153/169 168/152/168 171/155/171
f 171/155/171 168/152/168 170/154/170
f 42/26/42 169/153/169 172/156/172
f 172/156/172 169/153/169 171/155/171
f 39/23/39 42/26/42 172/156/172
f 170/154/170 141/125/141 173/157/173
f 173/157/173 171/155/171 170/154/170
f 140/124/140 173/157/173 141/125/141
f 172/156/172 171/155/171 174/158/174
f 171/155/171 173/157/173 174/158/174
f 39/23/39 172/156/172 175/159/175
f 175/159/175 172/156/172 174/158/174
f 36/20/36 39/23/39 175/159/175
f 173/157/173 140/124/140 176/160/176
f 140/124/140 36/20/36 176/160/176
f 176/160/176 174/158/174 173/157/173
f 36/20/36 175/159/175 177/161/177
f 176/160/176 36/20/36 177/161/177
f 175/159/175 174/158/174 177/161/177
f 174/158/174 176/160/176 177/161/177
f 178/17/178 179/19/179 180/18/180
f 180/18/180 179/19/179 181/20/181
f 180/18/180 182/21/182 178/17/178
f 183/22/183 178/17/178 182/21/182
f 184/23/184 182/21/182 180/18/180
f 180/18/180 181/20/181 184/23/184
f 182/21/182 185/24/185 183/22/183
f 186/25/186 183/22/183 185/24/185
f 182/21/182 184/23/184 187/26/187
f 185/24/185 188/27/188 186/25/186
f 189/28/189 186/25/186 188/27/188
f 182/21/182 190/29/190 185/24/185
f 190/29/190 182/21/182 187/26/187
f 185/24/185 191/30/191 188/27/188
f 191/30/191 185/24/185 190/29/190
f 188/27/188 192/31/192 189/28/189
f 192/31/192 193/32/193 189/28/189
f 194/33/194 188/27/188 191/30/191
f 188/27/188 194/33/194 192/31/192
f 193/32/193 192/31/192 195/34/195
f 196/35/196 193/32/193 195/34/195
f 197/36/197 192/31/192 194/33/194
f 192/31/192 197/36/197 195/34/195
f 195/34/195 198/37/198 196/35/196
f 198/37/198 199/38/199 196/35/196
f 200/39/200 195/34/195 197/36/197
f 195/34/195 200/39/200 198/37/198
f 199/38/199 198/37/198 201/40/201
f 199/38/199 201/40/201 202/41/202
f 203/42/203 198/37/198 200/39/200
f 198/37/198 203/42/203 201/40/201
f 201/40/201 204/43/204 202/41/202
f 204/43/204 205/44/205 202/41/202
f 206/45/206 201/40/201 203/42/203
f 201/40/201 206/45/206 204/43/204
f 205/44/205 204/43/204 207/47/207
f 207/47/207 204/43/204 206/45/206
f 208/48/208 205/44/205 207/47/207
f 205/44/205 208/48/208 209/49/209
f 207/47/207 206/45/206 210/50/210
f 210/50/210 208/48/208 207/47/207
f 208/48/208 211/51/211 209/49/209
f 208/48/208 210/50/210 212/53/212
f 212/53/212 211/51/211 208/48/208
f 210/50/210 206/45/206 213/52/213
f 212/53/212 210/50/210 214/54/214
f 210/50/210 213/52/213 214/54/214
f 206/45/206 203/42/203 215/46/215
f 206/45/206 215/46/215 213/52/213
f 200/39/200 215/46/215 203/42/203
f 214/54/214 216/55/216 212/53/212
f 216/55/216 211/51/211 212/53/212
f 215/46/215 200/39/200 217/145/217
f 200/39/200 197/36/197 217/145/217
f 218/146/218 217/145/217 197/36/197
f 194/33/194 218/146/218 197/36/197
f 217/145/217 219/143/219 215/46/215
f 217/145/217 218/146/218 219/143/219
f 218/146/218 194/33/194 220/148/220
f 191/30/191 220/148/220 194/33/194
f 221/147/221 219/143/219 218/146/218
f 218/146/218 220/148/220 221/147/221
f 220/148/220 191/30/191 222/150/222
f 190/29/190 222/150/222 191/30/191
f 223/149/223 221/147/221 220/148/220
f 222/150/222 223/149/223 220/148/220
f 222/150/222 190/29/190 224/153/224
f 187/26/187 224/153/224 190/29/190
f 223/149/223 222/150/222 225/152/225
f 224/153/224 225/152/225 222/150/222
f 224/153/224 187/26/187 226/156/226
f 184/23/184 226/156/226 187/26/187
f 225/152/225 224/153/224 227/155/227
f 226/156/226 227/155/227 224/153/224
f 226/156/226 184/23/184 228/159/228
f 181/20/181 228/159/228 184/23/184
f 227/155/227 226/156/226 229/158/229
f 228/159/228 229/158/229 226/156/226
f 225/152/225 227/155/227 230/154/230
f 231/161/231 229/158/229 228/159/228
f 181/20/181 231/161/231 228/159/228
f 232/157/232 227/155/227 229/158/229
f 227/155/227 232/157/232 230/154/230
f 233/160/233 229/158/229 231/161/231
f 229/158/229 233/160/233 232/157/232
f 233/160/233 231/161/231 181/20/181
f 234/124/234 232/157/232 233/160/233
f 234/124/234 233/160/233 181/20/181
f 235/125/235 230/154/230 232/157/232
f 232/157/232 234/124/234 235/125/235
f 225/152/225 230/154/230 236/151/236
f 223/149/223 225/152/225 236/151/236
f 230/154/230 235/125/235 237/126/237
f 237/126/237 236/151/236 230/154/230
f 223/149/223 236/151/236 238/144/238
f 221/147/221 223/149/223 238/144/238
f 236/151/236 237/126/237 239/128/239
f 239/128/239 238/144/238 236/151/236
f 221/147/221 238/144/238 240/142/240
f 219/143/219 221/147/221 240/142/240
f 238/144/238 239/128/239 241/133/241
f 240/142/240 238/144/238 241/133/241
f 242/122/242 239/128/239 237/126/237
f 219/143/219 240/142/240 243/70/243
f 244/127/244 239/128/239 242/122/242
f 239/128/239 244/127/244 241/133/241
f 241/133/241 245/141/245 240/142/240
f 245/141/245 243/70/243 240/142/240
f 246/130/246 241/133/241 244/127/244
f 241/133/241 246/130/246 245/141/245
f 247/129/247 246/130/246 244/127/244
f 246/130/246 248/139/248 245/141/245
f 244/127/244 249/120/249 247/129/247
f 249/120/249 244/127/244 242/122/242
f 247/129/247 250/131/250 246/130/246
f 250/131/250 248/139/248 246/130/246
f 249/120/249 251/117/251 247/129/247
f 251/117/251 250/131/250 247/129/247
f 248/139/248 252/140/252 245/141/245
f 243/70/243 245/141/245 252/140/252
f 250/131/250 253/135/253 248/139/248
f 254/138/254 252/140/252 248/139/248
f 253/135/253 254/138/254 248/139/248
f 252/140/252 255/72/255 243/70/243
f 252/140/252 254/138/254 255/72/255
f 256/132/256 253/135/253 250/131/250
f 251/117/251 256/132/256 250/131/250
f 254/138/254 253/135/253 257/137/257
f 253/135/253 256/132/256 258/134/258
f 258/134/258 257/137/257 253/135/253
f 256/132/256 251/117/251 259/98/259
f 259/98/259 258/134/258 256/132/256
f 257/137/257 260/75/260 254/138/254
f 255/72/255 254/138/254 260/75/260
f 257/137/257 258/134/258 261/136/261
f 262/89/262 260/75/260 257/137/257
f 261/136/261 262/89/262 257/137/257
f 255/72/255 260/75/260 263/65/263
f 262/89/262 261/136/261 264/85/264
f 265/68/265 255/72/255 263/65/263
f 243/70/243 255/72/255 265/68/265
f 262/89/262 266/66/266 260/75/260
f 266/66/266 263/65/263 260/75/260
f 267/61/267 243/70/243 265/68/265
f 219/143/219 243/70/243 267/61/267
f 215/46/215 219/143/219 267/61/267
f 213/52/213 215/46/215 267/61/267
f 265/68/265 263/65/263 268/62/268
f 268/62/268 267/61/267 265/68/265
f 213/52/213 267/61/267 269/56/269
f 267/61/267 268/62/268 269/56/269
f 214/54/214 213/52/213 269/56/269
f 263/65/263 270/63/270 268/62/268
f 263/65/263 266/66/266 270/63/270
f 269/56/269 268/62/268 271/60/271
f 268/62/268 270/63/270 271/60/271
f 214/54/214 269/56/269 272/57/272
f 272/57/272 269/56/269 271/60/271
f 216/55/216 214/54/214 272/57/272
f 270/63/270 273/59/273 271/60/271
f 271/60/271 273/59/273 272/57/272
f 216/55/216 272/57/272 274/58/274
f 274/58/274 272/57/272 273/59/273
f 274/58/274 211/51/211 216/55/216
f 273/59/273 211/51/211 274/58/274
f 273/59/273 270/63/270 275/64/275
f 275/64/275 211/51/211 273/59/273
f 266/66/266 275/64/275 270/63/270
f 276/67/276 211/51/211 275/64/275
f 275/64/275 266/66/266 276/67/276
f 266/66/266 277/69/277 276/67/276
f 277/69/277 211/51/211 276/67/276
f 277/69/277 266/66/266 278/73/278
f 262/89/262 278/73/278 266/66/266
f 264/85/264 278/73/278 262/89/262
f 278/73/278 279/71/279 277/69/277
f 279/71/279 211/51/211 277/69/277
f 278/73/278 264/85/264 280/78/280
f 279/71/279 278/73/278 280/78/280
f 281/74/281 211/51/211 279/71/279
f 279/71/279 280/78/280 281/74/281
f 282/76/282 211/51/211 281/74/281
f 283/77/283 211/51/211 282/76/282
f 284/79/284 281/74/281 280/78/280
f 284/79/284 282/76/282 281/74/281
f 285/80/285 283/77/283 282/76/282
f 285/80/285 282/76/282 284/79/284
f 283/77/283 285/80/285 286/81/286
f 280/78/280 287/82/287 284/79/284
f 287/82/287 285/80/285 284/79/284
f 287/82/287 280/78/280 264/85/264
f 288/83/288 286/81/286 285/80/285
f 285/80/285 287/82/287 288/83/288
f 286/81/286 288/83/288 289/84/289
f 264/85/264 290/86/290 287/82/287
f 288/83/288 287/82/287 290/86/290
f 290/86/290 264/85/264 261/136/261
f 258/134/258 290/86/290 261/136/261
f 289/84/289 288/83/288 291/87/291
f 291/87/291 288/83/288 290/86/290
f 292/88/292 289/84/289 291/87/291
f 290/86/290 258/134/258 293/92/293
f 293/92/293 291/87/291 290/86/290
f 258/134/258 259/98/259 293/92/293
f 294/90/294 292/88/292 291/87/291
f 291/87/291 293/92/293 294/90/294
f 292/88/292 294/90/294 295/91/295
f 296/93/296 294/90/294 293/92/293
f 296/93/296 295/91/295 294/90/294
f 296/93/296 293/92/293 259/98/259
f 295/91/295 296/93/296 297/94/297
f 296/93/296 298/95/298 297/94/297
f 298/95/298 296/93/296 299/96/299
f 259/98/259 299/96/299 296/93/296
f 300/97/300 298/95/298 299/96/299
f 299/96/299 259/98/259 301/101/301
f 301/101/301 259/98/259 251/117/251
f 299/96/299 302/99/302 300/97/300
f 302/99/302 299/96/299 301/101/301
f 302/99/302 303/100/303 300/97/300
f 304/114/304 301/101/301 251/117/251
f 251/117/251 249/120/249 304/114/304
f 302/99/302 301/101/301 305/104/305
f 301/101/301 304/114/304 305/104/305
f 303/100/303 302/99/302 306/102/306
f 306/102/306 302/99/302 305/104/305
f 307/103/307 303/100/303 306/102/306
f 249/120/249 308/115/308 304/114/304
f 242/122/242 308/115/308 249/120/249
f 306/102/306 309/105/309 307/103/307
f 310/106/310 307/103/307 309/105/309
f 306/102/306 305/104/305 311/107/311
f 309/105/309 306/102/306 311/107/311
f 304/114/304 312/110/312 305/104/305
f 311/107/311 305/104/305 312/110/312
f 312/110/312 304/114/304 308/115/308
f 309/105/309 311/107/311 313/109/313
f 313/109/313 311/107/311 312/110/312
f 309/105/309 314/108/314 310/106/310
f 314/108/314 309/105/309 313/109/313
f 310/106/310 314/108/314 181/20/181
f 313/109/313 315/111/315 314/108/314
f 314/108/314 315/111/315 181/20/181
f 313/109/313 312/110/312 316/112/316
f 315/111/315 313/109/313 316/112/316
f 308/115/308 316/112/316 312/110/312
f 315/111/315 317/113/317 181/20/181
f 315/111/315 316/112/316 317/113/317
f 181/20/181 317/113/317 318/116/318
f 316/112/316 318/116/318 317/113/317
f 181/20/181 318/116/318 319/123/319
f 319/123/319 234/124/234 181/20/181
f 318/116/318 316/112/316 320/118/320
f 316/112/316 308/115/308 320/118/320
f 318/116/318 321/119/321 319/123/319
f 319/123/319 321/119/321 234/124/234
f 321/119/321 318/116/318 320/118/320
f 235/125/235 234/124/234 321/119/321
f 322/121/322 320/118/320 308/115/308
f 320/118/320 322/121/322 321/119/321
f 321/119/321 322/121/322 235/125/235
f 308/115/308 242/122/242 322/121/322
f 237/126/237 235/125/235 322/121/322
f 322/121/322 242/122/242 237/126/237
f 323/162/323 324/163/324 325/164/325
f 325/164/325 324/163/324 326/165/326
f 324/163/324 323/162/323 327/166/327
f 328/167/328 327/166/327 323/162/323
f 329/168/329 326/165/326 324/163/324
f 326/165/326 329/168/329 330/169/330
f 328/167/328 331/170/331 327/166/327
f 328/167/328 332/171/332 331/170/331
f 327/166/327 333/172/333 324/163/324
f 333/172/333 329/168/329 324/163/324
f 331/170/331 334/173/334 327/166/327
f 333/172/333 327/166/327 334/173/334
f 334/173/334 331/170/331 335/174/335
f 332/171/332 335/174/335 331/170/331
f 334/173/334 336/175/336 333/172/333
f 335/174/335 337/176/337 334/173/334
f 336/175/336 334/173/334 337/176/337
f 337/176/337 335/174/335 338/177/338
f 335/174/335 332/171/332 338/177/338
f 339/178/339 336/175/336 337/176/337
f 340/179/340 337/176/337 338/177/338
f 339/178/339 337/176/337 340/179/340
f 340/179/340 338/177/338 341/180/341
f 338/177/338 332/171/332 341/180/341
f 342/181/342 340/179/340 341/180/341
f 332/171/332 342/181/342 341/180/341
f 343/182/343 340/179/340 342/181/342
f 343/182/343 339/178/339 340/179/340
f 332/171/332 344/183/344 342/181/342
f 344/183/344 343/182/343 342/181/342
f 345/184/345 339/178/339 343/182/343
f 344/183/344 346/185/346 343/182/343
f 343/182/343 346/185/346 345/184/345
f 344/183/344 332/171/332 347/186/347
f 347/186/347 346/185/346 344/183/344
f 345/184/345 348/187/348 339/178/339
f 348/187/348 336/175/336 339/178/339
f 346/185/346 349/188/349 345/184/345
f 348/187/348 350/189/350 336/175/336
f 350/189/350 333/172/333 336/175/336
f 351/190/351 348/187/348 345/184/345
f 345/184/345 349/188/349 351/190/351
f 352/191/352 350/189/350 348/187/348
f 348/187/348 351/190/351 352/191/352
f 333/172/333 350/189/350 353/192/353
f 329/168/329 333/172/333 353/192/353
f 352/191/352 354/193/354 350/189/350
f 354/193/354 353/192/353 350/189/350
f 353/192/353 355/194/355 329/168/329
f 355/194/355 330/169/330 329/168/329
f 355/194/355 356/195/356 330/169/330
f 357/196/357 355/194/355 353/192/353
f 353/192/353 354/193/354 357/196/357
f 356/195/356 355/194/355 358/197/358
f 357/196/357 358/197/358 355/194/355
f 359/198/359 356/195/356 358/197/358
f 356/195/356 359/198/359 360/199/360
f 358/197/358 357/196/357 361/200/361
f 362/201/362 360/199/360 359/198/359
f 360/199/360 362/201/362 363/202/363
f 358/197/358 364/203/364 359/198/359
f 364/203/364 358/197/358 361/200/361
f 357/196/357 365/204/365 361/200/361
f 364/203/364 361/200/361 365/204/365
f 365/204/365 357/196/357 354/193/354
f 366/205/366 359/198/359 364/203/364
f 362/201/362 359/198/359 366/205/366
f 367/206/367 364/203/364 365/204/365
f 366/205/366 364/203/364 367/206/367
f 368/207/368 365/204/365 354/193/354
f 368/207/368 367/206/367 365/204/365
f 368/207/368 354/193/354 352/191/352
f 369/208/369 366/205/366 367/206/367
f 352/191/352 370/209/370 368/207/368
f 370/209/370 352/191/352 351/190/351
f 367/206/367 368/207/368 371/210/371
f 367/206/367 371/210/371 369/208/369
f 372/211/372 368/207/368 370/209/370
f 370/209/370 351/190/351 373/212/373
f 373/212/373 351/190/351 349/188/349
f 372/211/372 370/209/370 374/213/374
f 374/213/374 370/209/370 373/212/373
f 375/214/375 368/207/368 372/211/372
f 375/214/375 371/210/371 368/207/368
f 376/215/376 372/211/372 374/213/374
f 372/211/372 376/215/376 375/214/375
f 374/213/374 377/216/377 376/215/376
f 378/217/378 375/214/375 376/215/376
f 378/217/378 376/215/376 377/216/377
f 379/218/379 371/210/371 375/214/375
f 380/219/380 375/214/375 378/217/378
f 375/214/375 380/219/380 379/218/379
f 381/220/381 378/217/378 377/216/377
f 381/220/381 380/219/380 378/217/378
f 377/216/377 374/213/374 382/221/382
f 373/212/373 382/221/382 374/213/374
f 383/222/383 381/220/381 377/216/377
f 382/221/382 383/222/383 377/216/377
f 380/219/380 381/220/381 384/223/384
f 382/221/382 373/212/373 385/224/385
f 386/225/386 384/223/384 381/220/381
f 381/220/381 383/222/383 386/225/386
f 387/226/387 380/219/380 384/223/384
f 387/226/387 379/218/379 380/219/380
f 383/222/383 382/221/382 388/227/388
f 385/224/385 388/227/388 382/221/382
f 379/218/379 389/228/389 371/210/371
f 389/228/389 369/208/369 371/210/371
f 390/229/390 389/228/389 379/218/379
f 379/218/379 387/226/387 390/229/390
f 389/228/389 391/230/391 369/208/369
f 390/229/390 392/231/392 389/228/389
f 391/230/391 389/228/389 392/231/392
f 393/232/393 369/208/369 391/230/391
f 369/208/369 393/232/393 366/205/366
f 393/232/393 362/201/362 366/205/366
f 391/230/391 392/231/392 394/233/394
f 394/233/394 393/232/393 391/230/391
f 393/232/393 395/234/395 362/201/362
f 395/234/395 363/202/363 362/201/362
f 395/234/395 396/235/396 363/202/363
f 395/234/395 393/232/393 397/236/397
f 394/233/394 397/236/397 393/232/393
f 396/235/396 395/234/395 398/237/398
f 397/236/397 398/237/398 395/234/395
f 398/237/398 399/238/399 396/235/396
f 399/238/399 398/237/398 400/239/400
f 399/238/399 400/239/400 401/240/401
f 397/236/397 402/241/402 398/237/398
f 402/241/402 400/239/400 398/237/398
f 401/240/401 400/239/400 403/242/403
f 401/240/401 403/242/403 404/243/404
f 402/241/402 405/244/405 400/239/400
f 405/244/405 403/242/403 400/239/400
f 406/245/406 402/241/402 397/236/397
f 406/245/406 397/236/397 394/233/394
f 405/244/405 402/241/402 407/246/407
f 407/246/407 402/241/402 406/245/406
f 408/247/408 403/242/403 405/244/405
f 404/243/404 403/242/403 409/248/409
f 403/242/403 408/247/408 409/248/409
f 404/243/404 409/248/409 410/249/410
f 411/250/411 408/247/408 405/244/405
f 405/244/405 407/246/407 411/250/411
f 412/251/412 410/249/410 409/248/409
f 410/249/410 412/251/412 413/252/413
f 414/253/414 409/248/409 408/247/408
f 409/248/409 414/253/414 412/251/412
f 415/254/415 413/252/413 412/251/412
f 413/252/413 415/254/415 416/255/416
f 412/251/412 417/256/417 415/254/415
f 417/256/417 412/251/412 414/253/414
f 416/255/416 415/254/415 418/257/418
f 418/257/418 415/254/415 417/256/417
f 419/258/419 416/255/416 418/257/418
f 419/258/419 418/257/418 420/259/420
f 418/257/418 421/260/421 420/259/420
f 421/260/421 422/261/422 420/259/420
f 417/256/417 423/262/423 418/257/418
f 421/260/421 418/257/418 423/262/423
f 417/256/417 424/263/424 423/262/423
f 423/262/423 424/263/424 421/260/421
f 425/264/425 422/261/422 421/260/421
f 421/260/421 424/263/424 425/264/425
f 425/264/425 426/265/426 422/261/422
f 422/261/422 426/265/426 427/266/427
f 428/267/428 425/264/425 424/263/424
f 425/264/425 428/267/428 426/265/426
f 424/263/424 417/256/417 429/268/429
f 429/268/429 417/256/417 414/253/414
f 424/263/424 430/269/430 428/267/428
f 430/269/430 424/263/424 429/268/429
f 414/253/414 431/270/431 429/268/429
f 429/268/429 431/270/431 430/269/430
f 414/253/414 408/247/408 431/270/431
f 431/270/431 408/247/408 411/250/411
f 430/269/430 432/271/432 428/267/428
f 432/271/432 426/265/426 428/267/428
f 431/270/431 433/272/433 430/269/430
f 411/250/411 433/272/433 431/270/431
f 434/273/434 432/271/432 430/269/430
f 433/272/433 434/273/434 430/269/430
f 426/265/426 432/271/432 435/274/435
f 434/273/434 435/274/435 432/271/432
f 426/265/426 435/274/435 427/266/427
f 433/272/433 411/250/411 436/275/436
f 411/250/411 407/246/407 436/275/436
f 427/266/427 435/274/435 437/276/437
f 427/266/427 437/276/437 438/277/438
f 439/278/439 437/276/437 435/274/435
f 435/274/435 434/273/434 439/278/439
f 437/276/437 440/279/440 438/277/438
f 437/276/437 439/278/439 440/279/440
f 441/280/441 438/277/438 440/279/440
f 442/281/442 439/278/439 434/273/434
f 442/281/442 434/273/434 433/272/433
f 436/275/436 442/281/442 433/272/433
f 443/282/443 441/280/441 440/279/440
f 441/280/441 443/282/443 444/283/444
f 445/284/445 440/279/440 439/278/439
f 439/278/439 442/281/442 445/284/445
f 440/279/440 445/284/445 443/282/443
f 436/275/436 446/285/446 442/281/442
f 446/285/446 445/284/445 442/281/442
f 407/246/407 447/286/447 436/275/436
f 447/286/447 446/285/446 436/275/436
f 406/245/406 447/286/447 407/246/407
f 446/285/446 448/287/448 445/284/445
f 447/286/447 406/245/406 449/288/449
f 450/289/450 446/285/446 447/286/447
f 449/288/449 450/289/450 447/286/447
f 450/289/450 448/287/448 446/285/446
f 406/245/406 451/290/451 449/288/449
f 394/233/394 451/290/451 406/245/406
f 449/288/449 452/291/452 450/289/450
f 451/290/451 452/291/452 449/288/449
f 448/287/448 450/289/450 453/292/453
f 452/291/452 453/292/453 450/289/450
f 451/290/451 394/233/394 454/293/454
f 454/293/454 394/233/394 392/231/392
f 451/290/451 455/294/455 452/291/452
f 454/293/454 455/294/455 451/290/451
f 456/295/456 454/293/454 392/231/392
f 455/294/455 454/293/454 456/295/456
f 456/295/456 392/231/392 390/229/390
f 455/294/455 457/296/457 452/291/452
f 452/291/452 457/296/457 453/292/453
f 456/295/456 458/297/458 455/294/455
f 458/297/458 457/296/457 455/294/455
f 459/298/459 456/295/456 390/229/390
f 456/295/456 459/298/459 458/297/458
f 390/229/390 387/226/387 459/298/459
f 458/297/458 460/299/460 457/296/457
f 459/298/459 461/300/461 458/297/458
f 460/299/460 458/297/458 461/300/461
f 462/301/462 459/298/459 387/226/387
f 459/298/459 462/301/462 461/300/461
f 460/299/460 463/302/463 457/296/457
f 463/302/463 453/292/453 457/296/457
f 461/300/461 464/303/464 460/299/460
f 465/304/465 453/292/453 463/302/463
f 453/292/453 465/304/465 448/287/448
f 465/304/465 445/284/445 448/287/448
f 445/284/445 465/304/465 443/282/443
f 463/302/463 460/299/460 466/305/466
f 465/304/465 463/302/463 466/305/466
f 464/303/464 466/305/466 460/299/460
f 467/306/467 443/282/443 465/304/465
f 466/305/466 467/306/467 465/304/465
f 443/282/443 467/306/467 444/283/444
f 444/283/444 467/306/467 468/307/468
f 467/306/467 466/305/466 469/308/469
f 467/306/467 469/308/469 468/307/468
f 464/303/464 469/308/469 466/305/466
f 468/307/468 469/308/469 470/309/470
f 469/308/469 471/310/471 470/309/470
f 469/308/469 464/303/464 471/310/471
f 470/309/470 471/310/471 472/311/472
f 473/312/473 471/310/471 464/303/464
f 464/303/464 461/300/461 473/312/473
f 473/312/473 461/300/461 462/301/462
f 472/311/472 471/310/471 474/313/474
f 471/310/471 473/312/473 474/313/474
f 472/311/472 474/313/474 475/314/475
f 476/315/476 474/313/474 473/312/473
f 476/315/476 473/312/473 462/301/462
f 475/314/475 474/313/474 477/316/477
f 474/313/474 476/315/476 477/316/477
f 475/314/475 477/316/477 478/317/478
f 477/316/477 479/318/479 478/317/478
f 479/318/479 477/316/477 480/319/480
f 476/315/476 480/319/480 477/316/477
f 480/319/480 481/320/481 479/318/479
f 480/319/480 476/315/476 482/321/482
f 462/301/462 482/321/482 476/315/476
f 481/320/481 480/319/480 483/322/483
f 480/319/480 482/321/482 483/322/483
f 482/321/482 462/301/462 484/323/484
f 387/226/387 484/323/484 462/301/462
f 484/323/484 387/226/387 384/223/384
f 484/323/484 485/324/485 482/321/482
f 485/324/485 484/323/484 384/223/384
f 485/324/485 483/322/483 482/321/482
f 384/223/384 386/225/386 485/324/485
f 486/325/486 481/320/481 483/322/483
f 486/325/486 487/326/487 481/320/481
f 487/326/487 486/325/486 488/327/488
f 487/326/487 488/327/488 489/328/489
f 486/325/486 483/322/483 490/329/490
f 486/325/486 490/329/490 488/327/488
f 489/328/489 488/327/488 491/330/491
f 489/328/489 491/330/491 492/331/492
f 491/330/491 493/332/493 492/331/492
f 494/333/494 491/330/491 488/327/488
f 490/329/490 494/333/494 488/327/488
f 493/332/493 491/330/491 495/334/495
f 494/333/494 495/334/495 491/330/491
f 496/335/496 493/332/493 495/334/495
f 493/332/493 496/335/496 497/336/497
f 495/334/495 494/333/494 498/337/498
f 499/338/499 497/336/497 496/335/496
f 497/336/497 499/338/499 500/339/500
f 495/334/495 501/340/501 496/335/496
f 501/340/501 499/338/499 496/335/496
f 501/340/501 495/334/495 498/337/498
f 502/341/502 500/339/500 499/338/499
f 500/339/500 502/341/502 503/342/503
f 502/341/502 504/343/504 503/342/503
f 499/338/499 501/340/501 505/344/505
f 506/345/506 504/343/504 502/341/502
f 504/343/504 506/345/506 507/346/507
f 499/338/499 508/347/508 502/341/502
f 502/341/502 508/347/508 506/345/506
f 508/347/508 499/338/499 505/344/505
f 509/348/509 507/346/507 506/345/506
f 509/348/509 510/349/510 507/346/507
f 511/350/511 506/345/506 508/347/508
f 509/348/509 506/345/506 511/350/511
f 512/351/512 508/347/508 505/344/505
f 508/347/508 512/351/512 511/350/511
f 510/349/510 509/348/509 513/352/513
f 513/352/513 514/353/514 510/349/510
f 515/354/515 512/351/512 505/344/505
f 515/354/515 511/350/511 512/351/512
f 516/355/516 505/344/505 501/340/501
f 515/354/515 505/344/505 516/355/516
f 498/337/498 516/355/516 501/340/501
f 511/350/511 515/354/515 517/356/517
f 509/348/509 511/350/511 518/357/518
f 511/350/511 517/356/517 518/357/518
f 518/357/518 513/352/513 509/348/509
f 519/358/519 517/356/517 515/354/515
f 383/222/383 513/352/513 518/357/518
f 518/357/518 386/225/386 383/222/383
f 388/227/388 513/352/513 383/222/383
f 386/225/386 518/357/518 520/359/520
f 518/357/518 517/356/517 520/359/520
f 520/359/520 517/356/517 519/358/519
f 520/359/520 485/324/485 386/225/386
f 485/324/485 520/359/520 521/360/521
f 519/358/519 521/360/521 520/359/520
f 483/322/483 485/324/485 521/360/521
f 519/358/519 515/354/515 522/361/522
f 522/361/522 515/354/515 516/355/516
f 521/360/521 519/358/519 523/362/523
f 522/361/522 523/362/523 519/358/519
f 521/360/521 524/363/524 483/322/483
f 524/363/524 521/360/521 523/362/523
f 483/322/483 524/363/524 490/329/490
f 523/362/523 522/361/522 525/364/525
f 525/364/525 524/363/524 523/362/523
f 525/364/525 522/361/522 516/355/516
f 525/364/525 526/365/526 524/363/524
f 525/364/525 516/355/516 526/365/526
f 490/329/490 524/363/524 526/365/526
f 526/365/526 516/355/516 498/337/498
f 490/329/490 526/365/526 527/366/527
f 526/365/526 498/337/498 527/366/527
f 494/333/494 490/329/490 527/366/527
f 527/366/527 498/337/498 494/333/494
f 513/352/513 388/227/388 528/367/528
f 514/353/514 513/352/513 528/367/528
f 529/368/529 528/367/528 388/227/388
f 388/227/388 385/224/385 529/368/529
f 530/369/530 514/353/514 528/367/528
f 528/367/528 529/368/529 530/369/530
f 514/353/514 530/369/530 531/370/531
f 385/224/385 532/371/532 529/368/529
f 532/371/532 530/369/530 529/368/529
f 533/372/533 531/370/531 530/369/530
f 530/369/530 532/371/532 533/372/533
f 531/370/531 533/372/533 534/373/534
f 535/374/535 534/373/534 533/372/533
f 532/371/532 535/374/535 533/372/533
f 534/373/534 535/374/535 536/375/536
f 535/374/535 537/376/537 536/375/536
f 532/371/532 385/224/385 538/377/538
f 373/212/373 538/377/538 385/224/385
f 538/377/538 373/212/373 349/188/349
f 537/376/537 535/374/535 539/378/539
f 332/171/332 537/376/537 539/378/539
f 349/188/349 540/379/540 538/377/538
f 540/379/540 532/371/532 538/377/538
f 540/379/540 349/188/349 346/185/346
f 346/185/346 347/186/347 540/379/540
f 541/380/541 535/374/535 532/371/532
f 532/371/532 540/379/540 541/380/541
f 541/380/541 539/378/539 535/374/535
f 542/381/542 540/379/540 347/186/347
f 540/379/540 542/381/542 541/380/541
f 541/380/541 542/381/542 539/378/539
f 332/171/332 542/381/542 347/186/347
f 332/171/332 539/378/539 542/381/542
f 543/165/543 544/163/544 545/164/325
f 544/163/544 546/162/323 545/164/325
f 544/163/544 543/165/543 547/168/545
f 548/169/546 547/168/545 543/165/543
f 546/162/323 544/163/544 549/166/547
f 546/162/323 549/166/547 550/167/328
f 547/168/545 548/169/546 551/194/548
f 552/195/549 551/194/548 548/169/546
f 547/168/545 553/172/550 544/163/544
f 544/163/544 553/172/550 549/166/547
f 554/192/551 547/168/545 551/194/548
f 553/172/550 547/168/545 554/192/551
f 550/167/328 549/166/547 555/170/552
f 550/167/328 555/170/552 556/171/332
f 549/166/547 553/172/550 557/173/553
f 555/170/552 549/166/547 557/173/553
f 555/170/552 557/173/553 558/174/554
f 556/171/332 555/170/552 558/174/554
f 553/172/550 559/175/555 557/173/553
f 557/173/553 560/176/556 558/174/554
f 559/175/555 560/176/556 557/173/553
f 560/176/556 561/177/557 558/174/554
f 558/174/554 561/177/557 556/171/332
f 559/175/555 553/172/550 562/189/558
f 554/192/551 562/189/558 553/172/550
f 559/175/555 563/178/559 560/176/556
f 560/176/556 564/179/560 561/177/557
f 560/176/556 563/178/559 564/179/560
f 561/177/557 564/179/560 565/180/561
f 561/177/557 565/180/561 556/171/332
f 566/181/562 565/180/561 564/179/560
f 556/171/332 565/180/561 566/181/562
f 567/182/563 566/181/562 564/179/560
f 567/182/563 564/179/560 563/178/559
f 556/171/332 566/181/562 568/183/564
f 566/181/562 567/182/563 568/183/564
f 559/175/555 569/187/565 563/178/559
f 562/189/558 569/187/565 559/175/555
f 567/182/563 563/178/559 570/184/566
f 570/184/566 563/178/559 569/187/565
f 568/183/564 567/182/563 571/185/567
f 567/182/563 570/184/566 571/185/567
f 571/185/567 572/186/568 568/183/564
f 568/183/564 572/186/568 556/171/332
f 571/185/567 570/184/566 573/188/569
f 556/171/332 572/186/568 574/381/570
f 572/186/568 571/185/567 575/379/571
f 575/379/571 574/381/570 572/186/568
f 573/188/569 575/379/571 571/185/567
f 556/171/332 574/381/570 576/378/572
f 556/171/332 576/378/572 577/376/537
f 578/380/573 576/378/572 574/381/570
f 574/381/570 575/379/571 578/380/573
f 579/374/574 577/376/537 576/378/572
f 579/374/574 576/378/572 578/380/573
f 579/374/574 580/375/536 577/376/537
f 579/374/574 581/373/534 580/375/536
f 575/379/571 582/371/575 578/380/573
f 582/371/575 579/374/574 578/380/573
f 581/373/534 579/374/574 583/372/576
f 582/371/575 583/372/576 579/374/574
f 583/372/576 584/370/531 581/373/534
f 584/370/531 583/372/576 585/369/577
f 582/371/575 585/369/577 583/372/576
f 585/369/577 586/353/514 584/370/531
f 575/379/571 587/377/578 582/371/575
f 575/379/571 573/188/569 587/377/578
f 585/369/577 582/371/575 588/368/579
f 586/353/514 585/369/577 589/367/580
f 588/368/579 589/367/580 585/369/577
f 590/224/581 582/371/575 587/377/578
f 582/371/575 590/224/581 588/368/579
f 591/352/582 586/353/514 589/367/580
f 586/353/514 591/352/582 592/349/510
f 589/367/580 588/368/579 593/227/583
f 593/227/583 591/352/582 589/367/580
f 590/224/581 593/227/583 588/368/579
f 594/348/584 592/349/510 591/352/582
f 592/349/510 594/348/584 595/346/507
f 593/227/583 590/224/581 596/221/585
f 597/345/586 595/346/507 594/348/584
f 595/346/507 597/345/586 598/343/504
f 591/352/582 593/227/583 599/222/587
f 596/221/585 599/222/587 593/227/583
f 594/348/584 591/352/582 600/357/588
f 591/352/582 599/222/587 600/357/588
f 594/348/584 601/350/589 597/345/586
f 594/348/584 600/357/588 601/350/589
f 598/343/504 597/345/586 602/341/590
f 598/343/504 602/341/590 603/342/591
f 604/339/592 603/342/591 602/341/590
f 597/345/586 605/347/593 602/341/590
f 597/345/586 601/350/589 605/347/593
f 606/338/594 604/339/592 602/341/590
f 606/338/594 602/341/590 605/347/593
f 606/338/594 607/336/595 604/339/592
f 601/350/589 608/351/596 605/347/593
f 607/336/595 606/338/594 609/335/597
f 609/335/597 610/332/598 607/336/595
f 611/344/599 606/338/594 605/347/593
f 608/351/596 611/344/599 605/347/593
f 612/340/600 609/335/597 606/338/594
f 612/340/600 606/338/594 611/344/599
f 610/332/598 609/335/597 613/334/601
f 612/340/600 613/334/601 609/335/597
f 614/354/602 611/344/599 608/351/596
f 601/350/589 614/354/602 608/351/596
f 615/355/603 612/340/600 611/344/599
f 614/354/602 615/355/603 611/344/599
f 613/334/601 612/340/600 616/337/604
f 616/337/604 612/340/600 615/355/603
f 614/354/602 601/350/589 617/356/605
f 601/350/589 600/357/588 617/356/605
f 618/361/606 615/355/603 614/354/602
f 617/356/605 619/358/607 614/354/602
f 614/354/602 619/358/607 618/361/606
f 600/357/588 620/359/608 617/356/605
f 620/359/608 619/358/607 617/356/605
f 600/357/588 621/225/609 620/359/608
f 621/225/609 600/357/588 599/222/587
f 622/360/610 619/358/607 620/359/608
f 623/362/611 618/361/606 619/358/607
f 619/358/607 622/360/610 623/362/611
f 618/361/606 623/362/611 624/364/612
f 624/364/612 615/355/603 618/361/606
f 625/363/613 624/364/612 623/362/611
f 622/360/610 625/363/613 623/362/611
f 624/364/612 626/365/614 615/355/603
f 624/364/612 625/363/613 626/365/614
f 626/365/614 616/337/604 615/355/603
f 620/359/608 627/324/615 622/360/610
f 627/324/615 620/359/608 621/225/609
f 626/365/614 628/366/616 616/337/604
f 628/366/616 629/333/617 616/337/604
f 613/334/601 616/337/604 629/333/617
f 628/366/616 626/365/614 630/329/618
f 630/329/618 629/333/617 628/366/616
f 625/363/613 630/329/618 626/365/614
f 629/333/617 631/330/619 613/334/601
f 631/330/619 610/332/598 613/334/601
f 631/330/619 632/331/620 610/332/598
f 633/328/621 632/331/620 631/330/619
f 634/327/622 631/330/619 629/333/617
f 634/327/622 633/328/621 631/330/619
f 629/333/617 630/329/618 634/327/622
f 633/328/621 634/327/622 635/326/623
f 636/325/624 635/326/623 634/327/622
f 634/327/622 630/329/618 636/325/624
f 636/325/624 637/320/481 635/326/623
f 638/322/625 636/325/624 630/329/618
f 636/325/624 638/322/625 637/320/481
f 630/329/618 625/363/613 638/322/625
f 625/363/613 622/360/610 638/322/625
f 638/322/625 622/360/610 627/324/615
f 639/319/626 637/320/481 638/322/625
f 637/320/481 639/319/626 640/318/627
f 641/321/628 638/322/625 627/324/615
f 641/321/628 639/319/626 638/322/625
f 642/316/629 640/318/627 639/319/626
f 640/318/627 642/316/629 643/317/478
f 642/316/629 644/314/475 643/317/478
f 639/319/626 645/315/630 642/316/629
f 645/315/630 639/319/626 641/321/628
f 644/314/475 642/316/629 646/313/631
f 645/315/630 646/313/631 642/316/629
f 646/313/631 647/311/472 644/314/475
f 641/321/628 648/301/632 645/315/630
f 647/311/472 646/313/631 649/310/633
f 650/309/470 647/311/472 649/310/633
f 646/313/631 645/315/630 651/312/634
f 651/312/634 649/310/633 646/313/631
f 645/315/630 648/301/632 651/312/634
f 650/309/470 649/310/633 652/308/635
f 653/307/468 650/309/470 652/308/635
f 649/310/633 651/312/634 654/303/636
f 654/303/636 652/308/635 649/310/633
f 652/308/635 655/306/637 653/307/468
f 656/283/638 653/307/468 655/306/637
f 652/308/635 654/303/636 657/305/639
f 657/305/639 655/306/637 652/308/635
f 654/303/636 651/312/634 658/300/640
f 651/312/634 648/301/632 658/300/640
f 657/305/639 654/303/636 659/299/641
f 654/303/636 658/300/640 659/299/641
f 656/283/638 655/306/637 660/282/642
f 660/282/642 661/280/643 656/283/638
f 655/306/637 657/305/639 662/304/644
f 655/306/637 662/304/644 660/282/642
f 661/280/643 660/282/642 663/279/645
f 664/277/646 661/280/643 663/279/645
f 662/304/644 665/284/647 660/282/642
f 663/279/645 660/282/642 665/284/647
f 664/277/646 663/279/645 666/276/648
f 667/266/649 664/277/646 666/276/648
f 666/276/648 663/279/645 668/278/650
f 663/279/645 665/284/647 668/278/650
f 667/266/649 666/276/648 669/274/651
f 666/276/648 668/278/650 669/274/651
f 667/266/649 669/274/651 670/265/652
f 671/261/422 667/266/649 670/265/652
f 669/274/651 668/278/650 672/273/653
f 670/265/652 669/274/651 673/271/654
f 672/273/653 673/271/654 669/274/651
f 674/264/655 671/261/422 670/265/652
f 675/267/656 670/265/652 673/271/654
f 670/265/652 675/267/656 674/264/655
f 674/264/655 676/260/657 671/261/422
f 676/260/657 677/259/420 671/261/422
f 678/263/658 674/264/655 675/267/656
f 674/264/655 678/263/658 676/260/657
f 679/269/659 675/267/656 673/271/654
f 679/269/659 678/263/658 675/267/656
f 672/273/653 679/269/659 673/271/654
f 680/262/660 676/260/657 678/263/658
f 681/257/661 677/259/420 676/260/657
f 681/257/661 676/260/657 680/262/660
f 682/258/662 677/259/420 681/257/661
f 681/257/661 683/255/663 682/258/662
f 678/263/658 684/256/664 680/262/660
f 684/256/664 681/257/661 680/262/660
f 683/255/663 681/257/661 685/254/665
f 681/257/661 684/256/664 685/254/665
f 685/254/665 686/252/413 683/255/663
f 686/252/413 685/254/665 687/251/666
f 684/256/664 687/251/666 685/254/665
f 687/251/666 688/249/667 686/252/413
f 684/256/664 678/263/658 689/268/668
f 679/269/659 689/268/668 678/263/658
f 687/251/666 684/256/664 690/253/669
f 689/268/668 690/253/669 684/256/664
f 688/249/667 687/251/666 691/248/670
f 690/253/669 691/248/670 687/251/666
f 691/248/670 692/243/404 688/249/667
f 690/253/669 689/268/668 693/270/671
f 679/269/659 693/270/671 689/268/668
f 691/248/670 690/253/669 694/247/672
f 690/253/669 693/270/671 694/247/672
f 695/242/673 692/243/404 691/248/670
f 694/247/672 695/242/673 691/248/670
f 695/242/673 696/240/674 692/243/404
f 693/270/671 679/269/659 697/272/675
f 697/272/675 679/269/659 672/273/653
f 696/240/674 695/242/673 698/239/676
f 698/239/676 699/238/399 696/240/674
f 694/247/672 700/244/677 695/242/673
f 700/244/677 698/239/676 695/242/673
f 693/270/671 701/250/678 694/247/672
f 701/250/678 700/244/677 694/247/672
f 701/250/678 693/270/671 697/272/675
f 702/237/679 699/238/399 698/239/676
f 702/237/679 703/235/680 699/238/399
f 704/241/681 698/239/676 700/244/677
f 704/241/681 702/237/679 698/239/676
f 700/244/677 701/250/678 705/246/682
f 705/246/682 704/241/681 700/244/677
f 703/235/680 702/237/679 706/234/683
f 706/234/683 707/202/684 703/235/680
f 708/236/685 702/237/679 704/241/681
f 708/236/685 706/234/683 702/237/679
f 707/202/684 706/234/683 709/201/686
f 709/201/686 710/199/687 707/202/684
f 711/232/688 706/234/683 708/236/685
f 706/234/683 711/232/688 709/201/686
f 704/241/681 712/245/689 708/236/685
f 705/246/682 712/245/689 704/241/681
f 710/199/687 709/201/686 713/198/690
f 713/198/690 552/195/549 710/199/687
f 709/201/686 714/205/691 713/198/690
f 714/205/691 709/201/686 711/232/688
f 552/195/549 713/198/690 715/197/692
f 552/195/549 715/197/692 551/194/548
f 714/205/691 716/203/693 713/198/690
f 716/203/693 715/197/692 713/198/690
f 715/197/692 717/196/694 551/194/548
f 551/194/548 717/196/694 554/192/551
f 715/197/692 716/203/693 718/200/695
f 715/197/692 718/200/695 717/196/694
f 716/203/693 719/204/696 718/200/695
f 719/204/696 717/196/694 718/200/695
f 720/193/697 554/192/551 717/196/694
f 717/196/694 719/204/696 720/193/697
f 554/192/551 720/193/697 562/189/558
f 719/204/696 716/203/693 721/206/698
f 714/205/691 721/206/698 716/203/693
f 722/207/699 720/193/697 719/204/696
f 721/206/698 722/207/699 719/204/696
f 723/191/700 562/189/558 720/193/697
f 720/193/697 722/207/699 723/191/700
f 562/189/558 723/191/700 569/187/565
f 724/208/701 721/206/698 714/205/691
f 711/232/688 724/208/701 714/205/691
f 723/191/700 725/190/702 569/187/565
f 569/187/565 725/190/702 570/184/566
f 573/188/569 570/184/566 725/190/702
f 725/190/702 723/191/700 726/209/703
f 722/207/699 726/209/703 723/191/700
f 573/188/569 725/190/702 727/212/704
f 726/209/703 727/212/704 725/190/702
f 587/377/578 573/188/569 727/212/704
f 727/212/704 590/224/581 587/377/578
f 727/212/704 596/221/585 590/224/581
f 728/213/705 727/212/704 726/209/703
f 596/221/585 727/212/704 728/213/705
f 722/207/699 729/211/706 726/209/703
f 729/211/706 728/213/705 726/209/703
f 728/213/705 730/216/707 596/221/585
f 599/222/587 596/221/585 730/216/707
f 731/215/708 728/213/705 729/211/706
f 730/216/707 728/213/705 731/215/708
f 729/211/706 722/207/699 732/214/709
f 732/214/709 731/215/708 729/211/706
f 733/220/710 599/222/587 730/216/707
f 733/220/710 621/225/609 599/222/587
f 734/217/711 730/216/707 731/215/708
f 733/220/710 730/216/707 734/217/711
f 732/214/709 734/217/711 731/215/708
f 621/225/609 733/220/710 735/223/712
f 735/223/712 627/324/615 621/225/609
f 733/220/710 734/217/711 736/219/713
f 736/219/713 735/223/712 733/220/710
f 732/214/709 736/219/713 734/217/711
f 627/324/615 735/223/712 737/323/714
f 737/323/714 641/321/628 627/324/615
f 648/301/632 641/321/628 737/323/714
f 737/323/714 735/223/712 738/226/715
f 737/323/714 738/226/715 648/301/632
f 738/226/715 735/223/712 736/219/713
f 736/219/713 732/214/709 739/218/716
f 739/218/716 738/226/715 736/219/713
f 740/210/717 732/214/709 722/207/699
f 732/214/709 740/210/717 739/218/716
f 721/206/698 740/210/717 722/207/699
f 724/208/701 740/210/717 721/206/698
f 741/228/718 739/218/716 740/210/717
f 740/210/717 724/208/701 741/228/718
f 738/226/715 739/218/716 742/229/719
f 741/228/718 742/229/719 739/218/716
f 648/301/632 738/226/715 743/298/720
f 742/229/719 743/298/720 738/226/715
f 743/298/720 658/300/640 648/301/632
f 741/228/718 724/208/701 744/230/721
f 724/208/701 711/232/688 744/230/721
f 658/300/640 743/298/720 745/297/722
f 659/299/641 658/300/640 745/297/722
f 743/298/720 742/229/719 746/295/723
f 746/295/723 745/297/722 743/298/720
f 742/229/719 741/228/718 747/231/724
f 742/229/719 747/231/724 746/295/723
f 744/230/721 747/231/724 741/228/718
f 744/230/721 711/232/688 748/233/725
f 748/233/725 747/231/724 744/230/721
f 708/236/685 748/233/725 711/232/688
f 748/233/725 708/236/685 712/245/689
f 749/293/726 746/295/723 747/231/724
f 748/233/725 749/293/726 747/231/724
f 749/293/726 750/294/727 746/295/723
f 745/297/722 746/295/723 750/294/727
f 751/290/728 749/293/726 748/233/725
f 750/294/727 749/293/726 751/290/728
f 712/245/689 751/290/728 748/233/725
f 745/297/722 750/294/727 752/296/729
f 745/297/722 752/296/729 659/299/641
f 750/294/727 751/290/728 753/291/730
f 750/294/727 753/291/730 752/296/729
f 712/245/689 754/288/731 751/290/728
f 754/288/731 753/291/730 751/290/728
f 752/296/729 755/302/732 659/299/641
f 657/305/639 659/299/641 755/302/732
f 662/304/644 657/305/639 755/302/732
f 755/302/732 752/296/729 756/292/733
f 756/292/733 662/304/644 755/302/732
f 753/291/730 756/292/733 752/296/729
f 662/304/644 756/292/733 757/287/734
f 665/284/647 662/304/644 757/287/734
f 756/292/733 753/291/730 758/289/735
f 757/287/734 756/292/733 758/289/735
f 754/288/731 758/289/735 753/291/730
f 759/285/736 665/284/647 757/287/734
f 758/289/735 759/285/736 757/287/734
f 754/288/731 760/286/737 758/289/735
f 758/289/735 760/286/737 759/285/736
f 712/245/689 760/286/737 754/288/731
f 760/286/737 712/245/689 705/246/682
f 705/246/682 761/275/738 760/286/737
f 760/286/737 761/275/738 759/285/736
f 761/275/738 705/246/682 701/250/678
f 697/272/675 761/275/738 701/250/678
f 761/275/738 762/281/739 759/285/736
f 762/281/739 761/275/738 697/272/675
f 665/284/647 759/285/736 762/281/739
f 762/281/739 697/272/675 672/273/653
f 668/278/650 665/284/647 762/281/739
f 762/281/739 672/273/653 668/278/650
f 763/382/740 764/383/741 765/384/742
f 765/384/742 766/385/743 763/382/740
f 765/384/742 764/383/741 767/386/744
f 768/387/745 766/385/743 765/384/742
f 767/386/744 769/388/746 765/384/742
f 765/384/742 770/389/747 768/387/745
f 765/384/742 769/388/746 771/390/748
f 772/391/749 770/389/747 765/384/742
f 771/390/748 773/392/750 765/384/742
f 765/384/742 774/393/751 772/391/749
f 765/384/742 773/392/750 775/394/752
f 765/384/742 776/395/753 774/393/751
f 775/394/752 777/396/754 765/384/742
f 765/384/742 778/397/755 776/395/753
f 765/384/742 777/396/754 779/398/756
f 780/399/757 778/397/755 765/384/742
f 779/398/756 781/400/758 765/384/742
f 765/384/742 782/401/759 780/399/757
f 765/384/742 781/400/758 783/402/760
f 783/402/760 782/401/759 765/384/742
f 784/382/761 785/384/762 786/383/763
f 785/384/762 784/382/761 787/385/764
f 785/384/762 788/386/765 786/383/763
f 789/387/766 785/384/762 787/385/764
f 788/386/765 785/384/762 790/388/767
f 785/384/762 789/387/766 791/389/768
f 785/384/762 792/390/769 790/388/767
f 793/391/770 785/384/762 791/389/768
f 792/390/769 785/384/762 794/392/771
f 785/384/762 793/391/770 795/393/772
f 785/384/762 796/394/773 794/392/771
f 785/384/762 795/393/772 797/395/774
f 796/394/773 785/384/762 798/396/775
f 799/397/776 785/384/762 797/395/774
f 785/384/762 800/398/777 798/396/775
f 801/399/778 785/384/762 799/397/776
f 800/398/777 785/384/762 802/400/779
f 785/384/762 801/399/778 803/401/780
f 785/384/762 804/402/781 802/400/779
f 804/402/781 785/384/762 803/401/780
