# Blender 4.4.1
# www.blender.org
mtllib enemy3.mtl
o MN157_J01
v 0.635588 -0.231108 -0.327219
v 0.622882 -0.264668 -0.351377
v 0.627067 -0.226614 -0.339107
v 0.630579 -0.268432 -0.340072
v 0.619264 -0.301784 -0.356733
v 0.626117 -0.304832 -0.346022
v 0.664171 -0.226917 -0.260561
v 0.670619 -0.264313 -0.253867
v 0.660522 -0.231762 -0.272165
v 0.666767 -0.268547 -0.264785
v 0.673914 -0.301592 -0.247206
v 0.669850 -0.305231 -0.257433
v 0.622882 -0.264668 0.351377
v 0.635589 -0.231108 0.327219
v 0.627067 -0.226614 0.339107
v 0.630579 -0.268432 0.340072
v 0.619265 -0.301784 0.356733
v 0.626117 -0.304832 0.346022
v 0.660522 -0.231762 0.272165
v 0.670619 -0.264313 0.253867
v 0.664171 -0.226917 0.260561
v 0.666767 -0.268547 0.264785
v 0.673914 -0.301592 0.247206
v 0.669850 -0.305231 0.257433
v 0.593876 -0.081453 -0.310676
v 0.543573 -0.060815 -0.369942
v 0.537090 -0.043565 -0.363275
v 0.583864 -0.052400 -0.289463
v 0.535711 -0.031945 -0.349428
v 0.622389 -0.106321 -0.270686
v 0.614406 -0.076187 -0.246353
v 0.642455 -0.126249 -0.241878
v 0.644064 -0.111102 -0.203750
v 0.656859 -0.133281 -0.191140
v 0.656108 -0.149170 -0.207910
v 0.644183 -0.170361 -0.272812
v 0.631325 -0.137172 -0.276446
v 0.612515 -0.153637 -0.332699
v 0.623987 -0.188506 -0.328302
v 0.594928 -0.189536 -0.384905
v 0.587226 -0.171556 -0.384313
v 0.602569 -0.204169 -0.372962
v 0.593876 -0.081453 0.310676
v 0.537090 -0.043565 0.363275
v 0.543573 -0.060815 0.369942
v 0.583864 -0.052400 0.289463
v 0.535711 -0.031945 0.349428
v 0.622389 -0.106321 0.270686
v 0.614406 -0.076187 0.246353
v 0.642455 -0.126249 0.241878
v 0.644064 -0.111102 0.203750
v 0.656859 -0.133280 0.191140
v 0.656108 -0.149170 0.207910
v 0.644183 -0.170361 0.272812
v 0.631325 -0.137172 0.276446
v 0.612515 -0.153637 0.332699
v 0.623987 -0.188506 0.328302
v 0.594928 -0.189536 0.384905
v 0.587226 -0.171556 0.384313
v 0.602569 -0.204169 0.372962
v 0.090411 -0.527263 -0.657990
v 0.045809 -0.555586 -0.638331
v 0.046622 -0.559648 -0.661534
v 0.092891 -0.537297 -0.670577
v 0.056260 -0.572275 -0.689911
v 0.139217 -0.494067 -0.692783
v 0.156529 -0.472692 -0.679307
v 0.093352 -0.556555 -0.698010
v 0.062401 -0.588338 -0.720057
v 0.124661 -0.530881 -0.715264
v 0.094502 -0.576460 -0.729977
v 0.070950 -0.607998 -0.750513
v 0.111176 -0.564191 -0.739606
v 0.096936 -0.596660 -0.760975
v 0.071849 -0.612989 -0.762276
v 0.131166 -0.527807 -0.776818
v 0.089177 -0.605937 -0.769369
v 0.072197 -0.614153 -0.771963
v 0.109521 -0.582991 -0.781879
v 0.081837 -0.610265 -0.776161
v 0.071772 -0.611739 -0.785034
v 0.097995 -0.598026 -0.783496
v 0.086925 -0.606062 -0.784380
v 0.084096 -0.595370 -0.801398
v 0.087337 -0.576975 -0.807887
v 0.079457 -0.604915 -0.794271
v 0.060593 -0.603175 -0.799559
v 0.066570 -0.609469 -0.792435
v 0.060349 -0.612070 -0.789839
v 0.053196 -0.589637 -0.809309
v 0.049486 -0.607660 -0.795414
v 0.056019 -0.615435 -0.781044
v 0.062037 -0.616208 -0.774094
v 0.072197 -0.614153 -0.771963
v 0.071849 -0.612989 -0.762276
v 0.054282 -0.616361 -0.765657
v 0.070950 -0.607998 -0.750513
v 0.043898 -0.614613 -0.778003
v 0.044449 -0.612432 -0.755407
v 0.062401 -0.588338 -0.720057
v 0.035255 -0.597169 -0.798118
v 0.030504 -0.609353 -0.773685
v 0.018335 -0.590758 -0.727410
v 0.056260 -0.572275 -0.689911
v -0.009553 -0.575722 -0.753424
v -0.001264 -0.567400 -0.691184
v 0.046622 -0.559648 -0.661534
v -0.041036 -0.539635 -0.727882
v -0.002158 -0.547350 -0.796553
v 0.030790 -0.532186 -0.816734
v -0.038084 -0.493365 -0.779009
v 0.085754 -0.513281 -0.814042
v -0.001686 -0.464090 -0.805819
v 0.148012 -0.472433 -0.760956
v 0.084497 -0.439014 -0.803710
v 0.164307 -0.417486 -0.739795
v 0.081000 -0.371503 -0.780915
v 0.185256 -0.373194 -0.710867
v 0.197778 -0.356656 -0.706056
v 0.074803 -0.301626 -0.749098
v 0.074809 -0.260470 -0.734101
v -0.035638 -0.389781 -0.774777
v -0.053882 -0.334383 -0.741617
v -0.075125 -0.289391 -0.721304
v -0.130148 -0.350024 -0.701501
v -0.106308 -0.373416 -0.712107
v -0.124015 -0.468058 -0.667710
v -0.075427 -0.428676 -0.749027
v -0.096142 -0.473280 -0.676665
v -0.076644 -0.516840 -0.650997
v -0.068861 -0.500421 -0.703141
v -0.064137 -0.515018 -0.657672
v -0.028710 -0.547809 -0.637022
v -0.048827 -0.522904 -0.686935
v -0.015016 -0.554428 -0.659350
v 0.045809 -0.555586 -0.638331
v 0.090411 -0.527263 0.657990
v 0.046622 -0.559648 0.661534
v 0.045809 -0.555586 0.638331
v 0.092891 -0.537297 0.670577
v 0.056260 -0.572275 0.689911
v 0.139217 -0.494068 0.692783
v 0.156529 -0.472692 0.679307
v 0.093352 -0.556555 0.698010
v 0.062401 -0.588338 0.720057
v 0.124661 -0.530881 0.715264
v 0.094502 -0.576460 0.729977
v 0.070950 -0.607998 0.750513
v 0.111176 -0.564191 0.739606
v 0.096936 -0.596660 0.760975
v 0.071849 -0.612989 0.762276
v 0.131166 -0.527807 0.776818
v 0.089177 -0.605937 0.769369
v 0.072197 -0.614153 0.771963
v 0.109521 -0.582991 0.781879
v 0.081837 -0.610265 0.776161
v 0.071772 -0.611739 0.785034
v 0.097995 -0.598026 0.783496
v 0.086925 -0.606062 0.784380
v 0.084096 -0.595370 0.801398
v 0.087337 -0.576975 0.807887
v 0.079457 -0.604915 0.794271
v 0.060593 -0.603175 0.799559
v 0.066569 -0.609469 0.792435
v 0.060349 -0.612070 0.789839
v 0.053196 -0.589637 0.809309
v 0.049486 -0.607660 0.795414
v 0.056019 -0.615435 0.781044
v 0.062037 -0.616208 0.774094
v 0.072197 -0.614153 0.771963
v 0.071849 -0.612989 0.762276
v 0.054282 -0.616361 0.765657
v 0.070950 -0.607998 0.750513
v 0.043898 -0.614613 0.778003
v 0.044449 -0.612432 0.755407
v 0.062401 -0.588338 0.720057
v 0.035255 -0.597169 0.798118
v 0.030504 -0.609353 0.773685
v 0.018335 -0.590758 0.727410
v 0.056260 -0.572275 0.689911
v -0.009553 -0.575721 0.753424
v -0.001264 -0.567400 0.691184
v 0.046622 -0.559648 0.661534
v -0.041036 -0.539635 0.727882
v -0.002158 -0.547350 0.796553
v 0.030790 -0.532186 0.816734
v -0.038084 -0.493365 0.779009
v 0.085754 -0.513281 0.814042
v -0.001686 -0.464090 0.805819
v 0.148012 -0.472433 0.760956
v 0.084497 -0.439014 0.803710
v 0.164307 -0.417486 0.739795
v 0.081000 -0.371503 0.780915
v 0.185256 -0.373195 0.710867
v 0.197778 -0.356657 0.706056
v 0.074803 -0.301626 0.749098
v 0.074809 -0.260470 0.734101
v -0.035638 -0.389781 0.774777
v -0.053882 -0.334383 0.741617
v -0.075125 -0.289391 0.721304
v -0.130148 -0.350024 0.701501
v -0.106308 -0.373417 0.712107
v -0.124015 -0.468058 0.667710
v -0.075427 -0.428676 0.749027
v -0.096142 -0.473280 0.676664
v -0.076644 -0.516840 0.650997
v -0.068861 -0.500421 0.703141
v -0.064137 -0.515018 0.657672
v -0.028710 -0.547809 0.637022
v -0.048827 -0.522904 0.686935
v -0.015016 -0.554428 0.659350
v 0.045809 -0.555586 0.638331
v -0.067604 0.565443 -0.000085
v -0.063154 0.556823 -0.000079
v -0.067606 0.565419 -0.000287
v -0.068417 0.565897 -0.000086
v -0.063167 0.556681 -0.001272
v -0.042496 0.503452 -0.000052
v -0.067774 0.565340 -0.000543
v -0.042549 0.502868 -0.004939
v -0.019848 0.457611 -0.000024
v -0.064159 0.556216 -0.002787
v -0.068000 0.565263 -0.000702
v -0.020213 0.456734 -0.007982
v 0.010362 0.418630 0.000013
v -0.046619 0.500988 -0.011150
v -0.065488 0.555756 -0.003727
v -0.068438 0.565189 -0.000733
v -0.052075 0.499131 -0.015014
v -0.068082 0.555326 -0.003913
v -0.068693 0.565139 -0.000611
v -0.068892 0.565114 -0.000368
v -0.068955 0.565116 -0.000086
v -0.071135 0.554891 -0.000089
v -0.070762 0.554884 -0.001753
v -0.075247 0.495644 -0.000093
v -0.069588 0.555028 -0.003192
v -0.073719 0.495615 -0.006921
v -0.086031 0.444916 -0.000106
v -0.062718 0.497409 -0.015782
v -0.068902 0.496197 -0.012831
v -0.082300 0.444656 -0.010495
v -0.096883 0.404890 -0.000118
v -0.062131 0.447769 -0.029391
v -0.093460 0.405007 -0.017179
v -0.122083 0.362644 -0.000150
v -0.074059 0.445712 -0.022475
v -0.114939 0.361431 -0.032023
v -0.187008 0.312437 -0.000228
v -0.080099 0.405820 -0.035666
v -0.060853 0.407662 -0.046737
v -0.039489 0.450646 -0.029280
v -0.027542 0.453745 -0.021231
v -0.026751 0.410651 -0.047968
v -0.057531 0.357752 -0.091190
v -0.092948 0.358135 -0.061501
v -0.166758 0.315132 -0.072240
v -0.131621 0.308981 -0.111805
v -0.228678 0.278949 -0.075688
v -0.248022 0.281483 -0.000238
v -0.208250 0.278698 -0.123734
v -0.329433 0.230352 -0.128390
v -0.359772 0.237189 -0.000230
v -0.170166 0.275170 -0.155735
v -0.452122 0.158293 -0.179217
v -0.482423 0.158908 -0.000210
v -0.584662 0.080635 -0.000160
v -0.301879 0.228563 -0.196109
v -0.548584 0.076003 -0.220749
v -0.654910 -0.011514 -0.000127
v -0.415139 0.154287 -0.271278
v -0.236623 0.222084 -0.233509
v -0.329002 0.148160 -0.340477
v -0.613866 -0.016591 -0.251590
v -0.704541 -0.117616 -0.000230
v -0.496266 0.068612 -0.331262
v -0.663313 -0.120578 -0.273119
v -0.727797 -0.222669 -0.000129
v -0.556455 -0.021491 -0.378176
v -0.401900 0.061765 -0.418228
v -0.456992 -0.025947 -0.480858
v -0.602042 -0.123887 -0.411776
v -0.684162 -0.225066 -0.281300
v -0.722353 -0.342742 -0.000000
v -0.491615 -0.129557 -0.526655
v -0.623237 -0.231369 -0.425645
v -0.685040 -0.344761 -0.280502
v -0.677155 -0.462868 -0.263073
v -0.708711 -0.458605 -0.000000
v -0.624266 -0.344821 -0.422644
v -0.615227 -0.573863 -0.235768
v -0.648321 -0.570045 -0.000000
v -0.613601 -0.462016 -0.402937
v -0.559340 -0.570839 -0.356161
v -0.500883 -0.463327 -0.519908
v -0.513152 -0.239991 -0.546320
v -0.514326 -0.347131 -0.541504
v -0.396283 -0.242794 -0.620947
v -0.400892 -0.350345 -0.612145
v -0.358256 -0.129782 -0.599297
v -0.281966 -0.347117 -0.659353
v -0.314594 -0.025463 -0.550926
v -0.279923 -0.237786 -0.666156
v -0.194928 -0.119612 -0.655759
v -0.274761 0.057278 -0.488856
v -0.170815 -0.029589 -0.595746
v -0.160661 -0.210209 -0.686191
v -0.223573 0.143087 -0.405601
v -0.248480 -0.336948 -0.670084
v -0.165575 0.219731 -0.298584
v -0.143601 0.058360 -0.531717
v -0.107018 0.140787 -0.443243
v -0.125022 0.273700 -0.204435
v -0.071490 0.215665 -0.323034
v -0.095552 0.307921 -0.141586
v -0.054326 0.306119 -0.156845
v -0.058714 0.265131 -0.218142
v -0.004389 0.351286 -0.092189
v 0.014206 0.300634 -0.162193
v 0.024561 0.266021 -0.243409
v -0.012545 0.412757 -0.042650
v 0.025153 0.350479 -0.088523
v 0.000761 0.415525 -0.030447
v 0.008497 0.417743 -0.014729
v 0.059864 0.350974 -0.069603
v 0.063007 0.301463 -0.156259
v 0.084440 0.352932 -0.038296
v 0.093348 0.354128 0.000116
v 0.120526 0.301876 -0.121388
v 0.162339 0.304186 -0.065592
v 0.179471 0.309031 0.000208
v 0.096486 0.262917 -0.234045
v 0.178387 0.261405 -0.178774
v 0.240514 0.262487 -0.093888
v 0.264147 0.269953 0.000231
v 0.254328 0.212434 -0.250850
v 0.339242 0.214428 -0.126901
v 0.374761 0.211599 0.000240
v 0.039827 0.213559 -0.351866
v 0.137152 0.215129 -0.336462
v 0.056069 0.139259 -0.471276
v 0.188294 0.138903 -0.441348
v 0.067633 0.059576 -0.550047
v 0.072365 -0.022483 -0.620848
v 0.224911 0.061294 -0.520680
v 0.346662 0.136454 -0.328305
v 0.076168 -0.102928 -0.670234
v 0.253431 -0.016119 -0.585986
v 0.420147 0.065674 -0.388812
v 0.457095 0.140162 -0.168388
v 0.497561 0.137235 0.000217
v 0.576015 0.060312 0.000157
v 0.530816 0.068092 -0.209994
v 0.637998 -0.022324 0.000124
v 0.581333 -0.011427 -0.236365
v 0.685032 -0.121451 0.000135
v 0.476956 -0.013068 -0.436187
v 0.630796 -0.113492 -0.255821
v 0.706121 -0.237651 0.000066
v 0.272804 -0.108923 -0.638354
v 0.518925 -0.104654 -0.483255
v 0.662715 -0.227409 -0.264448
v 0.074321 -0.153161 -0.691451
v 0.280269 -0.211766 -0.669800
v 0.531002 -0.219849 -0.501505
v 0.669157 -0.345004 -0.261430
v 0.706944 -0.351744 -0.000000
v 0.534324 -0.343971 -0.496788
v 0.304855 -0.338074 -0.672521
v 0.655309 -0.465684 -0.252295
v 0.700207 -0.462756 -0.000000
v 0.513193 -0.469957 -0.479157
v 0.594477 -0.564335 -0.221843
v 0.643803 -0.562016 -0.000000
v 0.543327 -0.658239 -0.000000
v 0.465869 -0.570104 -0.421065
v 0.498104 -0.658452 -0.182865
v 0.412064 -0.715222 -0.000000
v 0.262191 -0.480253 -0.662233
v 0.379925 -0.714452 -0.144121
v 0.287467 -0.738073 0.000000
v 0.384727 -0.663118 -0.344323
v 0.266358 -0.741928 -0.101291
v -0.000043 -0.766564 0.000000
v 0.290697 -0.717400 -0.268230
v 0.202092 -0.673798 -0.475610
v 0.204084 -0.745045 -0.187086
v 0.244112 -0.576396 -0.591711
v 0.167516 -0.577477 -0.617790
v 0.156843 -0.726147 -0.356338
v 0.205183 -0.475540 -0.679485
v 0.139276 -0.738055 -0.308725
v 0.242561 -0.339616 -0.689513
v 0.197778 -0.356656 -0.706056
v 0.218981 -0.254204 -0.681639
v 0.156529 -0.472692 -0.679307
v 0.074809 -0.260470 -0.734101
v 0.102934 -0.572438 -0.627573
v 0.090411 -0.527263 -0.657990
v 0.045809 -0.555586 -0.638331
v 0.075086 -0.199795 -0.710771
v -0.075125 -0.289391 -0.721304
v -0.119866 -0.245455 -0.706177
v -0.130148 -0.350024 -0.701501
v -0.185426 -0.342717 -0.684760
v -0.166742 -0.465487 -0.652050
v -0.124015 -0.468058 -0.667710
v -0.211829 -0.466042 -0.637367
v -0.099065 -0.528212 -0.633173
v -0.076644 -0.516840 -0.650997
v -0.130608 -0.567531 -0.596161
v -0.033522 -0.561197 -0.622791
v -0.028710 -0.547809 -0.637022
v -0.265245 -0.465746 -0.622389
v 0.040014 -0.578084 -0.619369
v -0.028817 -0.613304 -0.574639
v 0.106127 -0.618839 -0.592513
v 0.036676 -0.622221 -0.581030
v 0.077093 -0.680531 -0.502232
v -0.008710 -0.674544 -0.503765
v 0.060271 -0.708816 -0.441824
v -0.097352 -0.656803 -0.491246
v -0.012924 -0.697067 -0.452829
v 0.114529 -0.727784 -0.369617
v 0.041072 -0.726811 -0.394798
v -0.081461 -0.694232 -0.441775
v 0.089113 -0.734330 -0.356743
v -0.020510 -0.719355 -0.407221
v 0.105012 -0.738220 -0.318528
v 0.053112 -0.737548 -0.337314
v 0.063386 -0.740067 -0.311759
v 0.097377 -0.742397 -0.258841
v 0.126395 -0.743269 -0.245009
v 0.082218 -0.748260 -0.188192
v 0.060146 -0.748010 -0.210323
v 0.027222 -0.752606 -0.163718
v 0.057948 -0.743196 -0.271840
v 0.020795 -0.751334 -0.191028
v 0.032994 -0.746602 -0.238895
v 0.019201 -0.742409 -0.284143
v -0.011620 -0.752837 -0.154784
v 0.008613 -0.748214 -0.226318
v -0.018866 -0.752111 -0.184886
v -0.000531 -0.744757 -0.263579
v -0.023116 -0.749341 -0.221362
v -0.074400 -0.751355 -0.167420
v -0.067427 -0.751853 -0.191631
v -0.030526 -0.745415 -0.258977
v -0.052759 -0.748814 -0.225937
v -0.088170 -0.745515 -0.248965
v -0.056626 -0.743503 -0.272156
v -0.021109 -0.740378 -0.295334
v -0.119547 -0.746892 -0.225801
v -0.107564 -0.739973 -0.283432
v -0.160730 -0.744561 -0.212825
v -0.066690 -0.739739 -0.296897
v -0.146267 -0.739121 -0.272576
v -0.107169 -0.735608 -0.309466
v -0.143529 -0.730160 -0.322042
v -0.189218 -0.733759 -0.269878
v -0.241722 -0.746780 -0.175852
v -0.193893 -0.718710 -0.337121
v -0.265089 -0.744811 -0.102540
v -0.285471 -0.738453 0.000000
v -0.378746 -0.724877 -0.148958
v -0.410056 -0.726607 0.000000
v -0.282879 -0.719258 -0.264782
v -0.355395 -0.721039 -0.218097
v -0.489970 -0.667075 -0.191488
v -0.524915 -0.665994 -0.000000
v -0.460393 -0.668630 -0.290660
v -0.381649 -0.672242 -0.367359
v -0.454288 -0.569901 -0.453980
v -0.285888 -0.662742 -0.429586
v -0.348307 -0.570218 -0.517795
v -0.386083 -0.465088 -0.583261
v -0.236287 -0.569486 -0.557343
v -0.191695 -0.657443 -0.467238
v -0.150437 -0.697915 -0.404082
v -0.116245 -0.721660 -0.364578
v -0.064209 -0.717366 -0.398745
v -0.086861 -0.729706 -0.343787
v -0.056085 -0.735933 -0.321715
v -0.051161 -0.726758 -0.367343
v -0.021686 -0.728125 -0.373110
v -0.029785 -0.734644 -0.335372
v 0.020788 -0.732917 -0.363749
v 0.000022 -0.736554 -0.331453
v 0.019445 -0.739610 -0.311187
v -0.063154 0.556823 -0.000079
v -0.067604 0.565443 -0.000085
v -0.067607 0.565419 0.000117
v -0.068417 0.565897 -0.000086
v -0.063170 0.556681 0.001114
v -0.042496 0.503452 -0.000052
v -0.067776 0.565340 0.000373
v -0.042561 0.502868 0.004834
v -0.019848 0.457611 -0.000024
v -0.064166 0.556216 0.002626
v -0.020233 0.456734 0.007933
v 0.010362 0.418630 0.000013
v -0.046646 0.500988 0.011035
v -0.068001 0.565263 0.000532
v -0.065498 0.555756 0.003563
v -0.068440 0.565189 0.000562
v -0.068695 0.565139 0.000439
v -0.068092 0.555326 0.003742
v -0.052112 0.499131 0.014885
v -0.068893 0.565114 0.000195
v -0.068955 0.565116 -0.000086
v -0.071135 0.554891 -0.000089
v -0.070767 0.554884 0.001575
v -0.075247 0.495644 -0.000093
v -0.069596 0.555028 0.003018
v -0.073736 0.495615 0.006738
v -0.086031 0.444916 -0.000106
v -0.062758 0.497409 0.015626
v -0.068934 0.496197 0.012660
v -0.082326 0.444656 0.010293
v -0.096883 0.404890 -0.000118
v -0.062204 0.447769 0.029238
v -0.093502 0.405007 0.016951
v -0.122083 0.362644 -0.000150
v -0.074114 0.445712 0.022292
v -0.115018 0.361431 0.031740
v -0.187008 0.312437 -0.000228
v -0.080187 0.405820 0.035469
v -0.060968 0.407662 0.046587
v -0.039562 0.450646 0.029183
v -0.027595 0.453745 0.021164
v -0.026870 0.410651 0.047903
v -0.057756 0.357752 0.091049
v -0.093099 0.358135 0.061272
v -0.166916 0.315132 0.071876
v -0.131879 0.308981 0.111501
v -0.228810 0.278949 0.075289
v -0.248022 0.281483 -0.000238
v -0.208468 0.278698 0.123366
v -0.329597 0.230352 0.127968
v -0.359772 0.237189 -0.000230
v -0.170430 0.275170 0.155448
v -0.452278 0.158293 0.178823
v -0.482423 0.158908 -0.000210
v -0.584662 0.080635 -0.000160
v -0.302130 0.228563 0.195722
v -0.548704 0.076003 0.220450
v -0.654910 -0.011514 -0.000127
v -0.415376 0.154287 0.270916
v -0.236918 0.222084 0.233210
v -0.613964 -0.016591 0.251351
v -0.704541 -0.117616 -0.000230
v -0.496447 0.068612 0.330991
v -0.663491 -0.120578 0.272687
v -0.727797 -0.222669 -0.000129
v -0.556602 -0.021491 0.377959
v -0.684261 -0.225066 0.281059
v -0.722353 -0.342742 -0.000000
v -0.602310 -0.123887 0.411384
v -0.457179 -0.025947 0.480680
v -0.491958 -0.129557 0.526334
v -0.623387 -0.231369 0.425425
v -0.685040 -0.344761 0.280502
v -0.677155 -0.462868 0.263072
v -0.708711 -0.458605 -0.000000
v -0.624266 -0.344822 0.422644
v -0.615227 -0.573863 0.235768
v -0.648321 -0.570045 -0.000000
v -0.613601 -0.462016 0.402937
v -0.559340 -0.570839 0.356161
v -0.489970 -0.667075 0.191488
v -0.524915 -0.665994 -0.000000
v -0.410056 -0.726607 0.000000
v -0.460393 -0.668631 0.290660
v -0.378746 -0.724877 0.148958
v -0.285471 -0.738453 0.000000
v -0.355395 -0.721039 0.218097
v -0.265089 -0.744811 0.102540
v -0.000043 -0.766564 0.000000
v -0.241722 -0.746780 0.175852
v -0.381649 -0.672242 0.367359
v -0.282879 -0.719258 0.264782
v -0.454288 -0.569901 0.453980
v -0.285888 -0.662742 0.429586
v -0.500883 -0.463327 0.519908
v -0.348307 -0.570218 0.517795
v -0.386083 -0.465088 0.583260
v -0.514326 -0.347131 0.541504
v -0.400892 -0.350345 0.612145
v -0.513345 -0.239992 0.546139
v -0.396502 -0.242794 0.620807
v -0.358647 -0.129782 0.599064
v -0.281966 -0.347117 0.659353
v -0.280158 -0.237787 0.666057
v -0.265245 -0.465746 0.622389
v -0.248480 -0.336948 0.670084
v -0.236287 -0.569486 0.557343
v -0.211829 -0.466043 0.637367
v -0.160661 -0.210209 0.686191
v -0.185426 -0.342718 0.684760
v -0.130608 -0.567531 0.596161
v -0.195191 -0.119612 0.655681
v -0.166742 -0.465487 0.652050
v -0.314809 -0.025463 0.550803
v -0.130148 -0.350024 0.701501
v -0.402129 0.061765 0.418008
v -0.124015 -0.468058 0.667710
v -0.329299 0.148160 0.340190
v -0.099065 -0.528213 0.633173
v -0.076644 -0.516840 0.650997
v -0.033522 -0.561197 0.622790
v -0.028710 -0.547809 0.637022
v 0.040014 -0.578084 0.619369
v 0.045809 -0.555586 0.638331
v -0.028817 -0.613305 0.574639
v 0.102934 -0.572438 0.627573
v 0.090411 -0.527263 0.657990
v 0.156529 -0.472692 0.679307
v 0.036676 -0.622222 0.581030
v 0.205183 -0.475541 0.679485
v 0.197778 -0.356657 0.706056
v 0.106127 -0.618839 0.592513
v 0.167516 -0.577477 0.617790
v 0.242561 -0.339616 0.689513
v 0.262191 -0.480253 0.662233
v 0.218981 -0.254204 0.681639
v 0.074809 -0.260470 0.734101
v 0.304855 -0.338074 0.672521
v 0.075035 -0.199795 0.710777
v -0.075125 -0.289391 0.721304
v -0.119866 -0.245456 0.706177
v 0.074218 -0.153161 0.691462
v 0.076001 -0.102928 0.670253
v 0.280217 -0.211766 0.669821
v 0.272666 -0.108923 0.638413
v -0.171047 -0.029589 0.595679
v 0.253203 -0.016119 0.586084
v -0.275029 0.057277 0.488706
v 0.072123 -0.022483 0.620877
v -0.143891 0.058359 0.531639
v -0.223926 0.143087 0.405406
v -0.165953 0.219731 0.298375
v -0.107404 0.140787 0.443150
v 0.067332 0.059576 0.550084
v -0.125368 0.273700 0.204223
v -0.071899 0.215665 0.322944
v 0.055658 0.139259 0.471324
v 0.039382 0.213559 0.351917
v 0.224626 0.061294 0.520803
v 0.187910 0.138903 0.441513
v 0.136724 0.215129 0.336637
v 0.024151 0.266021 0.243450
v 0.096036 0.262917 0.234231
v 0.254007 0.212434 0.251176
v -0.059122 0.265131 0.218032
v 0.013830 0.300634 0.162226
v -0.054689 0.306119 0.156720
v -0.095879 0.307921 0.141366
v -0.004617 0.351286 0.092180
v 0.062646 0.301462 0.156405
v -0.012651 0.412757 0.042620
v 0.024934 0.350479 0.088586
v 0.000686 0.415525 0.030450
v 0.008460 0.417743 0.014751
v 0.059691 0.350974 0.069752
v 0.084345 0.352932 0.038506
v 0.093348 0.354128 0.000116
v 0.120245 0.301876 0.121667
v 0.162187 0.304186 0.065968
v 0.179471 0.309031 0.000208
v 0.178043 0.261405 0.179118
v 0.240333 0.262487 0.094351
v 0.264147 0.269953 0.000231
v 0.339079 0.214428 0.127336
v 0.374761 0.211599 0.000240
v 0.346376 0.136454 0.328608
v 0.456948 0.140162 0.168787
v 0.497561 0.137235 0.000217
v 0.576015 0.060312 0.000157
v 0.530702 0.068092 0.210284
v 0.637998 -0.022324 0.000124
v 0.419934 0.065674 0.389042
v 0.581241 -0.011427 0.236592
v 0.685032 -0.121451 0.000135
v 0.476786 -0.013068 0.436373
v 0.630695 -0.113492 0.256069
v 0.706121 -0.237651 0.000066
v 0.518821 -0.104654 0.483367
v 0.662665 -0.227409 0.264573
v 0.530908 -0.219849 0.501605
v 0.669157 -0.345004 0.261430
v 0.706944 -0.351744 -0.000000
v 0.534324 -0.343971 0.496788
v 0.513193 -0.469957 0.479157
v 0.655309 -0.465684 0.252294
v 0.700207 -0.462756 -0.000000
v 0.465869 -0.570104 0.421065
v 0.594477 -0.564335 0.221843
v 0.643803 -0.562016 -0.000000
v 0.543327 -0.658239 -0.000000
v 0.498104 -0.658452 0.182865
v 0.412064 -0.715222 -0.000000
v 0.244112 -0.576396 0.591711
v 0.379925 -0.714452 0.144121
v 0.287467 -0.738073 0.000000
v 0.202092 -0.673798 0.475610
v 0.384727 -0.663118 0.344323
v 0.266358 -0.741928 0.101291
v 0.290698 -0.717400 0.268230
v 0.204084 -0.745045 0.187086
v 0.156843 -0.726147 0.356338
v 0.139276 -0.738055 0.308725
v 0.114529 -0.727784 0.369617
v 0.077093 -0.680531 0.502232
v 0.060271 -0.708816 0.441824
v -0.008710 -0.674544 0.503765
v -0.097352 -0.656803 0.491246
v -0.012924 -0.697067 0.452829
v -0.191695 -0.657443 0.467238
v -0.150437 -0.697915 0.404082
v -0.081461 -0.694232 0.441775
v -0.193893 -0.718710 0.337121
v -0.116245 -0.721660 0.364578
v -0.189218 -0.733759 0.269878
v -0.143529 -0.730160 0.322042
v -0.160730 -0.744561 0.212825
v -0.146267 -0.739121 0.272576
v -0.074400 -0.751354 0.167420
v -0.119547 -0.746892 0.225801
v -0.107564 -0.739973 0.283432
v -0.107169 -0.735608 0.309466
v -0.086861 -0.729706 0.343787
v -0.066690 -0.739739 0.296897
v -0.088170 -0.745515 0.248965
v -0.064209 -0.717366 0.398745
v -0.056626 -0.743503 0.272156
v -0.067427 -0.751853 0.191632
v -0.052759 -0.748814 0.225937
v -0.030526 -0.745415 0.258977
v -0.023116 -0.749341 0.221363
v -0.018866 -0.752111 0.184886
v -0.011620 -0.752837 0.154784
v 0.008613 -0.748214 0.226318
v 0.027222 -0.752606 0.163718
v 0.020795 -0.751334 0.191029
v 0.082218 -0.748260 0.188192
v 0.060146 -0.748010 0.210323
v 0.032994 -0.746602 0.238895
v -0.000531 -0.744757 0.263579
v 0.057948 -0.743196 0.271840
v 0.019201 -0.742409 0.284143
v -0.021109 -0.740378 0.295335
v 0.097377 -0.742397 0.258841
v 0.063386 -0.740067 0.311759
v 0.126395 -0.743269 0.245010
v 0.105012 -0.738220 0.318528
v 0.089113 -0.734330 0.356743
v 0.019445 -0.739610 0.311187
v 0.053112 -0.737548 0.337314
v 0.041072 -0.726811 0.394798
v 0.000022 -0.736554 0.331453
v 0.020788 -0.732917 0.363749
v -0.020510 -0.719355 0.407221
v -0.021686 -0.728125 0.373111
v -0.051161 -0.726758 0.367343
v -0.029785 -0.734644 0.335372
v -0.056085 -0.735933 0.321715
v 0.645187 -0.233858 -0.307144
v 0.655353 -0.183727 -0.283172
v 0.660522 -0.231762 -0.272165
v 0.664171 -0.226917 -0.260561
v 0.647837 -0.184480 -0.302231
v 0.635588 -0.231108 -0.327219
v 0.661228 -0.176123 -0.265571
v 0.668998 -0.218951 -0.240918
v 0.672408 -0.198379 -0.218076
v 0.636636 -0.180480 -0.318650
v 0.627067 -0.226614 -0.339107
v 0.611001 -0.209131 -0.362406
v 0.662130 -0.164583 -0.248759
v 0.668972 -0.170033 -0.198222
v 0.628628 -0.170691 -0.332166
v 0.596045 -0.184020 -0.378356
v 0.660528 -0.149350 -0.237935
v 0.620679 -0.156822 -0.341529
v 0.582129 -0.152671 -0.386206
v 0.655987 -0.132068 -0.231734
v 0.661152 -0.137911 -0.189160
v 0.613561 -0.139705 -0.346077
v 0.571980 -0.119064 -0.384476
v 0.649051 -0.114371 -0.231110
v 0.650881 -0.106484 -0.185701
v 0.607898 -0.121401 -0.345191
v 0.563508 -0.085887 -0.372700
v 0.640289 -0.097807 -0.235673
v 0.633974 -0.076682 -0.187916
v 0.615737 -0.048773 -0.204194
v 0.605361 -0.103733 -0.338842
v 0.632144 -0.083938 -0.246348
v 0.600129 -0.031812 -0.228391
v 0.604935 -0.088249 -0.327799
v 0.559889 -0.059524 -0.349329
v 0.623712 -0.074005 -0.260777
v 0.586567 -0.024355 -0.259495
v 0.606814 -0.077191 -0.312613
v 0.562627 -0.038961 -0.324766
v 0.616630 -0.069745 -0.277511
v 0.572721 -0.026505 -0.292923
v 0.610653 -0.070749 -0.295193
v 0.638407 -0.126351 -0.289994
v 0.640289 -0.097807 0.235673
v 0.650881 -0.106484 0.185701
v 0.633975 -0.076682 0.187916
v 0.615738 -0.048773 0.204194
v 0.649051 -0.114371 0.231110
v 0.661152 -0.137911 0.189160
v 0.632144 -0.083938 0.246348
v 0.600129 -0.031812 0.228392
v 0.655987 -0.132068 0.231734
v 0.668972 -0.170032 0.198222
v 0.623712 -0.074005 0.260777
v 0.586567 -0.024355 0.259495
v 0.660528 -0.149350 0.237935
v 0.616630 -0.069745 0.277511
v 0.572721 -0.026505 0.292923
v 0.662130 -0.164583 0.248759
v 0.672408 -0.198379 0.218076
v 0.610653 -0.070749 0.295193
v 0.562627 -0.038961 0.324766
v 0.661228 -0.176123 0.265571
v 0.668998 -0.218951 0.240918
v 0.664171 -0.226917 0.260561
v 0.606814 -0.077191 0.312613
v 0.559889 -0.059524 0.349329
v 0.655353 -0.183726 0.283172
v 0.660522 -0.231762 0.272165
v 0.645187 -0.233858 0.307144
v 0.604935 -0.088249 0.327799
v 0.563508 -0.085887 0.372700
v 0.647837 -0.184480 0.302231
v 0.635589 -0.231108 0.327219
v 0.605361 -0.103733 0.338842
v 0.636636 -0.180480 0.318650
v 0.627067 -0.226614 0.339107
v 0.611001 -0.209131 0.362406
v 0.607898 -0.121401 0.345191
v 0.571980 -0.119064 0.384476
v 0.628628 -0.170691 0.332166
v 0.596045 -0.184020 0.378356
v 0.613561 -0.139705 0.346077
v 0.582129 -0.152671 0.386206
v 0.620679 -0.156822 0.341529
v 0.638407 -0.126351 0.289994
vn 0.8435 0.0657 -0.5332
vn 0.8307 0.0402 -0.5553
vn 0.8295 0.0795 -0.5528
vn 0.8334 0.0364 -0.5515
vn 0.8374 -0.0110 -0.5465
vn 0.8404 -0.0145 -0.5418
vn 0.9476 0.0657 -0.3127
vn 0.9353 0.0584 -0.3491
vn 0.9353 0.0586 -0.3490
vn 0.9343 0.0496 -0.3529
vn 0.9311 0.0074 -0.3647
vn 0.9288 0.0038 -0.3705
vn 0.8307 0.0402 0.5553
vn 0.8435 0.0657 0.5332
vn 0.8295 0.0795 0.5528
vn 0.8333 0.0364 0.5515
vn 0.8374 -0.0110 0.5465
vn 0.8404 -0.0145 0.5418
vn 0.9353 0.0586 0.3490
vn 0.9353 0.0584 0.3491
vn 0.9476 0.0657 0.3127
vn 0.9343 0.0496 0.3529
vn 0.9311 0.0074 0.3647
vn 0.9288 0.0038 0.3705
vn 0.7840 0.5143 -0.3476
vn 0.7484 0.4643 -0.4736
vn 0.7403 0.5150 -0.4321
vn 0.7814 0.5172 -0.3492
vn 0.7296 0.5580 -0.3955
vn 0.8354 0.4654 -0.2925
vn 0.8373 0.4660 -0.2861
vn 0.9046 0.3399 -0.2572
vn 0.8806 0.4264 -0.2066
vn 0.9264 0.3050 -0.2207
vn 0.9480 0.2080 -0.2407
vn 0.8960 0.2685 -0.3537
vn 0.8764 0.2981 -0.3783
vn 0.8673 0.2566 -0.4265
vn 0.8770 0.2214 -0.4265
vn 0.8427 0.2414 -0.4812
vn 0.7858 0.3533 -0.5077
vn 0.8853 0.0900 -0.4562
vn 0.7840 0.5143 0.3476
vn 0.7403 0.5150 0.4321
vn 0.7484 0.4643 0.4736
vn 0.7814 0.5172 0.3492
vn 0.7296 0.5580 0.3955
vn 0.8354 0.4654 0.2925
vn 0.8373 0.4660 0.2861
vn 0.9046 0.3399 0.2572
vn 0.8806 0.4264 0.2066
vn 0.9264 0.3050 0.2207
vn 0.9480 0.2080 0.2407
vn 0.8960 0.2685 0.3537
vn 0.8764 0.2981 0.3783
vn 0.8673 0.2566 0.4265
vn 0.8770 0.2214 0.4265
vn 0.8427 0.2414 0.4812
vn 0.7858 0.3533 0.5077
vn 0.8853 0.0900 0.4562
vn 0.4996 -0.8319 -0.2417
vn 0.1812 -0.9670 -0.1792
vn 0.2329 -0.9126 0.3360
vn 0.5846 -0.6196 0.5238
vn 0.1917 -0.8521 0.4870
vn 0.8298 -0.5434 0.1274
vn 0.5069 -0.5435 -0.6691
vn 0.5698 -0.6764 0.4667
vn 0.2106 -0.8168 0.5371
vn 0.8393 -0.4844 0.2467
vn 0.5718 -0.6707 0.4725
vn 0.2799 -0.8271 0.4874
vn 0.8138 -0.5142 0.2706
vn 0.6876 -0.6630 0.2961
vn 0.3031 -0.9097 0.2840
vn 0.8915 -0.2180 -0.3971
vn 0.5706 -0.8055 0.1599
vn 0.2903 -0.9569 -0.0012
vn 0.8582 -0.4356 -0.2717
vn 0.4222 -0.9038 -0.0701
vn 0.2547 -0.9174 -0.3059
vn 0.7099 -0.6474 -0.2773
vn 0.5061 -0.8082 -0.3012
vn 0.4133 -0.5120 -0.7530
vn 0.4224 -0.2216 -0.8789
vn 0.3385 -0.7458 -0.5737
vn 0.0568 -0.6382 -0.7677
vn 0.1505 -0.8007 -0.5798
vn 0.0383 -0.8775 -0.4781
vn -0.1073 -0.3600 -0.9267
vn -0.2201 -0.7520 -0.6213
vn -0.0306 -0.9658 -0.2576
vn 0.1186 -0.9910 -0.0618
vn 0.3030 -0.9097 0.2840
vn -0.0380 -0.9838 0.1753
vn 0.2798 -0.8271 0.4874
vn -0.3065 -0.9281 -0.2113
vn -0.1985 -0.9150 0.3513
vn 0.2105 -0.8168 0.5371
vn -0.5053 -0.5422 -0.6714
vn -0.5564 -0.8162 -0.1557
vn -0.3657 -0.8571 0.3628
vn 0.1916 -0.8521 0.4870
vn -0.7444 -0.6563 -0.1233
vn -0.4047 -0.8737 0.2701
vn 0.2328 -0.9127 0.3360
vn -0.8019 -0.5849 -0.1222
vn -0.6446 -0.3141 -0.6970
vn -0.2134 -0.0701 -0.9744
vn -0.7366 -0.2092 -0.6431
vn 0.3320 0.0386 -0.9425
vn -0.3227 0.1146 -0.9395
vn 0.8908 -0.1172 -0.4391
vn 0.2803 0.2291 -0.9322
vn 0.8341 -0.0365 -0.5504
vn 0.2308 0.3716 -0.8992
vn 0.6708 -0.1226 -0.7314
vn 0.4015 -0.0328 -0.9153
vn 0.1649 0.3702 -0.9142
vn 0.1084 0.3323 -0.9369
vn -0.3894 0.2801 -0.8774
vn -0.3562 0.3002 -0.8849
vn -0.2592 0.2078 -0.9432
vn -0.4200 -0.1050 -0.9015
vn -0.6167 -0.0993 -0.7809
vn -0.3536 -0.4350 -0.8281
vn -0.7737 -0.0924 -0.6267
vn -0.5990 -0.4949 -0.6295
vn -0.2831 -0.6246 -0.7278
vn -0.8204 -0.5128 -0.2528
vn -0.5097 -0.7328 -0.4508
vn -0.3343 -0.8430 -0.4213
vn -0.6945 -0.7194 -0.0139
vn -0.3854 -0.9162 0.1096
vn 0.4996 -0.8318 0.2417
vn 0.2329 -0.9126 -0.3360
vn 0.1812 -0.9670 0.1793
vn 0.5846 -0.6196 -0.5238
vn 0.1917 -0.8521 -0.4870
vn 0.8298 -0.5434 -0.1274
vn 0.5069 -0.5434 0.6691
vn 0.5698 -0.6764 -0.4667
vn 0.2106 -0.8168 -0.5371
vn 0.8393 -0.4844 -0.2467
vn 0.5718 -0.6707 -0.4725
vn 0.2799 -0.8271 -0.4874
vn 0.8138 -0.5142 -0.2706
vn 0.6876 -0.6630 -0.2961
vn 0.3031 -0.9097 -0.2841
vn 0.8915 -0.2180 0.3971
vn 0.5706 -0.8055 -0.1599
vn 0.2903 -0.9569 0.0012
vn 0.8582 -0.4356 0.2717
vn 0.4222 -0.9038 0.0701
vn 0.2547 -0.9174 0.3059
vn 0.7099 -0.6474 0.2773
vn 0.5061 -0.8082 0.3012
vn 0.4133 -0.5120 0.7530
vn 0.4224 -0.2216 0.8789
vn 0.3385 -0.7458 0.5737
vn 0.0568 -0.6382 0.7677
vn 0.1505 -0.8007 0.5798
vn 0.0383 -0.8775 0.4781
vn -0.1073 -0.3600 0.9267
vn -0.2201 -0.7520 0.6213
vn -0.0306 -0.9658 0.2576
vn 0.1186 -0.9910 0.0618
vn 0.3030 -0.9097 -0.2840
vn -0.0380 -0.9838 -0.1753
vn 0.2798 -0.8271 -0.4874
vn -0.3065 -0.9281 0.2113
vn -0.1985 -0.9150 -0.3513
vn 0.2105 -0.8168 -0.5371
vn -0.5053 -0.5422 0.6714
vn -0.5564 -0.8162 0.1557
vn -0.3657 -0.8571 -0.3628
vn 0.1916 -0.8521 -0.4870
vn -0.7444 -0.6563 0.1233
vn -0.4047 -0.8737 -0.2701
vn 0.2328 -0.9127 -0.3360
vn -0.8019 -0.5849 0.1222
vn -0.6446 -0.3141 0.6970
vn -0.2134 -0.0701 0.9744
vn -0.7366 -0.2092 0.6431
vn 0.3320 0.0386 0.9425
vn -0.3227 0.1146 0.9395
vn 0.8908 -0.1172 0.4391
vn 0.2803 0.2291 0.9322
vn 0.8341 -0.0365 0.5504
vn 0.2308 0.3716 0.8992
vn 0.6708 -0.1226 0.7314
vn 0.4015 -0.0328 0.9153
vn 0.1649 0.3702 0.9142
vn 0.1084 0.3322 0.9369
vn -0.3894 0.2801 0.8774
vn -0.3562 0.3002 0.8849
vn -0.2593 0.2077 0.9432
vn -0.4200 -0.1050 0.9015
vn -0.6167 -0.0993 0.7809
vn -0.3536 -0.4350 0.8281
vn -0.7737 -0.0924 0.6267
vn -0.5990 -0.4949 0.6295
vn -0.2831 -0.6246 0.7278
vn -0.8204 -0.5128 0.2528
vn -0.5097 -0.7328 0.4508
vn -0.3343 -0.8431 0.4213
vn -0.6945 -0.7194 0.0139
vn -0.3854 -0.9162 -0.1096
vn 0.1812 -0.9670 0.1792
vn 0.7088 0.7054 0.0008
vn 0.9104 0.4136 0.0011
vn 0.6724 0.6649 -0.3252
vn -0.2217 0.9751 -0.0003
vn 0.8503 0.4057 -0.3353
vn 0.9167 0.3996 0.0011
vn 0.4569 0.6002 -0.6565
vn 0.8539 0.3951 -0.3386
vn 0.8507 0.5256 0.0010
vn 0.6035 0.3542 -0.7144
vn 0.1735 0.5284 -0.8311
vn 0.7920 0.5260 -0.3100
vn 0.7111 0.7031 0.0009
vn 0.6117 0.3448 -0.7120
vn 0.2549 0.2962 -0.9205
vn -0.2410 0.4723 -0.8478
vn 0.2580 0.2944 -0.9202
vn -0.2227 0.2325 -0.9467
vn -0.6024 0.4162 -0.6811
vn -0.8345 0.3894 -0.3899
vn -0.9223 0.3865 -0.0012
vn -0.9904 0.1381 -0.0013
vn -0.8927 0.1473 -0.4258
vn -0.9901 0.1401 -0.0013
vn -0.6280 0.1785 -0.7575
vn -0.8890 0.1392 -0.4363
vn -0.9736 0.2281 -0.0012
vn -0.2169 0.2225 -0.9505
vn -0.6286 0.1655 -0.7599
vn -0.8715 0.2389 -0.4284
vn -0.9111 0.4122 -0.0012
vn -0.2897 0.3124 -0.9047
vn -0.8362 0.4188 -0.3541
vn -0.7425 0.6698 -0.0009
vn -0.6756 0.2686 -0.6867
vn -0.6534 0.6799 -0.3328
vn -0.5317 0.8469 -0.0006
vn -0.6258 0.4388 -0.6449
vn -0.2872 0.5187 -0.8053
vn 0.1979 0.3981 -0.8957
vn 0.5714 0.4796 -0.6659
vn 0.0915 0.5656 -0.8196
vn -0.1855 0.7276 -0.6605
vn -0.5057 0.6734 -0.5393
vn -0.4534 0.8469 -0.2778
vn -0.3380 0.8329 -0.4383
vn -0.4223 0.8937 -0.1512
vn -0.4081 0.9130 -0.0004
vn -0.3257 0.8952 -0.3041
vn -0.4061 0.8989 -0.1645
vn -0.4452 0.8954 -0.0003
vn -0.2917 0.8797 -0.3754
vn -0.5311 0.8288 -0.1760
vn -0.5764 0.8171 -0.0003
vn -0.7155 0.6986 -0.0003
vn -0.2978 0.8996 -0.3193
vn -0.6792 0.6958 -0.2338
vn -0.8576 0.5143 -0.0002
vn -0.4315 0.8233 -0.3688
vn -0.2411 0.8863 -0.3955
vn -0.2982 0.8165 -0.4944
vn -0.8036 0.5357 -0.2592
vn -0.9462 0.3235 -0.0003
vn -0.5575 0.7040 -0.4399
vn -0.9018 0.3358 -0.2720
vn -0.9964 0.0847 -0.0003
vn -0.6752 0.5611 -0.4788
vn -0.3744 0.7223 -0.5815
vn -0.4732 0.5813 -0.6620
vn -0.7718 0.3539 -0.5283
vn -0.9561 0.1063 -0.2731
vn -0.9975 -0.0701 -0.0001
vn -0.5666 0.3713 -0.7356
vn -0.8308 0.1149 -0.5446
vn -0.9608 -0.0538 -0.2719
vn -0.9134 -0.3167 -0.2557
vn -0.9536 -0.3011 -0.0000
vn -0.8332 -0.0899 -0.5456
vn -0.7214 -0.6632 -0.1992
vn -0.7658 -0.6430 -0.0000
vn -0.7777 -0.3533 -0.5200
vn -0.6105 -0.6614 -0.4357
vn -0.5632 -0.4080 -0.7186
vn -0.6357 0.1123 -0.7637
vn -0.6358 -0.1205 -0.7624
vn -0.4439 0.1171 -0.8884
vn -0.4404 -0.1576 -0.8839
vn -0.3775 0.4036 -0.8334
vn -0.2939 -0.1930 -0.9362
vn -0.3036 0.5944 -0.7446
vn -0.2895 0.1178 -0.9499
vn -0.1890 0.4219 -0.8867
vn -0.2739 0.7010 -0.6585
vn -0.1609 0.5950 -0.7875
vn -0.1897 0.2096 -0.9592
vn -0.2331 0.7977 -0.5562
vn -0.2360 -0.1476 -0.9605
vn -0.1960 0.8738 -0.4450
vn -0.1588 0.6803 -0.7156
vn -0.1299 0.8014 -0.5839
vn -0.1810 0.8925 -0.4131
vn -0.0931 0.8760 -0.4732
vn -0.2570 0.8440 -0.4707
vn -0.0411 0.8267 -0.5612
vn -0.0426 0.8833 -0.4668
vn 0.0848 0.7266 -0.6818
vn 0.0114 0.8646 -0.5023
vn -0.0200 0.9085 -0.4174
vn 0.3279 0.6074 -0.7235
vn 0.2013 0.7689 -0.6068
vn 0.5410 0.6597 -0.5217
vn 0.6639 0.6954 -0.2751
vn 0.3731 0.8004 -0.4692
vn 0.1511 0.8843 -0.4418
vn 0.4980 0.8236 -0.2716
vn 0.5426 0.8400 0.0006
vn 0.3142 0.8775 -0.3624
vn 0.4093 0.8797 -0.2420
vn 0.4391 0.8985 0.0004
vn 0.1671 0.9092 -0.3813
vn 0.3019 0.9001 -0.3143
vn 0.3776 0.8994 -0.2201
vn 0.4264 0.9045 0.0003
vn 0.3461 0.8737 -0.3417
vn 0.4333 0.8768 -0.2085
vn 0.4924 0.8703 0.0003
vn -0.0152 0.8766 -0.4809
vn 0.1892 0.8788 -0.4381
vn 0.0257 0.7774 -0.6285
vn 0.2523 0.7877 -0.5620
vn 0.0360 0.6821 -0.7304
vn 0.0225 0.5852 -0.8106
vn 0.2596 0.7123 -0.6521
vn 0.4091 0.8151 -0.4101
vn 0.0297 0.4536 -0.8907
vn 0.2965 0.5943 -0.7476
vn 0.4904 0.7341 -0.4696
vn 0.5474 0.8037 -0.2333
vn 0.6243 0.7812 0.0003
vn 0.7523 0.6589 0.0002
vn 0.6840 0.6750 -0.2766
vn 0.8630 0.5051 0.0001
vn 0.7964 0.5264 -0.2977
vn 0.9527 0.3039 0.0001
vn 0.5926 0.6116 -0.5241
vn 0.8827 0.3681 -0.2920
vn 0.9940 0.1098 0.0001
vn 0.3366 0.4088 -0.8483
vn 0.6870 0.3839 -0.6170
vn 0.9366 0.1510 -0.3163
vn 0.0480 0.3651 -0.9297
vn 0.3442 0.1795 -0.9216
vn 0.7383 0.0968 -0.6675
vn 0.9408 -0.0521 -0.3350
vn 0.9993 -0.0363 -0.0000
vn 0.7513 -0.1065 -0.6513
vn 0.4405 -0.0437 -0.8967
vn 0.8783 -0.3466 -0.3293
vn 0.9580 -0.2867 -0.0000
vn 0.6803 -0.4000 -0.6142
vn 0.7122 -0.6448 -0.2777
vn 0.7966 -0.6045 -0.0001
vn 0.5661 -0.8243 -0.0001
vn 0.5526 -0.6750 -0.4889
vn 0.5137 -0.8304 -0.2159
vn 0.3065 -0.9519 -0.0000
vn 0.3932 -0.3925 -0.8314
vn 0.2995 -0.9461 -0.1236
vn 0.1580 -0.9874 -0.0000
vn 0.4049 -0.8409 -0.3591
vn 0.1611 -0.9862 -0.0377
vn 0.0046 -1.0000 -0.0000
vn 0.2534 -0.9442 -0.2104
vn 0.2629 -0.8545 -0.4480
vn 0.1187 -0.9889 -0.0892
vn 0.3583 -0.6850 -0.6344
vn 0.1801 -0.6534 -0.7353
vn 0.1752 -0.9480 -0.2658
vn 0.1406 -0.3557 -0.9240
vn 0.0940 -0.9858 -0.1394
vn 0.2940 0.0184 -0.9556
vn 0.4014 -0.0328 -0.9153
vn 0.2207 0.1360 -0.9658
vn 0.5070 -0.5435 -0.6690
vn 0.0286 -0.5739 -0.8184
vn 0.4996 -0.8319 -0.2416
vn 0.1000 0.3660 -0.9252
vn -0.2592 0.2077 -0.9432
vn -0.2331 0.1928 -0.9532
vn -0.4199 -0.1050 -0.9015
vn -0.2787 -0.1376 -0.9505
vn -0.2990 -0.4153 -0.8591
vn -0.2631 -0.4281 -0.8646
vn -0.2508 -0.5864 -0.7703
vn -0.2226 -0.6569 -0.7204
vn -0.1594 -0.6742 -0.7211
vn -0.3343 -0.8430 -0.4214
vn -0.2607 -0.4442 -0.8571
vn -0.0898 -0.6434 -0.7603
vn -0.1793 -0.7297 -0.6599
vn 0.0743 -0.7369 -0.6719
vn -0.1096 -0.7319 -0.6725
vn 0.0455 -0.8715 -0.4883
vn -0.1516 -0.8458 -0.5115
vn 0.0287 -0.9235 -0.3824
vn -0.1869 -0.8084 -0.5581
vn -0.1127 -0.8914 -0.4389
vn 0.1228 -0.9517 -0.2813
vn -0.0016 -0.9548 -0.2971
vn -0.1713 -0.8514 -0.4958
vn 0.0772 -0.9767 -0.2002
vn -0.0736 -0.9304 -0.3591
vn 0.0487 -0.9918 -0.1181
vn -0.0023 -0.9911 -0.1331
vn 0.0164 -0.9959 -0.0895
vn 0.0275 -0.9967 -0.0757
vn 0.0210 -0.9970 -0.0752
vn 0.0374 -0.9965 -0.0744
vn 0.0487 -0.9961 -0.0732
vn 0.0232 -0.9974 -0.0677
vn 0.0276 -0.9964 -0.0801
vn 0.0252 -0.9974 -0.0677
vn 0.0237 -0.9957 -0.0899
vn -0.0038 -0.9948 -0.1016
vn -0.0072 -0.9981 -0.0620
vn 0.0168 -0.9956 -0.0926
vn 0.0028 -0.9989 -0.0466
vn 0.0059 -0.9937 -0.1120
vn 0.0097 -0.9959 -0.0899
vn -0.0308 -0.9984 -0.0482
vn -0.0354 -0.9987 -0.0360
vn -0.0030 -0.9928 -0.1197
vn -0.0136 -0.9948 -0.1009
vn -0.0355 -0.9923 -0.1190
vn -0.0193 -0.9912 -0.1312
vn -0.0169 -0.9910 -0.1331
vn -0.0629 -0.9946 -0.0820
vn -0.0577 -0.9867 -0.1521
vn -0.0571 -0.9919 -0.1133
vn -0.0326 -0.9869 -0.1577
vn -0.0999 -0.9835 -0.1510
vn -0.0681 -0.9794 -0.1902
vn -0.1121 -0.9681 -0.2240
vn -0.1341 -0.9738 -0.1837
vn -0.1088 -0.9880 -0.1093
vn -0.1802 -0.9377 -0.2969
vn -0.1330 -0.9911 0.0104
vn -0.1177 -0.9931 -0.0000
vn -0.2919 -0.9516 -0.0964
vn -0.3009 -0.9536 -0.0000
vn -0.1611 -0.9515 -0.2621
vn -0.2457 -0.9498 -0.1936
vn -0.4998 -0.8586 -0.1139
vn -0.5495 -0.8355 -0.0000
vn -0.4452 -0.8521 -0.2752
vn -0.3040 -0.8555 -0.4192
vn -0.4455 -0.6734 -0.5900
vn -0.2141 -0.8403 -0.4980
vn -0.3133 -0.6640 -0.6789
vn -0.3711 -0.4387 -0.8184
vn -0.2435 -0.6587 -0.7119
vn -0.1630 -0.8161 -0.5544
vn -0.1642 -0.8874 -0.4307
vn -0.1324 -0.9390 -0.3173
vn -0.1289 -0.9291 -0.3466
vn -0.0762 -0.9723 -0.2211
vn -0.0436 -0.9837 -0.1744
vn -0.0799 -0.9706 -0.2269
vn -0.0718 -0.9732 -0.2183
vn -0.0468 -0.9847 -0.1676
vn -0.0392 -0.9819 -0.1854
vn -0.0426 -0.9893 -0.1399
vn -0.0221 -0.9937 -0.1099
vn 0.9104 0.4136 0.0012
vn 0.7088 0.7054 0.0009
vn 0.6716 0.6648 0.3269
vn -0.2216 0.9751 -0.0003
vn 0.8495 0.4057 0.3374
vn 0.9167 0.3996 0.0012
vn 0.4553 0.6002 0.6576
vn 0.8531 0.3951 0.3407
vn 0.8507 0.5256 0.0011
vn 0.6017 0.3542 0.7159
vn 0.7912 0.5260 0.3120
vn 0.6099 0.3449 0.7135
vn 0.1716 0.5284 0.8315
vn 0.2526 0.2963 0.9211
vn -0.2431 0.4724 0.8472
vn -0.6042 0.4162 0.6795
vn -0.2251 0.2326 0.9462
vn 0.2557 0.2945 0.9208
vn -0.8355 0.3894 0.3878
vn -0.9223 0.3865 -0.0011
vn -0.9904 0.1381 -0.0012
vn -0.8938 0.1473 0.4236
vn -0.9901 0.1401 -0.0012
vn -0.6299 0.1785 0.7559
vn -0.8901 0.1392 0.4340
vn -0.2193 0.2225 0.9499
vn -0.6305 0.1655 0.7583
vn -0.8725 0.2389 0.4262
vn -0.9111 0.4122 -0.0011
vn -0.2920 0.3124 0.9040
vn -0.8371 0.4188 0.3521
vn -0.6772 0.2686 0.6850
vn -0.6542 0.6799 0.3312
vn -0.6274 0.4388 0.6433
vn -0.2891 0.5187 0.8046
vn 0.1956 0.3981 0.8962
vn 0.5697 0.4796 0.6674
vn 0.0894 0.5656 0.8198
vn -0.1871 0.7276 0.6600
vn -0.5070 0.6734 0.5381
vn -0.4540 0.8470 0.2767
vn -0.3389 0.8329 0.4374
vn -0.4226 0.8938 0.1504
vn -0.4080 0.9130 -0.0003
vn -0.3262 0.8953 0.3035
vn -0.4063 0.8989 0.1640
vn -0.4453 0.8954 -0.0002
vn -0.2924 0.8798 0.3748
vn -0.5313 0.8288 0.1755
vn -0.5764 0.8171 -0.0002
vn -0.7155 0.6986 -0.0002
vn -0.2982 0.8997 0.3188
vn -0.6793 0.6957 0.2334
vn -0.4318 0.8233 0.3684
vn -0.2416 0.8863 0.3950
vn -0.8037 0.5357 0.2589
vn -0.9462 0.3235 -0.0002
vn -0.5577 0.7041 0.4396
vn -0.9020 0.3358 0.2713
vn -0.9964 0.0847 -0.0002
vn -0.6754 0.5611 0.4786
vn -0.9562 0.1061 0.2728
vn -0.9975 -0.0701 -0.0000
vn -0.7722 0.3539 0.5277
vn -0.4734 0.5813 0.6618
vn -0.5671 0.3713 0.7352
vn -0.8310 0.1149 0.5443
vn -0.9608 -0.0539 0.2719
vn -0.9134 -0.3167 0.2557
vn -0.8332 -0.0900 0.5456
vn -0.7214 -0.6632 0.1992
vn -0.7777 -0.3533 0.5200
vn -0.6105 -0.6614 0.4357
vn -0.4998 -0.8586 0.1139
vn -0.4452 -0.8521 0.2752
vn -0.2919 -0.9516 0.0964
vn -0.2457 -0.9498 0.1936
vn -0.1330 -0.9911 -0.0104
vn -0.1088 -0.9880 0.1093
vn -0.3040 -0.8555 0.4192
vn -0.1611 -0.9515 0.2621
vn -0.4455 -0.6734 0.5900
vn -0.2141 -0.8403 0.4980
vn -0.5632 -0.4080 0.7186
vn -0.3133 -0.6640 0.6789
vn -0.3711 -0.4387 0.8184
vn -0.6357 -0.1205 0.7624
vn -0.4403 -0.1575 0.8839
vn -0.6360 0.1125 0.7635
vn -0.4441 0.1174 0.8882
vn -0.3780 0.4036 0.8332
vn -0.2939 -0.1928 0.9362
vn -0.2899 0.1180 0.9497
vn -0.2607 -0.4442 0.8571
vn -0.2361 -0.1474 0.9605
vn -0.2435 -0.6587 0.7119
vn -0.2631 -0.4281 0.8646
vn -0.1899 0.2097 0.9591
vn -0.2787 -0.1376 0.9505
vn -0.2226 -0.6569 0.7204
vn -0.1895 0.4220 0.8866
vn -0.2990 -0.4153 0.8591
vn -0.3039 0.5944 0.7445
vn -0.4199 -0.1050 0.9015
vn -0.3747 0.7224 0.5812
vn -0.2986 0.8165 0.4941
vn -0.2508 -0.5864 0.7703
vn -0.1594 -0.6742 0.7212
vn -0.3343 -0.8430 0.4214
vn -0.0898 -0.6434 0.7603
vn 0.1813 -0.9670 0.1792
vn -0.1793 -0.7297 0.6599
vn 0.0286 -0.5739 0.8184
vn 0.4996 -0.8319 0.2416
vn 0.5070 -0.5435 0.6690
vn -0.1096 -0.7319 0.6725
vn 0.1406 -0.3557 0.9240
vn 0.4014 -0.0328 0.9153
vn 0.0743 -0.7369 0.6719
vn 0.1801 -0.6534 0.7353
vn 0.2940 0.0184 0.9556
vn 0.3932 -0.3925 0.8314
vn 0.2206 0.1359 0.9658
vn 0.4405 -0.0437 0.8967
vn 0.1001 0.3660 0.9252
vn -0.2592 0.2077 0.9432
vn -0.2331 0.1927 0.9532
vn 0.0479 0.3650 0.9298
vn 0.0294 0.4536 0.8907
vn 0.3440 0.1795 0.9216
vn 0.3364 0.4088 0.8484
vn -0.1612 0.5950 0.7874
vn 0.2962 0.5943 0.7477
vn -0.2742 0.7011 0.6582
vn 0.0221 0.5851 0.8106
vn -0.1592 0.6803 0.7155
vn -0.2336 0.7977 0.5560
vn -0.1965 0.8739 0.4447
vn -0.1304 0.8014 0.5838
vn 0.0356 0.6820 0.7305
vn -0.1816 0.8925 0.4128
vn -0.0938 0.8760 0.4731
vn 0.0252 0.7773 0.6286
vn -0.0159 0.8766 0.4809
vn 0.2592 0.7123 0.6522
vn 0.2518 0.7877 0.5622
vn 0.1886 0.8788 0.4383
vn -0.0207 0.9085 0.4174
vn 0.1664 0.9092 0.3816
vn 0.3457 0.8737 0.3422
vn -0.0433 0.8833 0.4667
vn 0.0102 0.8646 0.5023
vn -0.0424 0.8267 0.5610
vn -0.2581 0.8441 0.4700
vn 0.0831 0.7266 0.6820
vn 0.1501 0.8843 0.4422
vn 0.3261 0.6074 0.7243
vn 0.1998 0.7689 0.6073
vn 0.5397 0.6597 0.5230
vn 0.6632 0.6954 0.2768
vn 0.3719 0.8004 0.4701
vn 0.4973 0.8236 0.2729
vn 0.5426 0.8400 0.0007
vn 0.3133 0.8775 0.3632
vn 0.4088 0.8797 0.2430
vn 0.4391 0.8985 0.0005
vn 0.3012 0.9000 0.3149
vn 0.3773 0.8994 0.2208
vn 0.4264 0.9045 0.0004
vn 0.4330 0.8768 0.2091
vn 0.4088 0.8151 0.4105
vn 0.5473 0.8036 0.2338
vn 0.6243 0.7812 0.0004
vn 0.7523 0.6589 0.0003
vn 0.6838 0.6750 0.2770
vn 0.8630 0.5051 0.0003
vn 0.4902 0.7341 0.4698
vn 0.7963 0.5264 0.2980
vn 0.9527 0.3039 0.0002
vn 0.5924 0.6116 0.5244
vn 0.8826 0.3681 0.2924
vn 0.6869 0.3839 0.6171
vn 0.9365 0.1511 0.3165
vn 0.7381 0.0969 0.6677
vn 0.9408 -0.0521 0.3349
vn 0.7514 -0.1065 0.6512
vn 0.6803 -0.4000 0.6142
vn 0.8783 -0.3466 0.3293
vn 0.5526 -0.6750 0.4889
vn 0.7122 -0.6448 0.2777
vn 0.7966 -0.6045 0.0001
vn 0.5661 -0.8243 0.0001
vn 0.5137 -0.8304 0.2159
vn 0.3583 -0.6850 0.6344
vn 0.2995 -0.9461 0.1236
vn 0.2629 -0.8545 0.4480
vn 0.4049 -0.8409 0.3591
vn 0.1611 -0.9862 0.0377
vn 0.2534 -0.9442 0.2104
vn 0.1187 -0.9889 0.0892
vn 0.1752 -0.9480 0.2658
vn 0.0940 -0.9858 0.1394
vn 0.1228 -0.9517 0.2813
vn 0.0455 -0.8715 0.4883
vn 0.0287 -0.9235 0.3824
vn -0.1516 -0.8458 0.5115
vn -0.1869 -0.8084 0.5581
vn -0.1127 -0.8914 0.4389
vn -0.1630 -0.8161 0.5544
vn -0.1642 -0.8874 0.4307
vn -0.1713 -0.8514 0.4958
vn -0.1802 -0.9377 0.2969
vn -0.1324 -0.9390 0.3173
vn -0.1341 -0.9738 0.1837
vn -0.1121 -0.9681 0.2240
vn -0.0571 -0.9919 0.1133
vn -0.0999 -0.9835 0.1510
vn -0.0308 -0.9984 0.0482
vn -0.0629 -0.9946 0.0820
vn -0.0577 -0.9867 0.1521
vn -0.0681 -0.9794 0.1902
vn -0.0762 -0.9723 0.2211
vn -0.0326 -0.9869 0.1577
vn -0.0355 -0.9923 0.1190
vn -0.1289 -0.9291 0.3466
vn -0.0193 -0.9912 0.1312
vn -0.0354 -0.9987 0.0360
vn -0.0136 -0.9948 0.1009
vn -0.0030 -0.9928 0.1197
vn 0.0097 -0.9959 0.0899
vn 0.0028 -0.9989 0.0466
vn -0.0072 -0.9981 0.0620
vn 0.0168 -0.9956 0.0926
vn 0.0232 -0.9974 0.0677
vn 0.0252 -0.9974 0.0677
vn 0.0374 -0.9965 0.0744
vn 0.0487 -0.9961 0.0732
vn 0.0237 -0.9957 0.0899
vn 0.0059 -0.9937 0.1120
vn 0.0276 -0.9964 0.0801
vn -0.0038 -0.9948 0.1016
vn -0.0169 -0.9910 0.1331
vn 0.0275 -0.9967 0.0757
vn 0.0164 -0.9959 0.0895
vn 0.0210 -0.9970 0.0752
vn 0.0487 -0.9918 0.1181
vn 0.0772 -0.9767 0.2002
vn -0.0221 -0.9937 0.1099
vn -0.0023 -0.9911 0.1331
vn -0.0016 -0.9548 0.2971
vn -0.0426 -0.9893 0.1399
vn -0.0392 -0.9819 0.1854
vn -0.0736 -0.9304 0.3591
vn -0.0718 -0.9732 0.2183
vn -0.0799 -0.9706 0.2269
vn -0.0468 -0.9847 0.1676
vn -0.0436 -0.9837 0.1744
vn 0.9105 -0.0023 -0.4134
vn 0.9247 0.1034 -0.3665
vn 0.9476 0.0656 -0.3127
vn 0.8881 0.1186 -0.4440
vn 0.8434 0.0657 -0.5332
vn 0.9464 0.1586 -0.2813
vn 0.9730 0.0463 -0.2262
vn 0.9786 0.1364 -0.1540
vn 0.8570 0.1231 -0.5004
vn 0.8238 0.0749 -0.5619
vn 0.9556 0.2251 -0.1903
vn 0.9696 0.2258 -0.0945
vn 0.8639 0.1124 -0.4910
vn 0.7779 0.1345 -0.6138
vn 0.9502 0.2655 -0.1633
vn 0.8280 0.1648 -0.5360
vn 0.7377 0.2112 -0.6412
vn 0.9326 0.3306 -0.1450
vn 0.9519 0.2949 -0.0835
vn 0.7990 0.2294 -0.5558
vn 0.7069 0.3267 -0.6274
vn 0.9072 0.3890 -0.1600
vn 0.9082 0.4067 -0.0989
vn 0.7746 0.2968 -0.5586
vn 0.6606 0.4673 -0.5876
vn 0.8885 0.4324 -0.1537
vn 0.8637 0.4931 -0.1039
vn 0.8420 0.5259 -0.1200
vn 0.7607 0.3522 -0.5452
vn 0.8783 0.4520 -0.1556
vn 0.8035 0.5714 -0.1669
vn 0.7432 0.4591 -0.4866
vn 0.6253 0.5660 -0.5372
vn 0.8463 0.4937 -0.2002
vn 0.7532 0.6016 -0.2660
vn 0.7498 0.5161 -0.4140
vn 0.6507 0.5837 -0.4856
vn 0.8127 0.5179 -0.2672
vn 0.6948 0.6063 -0.3868
vn 0.7765 0.5316 -0.3384
vn 0.8857 0.3112 -0.3445
vn 0.8885 0.4324 0.1537
vn 0.9082 0.4067 0.0989
vn 0.8637 0.4931 0.1039
vn 0.8420 0.5259 0.1200
vn 0.9072 0.3890 0.1600
vn 0.9519 0.2949 0.0835
vn 0.8783 0.4520 0.1556
vn 0.8035 0.5714 0.1669
vn 0.9326 0.3306 0.1450
vn 0.9696 0.2258 0.0945
vn 0.8463 0.4937 0.2002
vn 0.7532 0.6016 0.2660
vn 0.9502 0.2655 0.1633
vn 0.8127 0.5179 0.2672
vn 0.6948 0.6063 0.3868
vn 0.9556 0.2251 0.1903
vn 0.9786 0.1364 0.1540
vn 0.7765 0.5316 0.3384
vn 0.6507 0.5837 0.4856
vn 0.9464 0.1586 0.2813
vn 0.9730 0.0463 0.2262
vn 0.9476 0.0656 0.3127
vn 0.7498 0.5161 0.4140
vn 0.6253 0.5660 0.5372
vn 0.9247 0.1034 0.3665
vn 0.9105 -0.0023 0.4134
vn 0.7432 0.4591 0.4866
vn 0.6606 0.4673 0.5876
vn 0.8881 0.1186 0.4440
vn 0.8434 0.0657 0.5332
vn 0.7607 0.3522 0.5452
vn 0.8570 0.1231 0.5004
vn 0.8238 0.0749 0.5619
vn 0.7746 0.2968 0.5586
vn 0.7069 0.3267 0.6274
vn 0.8639 0.1124 0.4910
vn 0.7779 0.1345 0.6138
vn 0.7990 0.2294 0.5558
vn 0.7377 0.2112 0.6412
vn 0.8280 0.1648 0.5360
vn 0.8857 0.3112 0.3445
vt 0.470459 0.682861
vt 0.459717 0.656494
vt 0.460449 0.682861
vt 0.468750 0.656494
vt 0.462158 0.630859
vt 0.470703 0.630859
vt 0.483887 0.682861
vt 0.484375 0.656494
vt 0.475098 0.682861
vt 0.476562 0.656494
vt 0.484131 0.630859
vt 0.476562 0.630859
vt 0.042847 0.543701
vt 0.059540 0.558350
vt 0.056885 0.563232
vt 0.035828 0.551514
vt 0.052521 0.565674
vt 0.031311 0.530762
vt 0.023346 0.538330
vt 0.022568 0.521973
vt 0.011757 0.524414
vt 0.009262 0.516602
vt 0.014648 0.513428
vt 0.034821 0.512207
vt 0.034393 0.522217
vt 0.051147 0.522461
vt 0.051605 0.512451
vt 0.068237 0.517822
vt 0.067444 0.523193
vt 0.065674 0.512695
vt 0.467529 0.982056
vt 0.478271 0.985207
vt 0.479248 0.979721
vt 0.468506 0.978241
vt 0.479736 0.971359
vt 0.455078 0.975708
vt 0.449463 0.980164
vt 0.471436 0.969925
vt 0.481445 0.961426
vt 0.462891 0.967804
vt 0.474365 0.959747
vt 0.482178 0.949829
vt 0.469971 0.958801
vt 0.476318 0.949066
vt 0.481934 0.944275
vt 0.460693 0.954651
vt 0.478027 0.944275
vt 0.480713 0.939941
vt 0.471436 0.946167
vt 0.478516 0.940186
vt 0.477783 0.934937
vt 0.474609 0.942719
vt 0.476562 0.939484
vt 0.472168 0.937988
vt 0.468262 0.939270
vt 0.474854 0.936829
vt 0.472900 0.933228
vt 0.475586 0.933960
vt 0.475586 0.932434
vt 0.469238 0.932922
vt 0.472900 0.931091
vt 0.476562 0.930420
vt 0.478516 0.929626
vt 0.480713 0.929810
vt 0.481689 0.925354
vt 0.478027 0.925720
vt 0.481934 0.919556
vt 0.475098 0.927490
vt 0.476562 0.921204
vt 0.479004 0.907654
vt 0.469727 0.929321
vt 0.472656 0.924622
vt 0.470215 0.911194
vt 0.475098 0.897644
vt 0.462646 0.915955
vt 0.463379 0.900452
vt 0.470947 0.890015
vt 0.452148 0.908081
vt 0.456543 0.925049
vt 0.455322 0.932190
vt 0.442383 0.919556
vt 0.454346 0.942078
vt 0.438721 0.929138
vt 0.448975 0.962494
vt 0.437988 0.946014
vt 0.437012 0.969772
vt 0.422363 0.949310
vt 0.426270 0.977097
vt 0.422607 0.979309
vt 0.404297 0.951874
vt 0.393555 0.953827
vt 0.419189 0.925110
vt 0.400879 0.922424
vt 0.390137 0.921082
vt 0.400879 0.905090
vt 0.408447 0.907654
vt 0.425293 0.891418
vt 0.424805 0.913513
vt 0.431152 0.895630
vt 0.441162 0.888550
vt 0.440430 0.901672
vt 0.443604 0.891663
vt 0.454102 0.886658
vt 0.448486 0.898254
vt 0.457764 0.892822
vt 0.469727 0.884583
vt 0.054901 0.947296
vt 0.057831 0.945648
vt 0.054871 0.947266
vt 0.054291 0.947662
vt 0.057709 0.945312
vt 0.068481 0.939606
vt 0.054840 0.947174
vt 0.067993 0.938354
vt 0.082214 0.930908
vt 0.057556 0.944824
vt 0.054810 0.947083
vt 0.081665 0.928955
vt 0.096924 0.927429
vt 0.067322 0.936340
vt 0.057373 0.944397
vt 0.054749 0.947021
vt 0.066650 0.934631
vt 0.056946 0.943878
vt 0.054688 0.946960
vt 0.054596 0.946930
vt 0.054535 0.946899
vt 0.055756 0.943176
vt 0.056183 0.943329
vt 0.060150 0.929810
vt 0.056610 0.943573
vt 0.061920 0.930420
vt 0.065491 0.912292
vt 0.064880 0.932495
vt 0.063599 0.931335
vt 0.068237 0.912964
vt 0.066956 0.897705
vt 0.074280 0.916931
vt 0.071350 0.898132
vt 0.064148 0.881409
vt 0.071533 0.914612
vt 0.072388 0.880432
vt 0.055267 0.857544
vt 0.076904 0.900146
vt 0.081970 0.903687
vt 0.078308 0.921387
vt 0.080383 0.925049
vt 0.089172 0.910583
vt 0.089722 0.884888
vt 0.081787 0.881775
vt 0.073914 0.855225
vt 0.085754 0.856689
vt 0.066223 0.830566
vt 0.045074 0.835083
vt 0.077393 0.832031
vt 0.061737 0.798462
vt 0.031433 0.803223
vt 0.088501 0.833496
vt 0.059784 0.758911
vt 0.018906 0.760864
vt 0.014641 0.722656
vt 0.077026 0.800903
vt 0.062012 0.727295
vt 0.017731 0.681885
vt 0.079468 0.763428
vt 0.092285 0.803467
vt 0.099182 0.768066
vt 0.068787 0.695557
vt 0.030319 0.639404
vt 0.084167 0.734619
vt 0.081116 0.663086
vt 0.051575 0.600586
vt 0.092346 0.705811
vt 0.106384 0.741699
vt 0.115906 0.716309
vt 0.104858 0.677002
vt 0.098083 0.634277
vt 0.082275 0.566162
vt 0.128540 0.690674
vt 0.120544 0.650879
vt 0.120789 0.607422
vt 0.148560 0.584717
vt 0.120422 0.539795
vt 0.140625 0.626221
vt 0.176514 0.569336
vt 0.158569 0.524414
vt 0.165039 0.604248
vt 0.189575 0.589111
vt 0.181396 0.624023
vt 0.142944 0.667480
vt 0.160522 0.645020
vt 0.165527 0.683838
vt 0.181885 0.661621
vt 0.156372 0.709473
vt 0.203247 0.678467
vt 0.142578 0.733154
vt 0.188110 0.700195
vt 0.184204 0.728027
vt 0.131226 0.756348
vt 0.169312 0.750000
vt 0.206665 0.713379
vt 0.121460 0.780151
vt 0.207642 0.681152
vt 0.110046 0.812378
vt 0.156006 0.771118
vt 0.143677 0.792236
vt 0.101990 0.839722
vt 0.127808 0.821289
vt 0.096008 0.861450
vt 0.106201 0.866333
vt 0.115479 0.845947
vt 0.105591 0.894287
vt 0.122253 0.877380
vt 0.136963 0.861328
vt 0.092529 0.914734
vt 0.113831 0.900879
vt 0.094910 0.919373
vt 0.096375 0.923828
vt 0.120789 0.909241
vt 0.134155 0.887512
vt 0.125122 0.918396
vt 0.126221 0.927673
vt 0.144531 0.901184
vt 0.150635 0.916260
vt 0.151245 0.931763
vt 0.152222 0.874268
vt 0.166748 0.893005
vt 0.175415 0.914124
vt 0.176392 0.936096
vt 0.194214 0.881836
vt 0.207153 0.910217
vt 0.210449 0.940796
vt 0.154785 0.840942
vt 0.174194 0.857056
vt 0.176147 0.816162
vt 0.199585 0.835449
vt 0.191528 0.797852
vt 0.207031 0.778931
vt 0.217285 0.819214
vt 0.226440 0.866211
vt 0.223511 0.758789
vt 0.234497 0.802368
vt 0.249756 0.852661
vt 0.245605 0.901978
vt 0.254639 0.941833
vt 0.292480 0.935608
vt 0.273682 0.889099
vt 0.330322 0.921143
vt 0.298828 0.873047
vt 0.367432 0.897888
vt 0.271729 0.837280
vt 0.328613 0.854004
vt 0.398926 0.867188
vt 0.251709 0.783936
vt 0.292969 0.818848
vt 0.353516 0.831665
vt 0.230469 0.750000
vt 0.267090 0.766846
vt 0.311035 0.799072
vt 0.374023 0.802368
vt 0.424072 0.828247
vt 0.326660 0.775391
vt 0.285645 0.743896
vt 0.387451 0.769043
vt 0.439209 0.783936
vt 0.338867 0.748535
vt 0.393799 0.737793
vt 0.443359 0.742676
vt 0.434082 0.686523
vt 0.346924 0.723877
vt 0.393311 0.695557
vt 0.417480 0.651367
vt 0.293213 0.720703
vt 0.387207 0.663086
vt 0.396729 0.622314
vt 0.352539 0.692627
vt 0.376953 0.633545
vt 0.345459 0.574463
vt 0.354980 0.664062
vt 0.314209 0.679199
vt 0.354492 0.636230
vt 0.302002 0.702637
vt 0.289795 0.693359
vt 0.323975 0.655029
vt 0.283203 0.711914
vt 0.324463 0.647705
vt 0.283203 0.739990
vt 0.280762 0.732666
vt 0.263428 0.746094
vt 0.273926 0.709229
vt 0.250000 0.727051
vt 0.279541 0.687256
vt 0.271240 0.693359
vt 0.268066 0.685303
vt 0.239990 0.738770
vt 0.231689 0.705322
vt 0.217529 0.710449
vt 0.229004 0.687744
vt 0.218018 0.685303
vt 0.229248 0.659424
vt 0.232788 0.663574
vt 0.223877 0.657227
vt 0.242432 0.673096
vt 0.240601 0.678223
vt 0.247803 0.663086
vt 0.256348 0.676758
vt 0.254639 0.680176
vt 0.218384 0.655762
vt 0.270264 0.681152
vt 0.267334 0.667480
vt 0.284912 0.677002
vt 0.276367 0.673096
vt 0.294434 0.663574
vt 0.280518 0.655029
vt 0.301514 0.647705
vt 0.269775 0.644287
vt 0.289307 0.641357
vt 0.316406 0.650146
vt 0.302246 0.640137
vt 0.281494 0.633789
vt 0.312744 0.640869
vt 0.292480 0.635498
vt 0.318604 0.638184
vt 0.309814 0.634277
vt 0.313721 0.632324
vt 0.323975 0.629639
vt 0.331787 0.633057
vt 0.334717 0.618164
vt 0.323975 0.618896
vt 0.328369 0.606201
vt 0.317139 0.626709
vt 0.320312 0.611816
vt 0.317139 0.619629
vt 0.310547 0.623779
vt 0.322510 0.599365
vt 0.314941 0.614990
vt 0.315186 0.606445
vt 0.309814 0.618896
vt 0.310791 0.610840
vt 0.309570 0.593262
vt 0.307129 0.602051
vt 0.305908 0.614990
vt 0.305908 0.608154
vt 0.298340 0.607422
vt 0.300781 0.613770
vt 0.303711 0.620850
vt 0.295898 0.601074
vt 0.292236 0.610107
vt 0.291016 0.591553
vt 0.296875 0.616211
vt 0.287354 0.604736
vt 0.289795 0.613770
vt 0.282959 0.612061
vt 0.279053 0.597900
vt 0.283447 0.575195
vt 0.273438 0.610596
vt 0.280518 0.558838
vt 0.286133 0.536865
vt 0.249512 0.556396
vt 0.252686 0.524414
vt 0.257080 0.587402
vt 0.253174 0.572021
vt 0.216675 0.558838
vt 0.214600 0.517822
vt 0.223633 0.577881
vt 0.230591 0.596680
vt 0.202637 0.609131
vt 0.242920 0.613037
vt 0.219604 0.626465
vt 0.199951 0.639893
vt 0.236450 0.643799
vt 0.255127 0.629639
vt 0.275635 0.621338
vt 0.282715 0.620605
vt 0.287109 0.630371
vt 0.289062 0.620605
vt 0.295898 0.620605
vt 0.291992 0.627197
vt 0.295654 0.630859
vt 0.298340 0.625000
vt 0.302734 0.634277
vt 0.302979 0.627930
vt 0.307861 0.627197
vt 0.438721 0.513916
vt 0.450684 0.536621
vt 0.455566 0.514648
vt 0.460938 0.517090
vt 0.441650 0.536377
vt 0.428955 0.515381
vt 0.458496 0.540283
vt 0.469971 0.520996
vt 0.480225 0.530762
vt 0.433105 0.538330
vt 0.422607 0.517578
vt 0.410645 0.525879
vt 0.465820 0.545654
vt 0.488037 0.544434
vt 0.426514 0.542969
vt 0.401611 0.537842
vt 0.469971 0.552979
vt 0.421387 0.549316
vt 0.395996 0.552490
vt 0.471924 0.561035
vt 0.490723 0.559570
vt 0.418457 0.557129
vt 0.394775 0.568115
vt 0.470947 0.569580
vt 0.490479 0.574707
vt 0.417969 0.565430
vt 0.397949 0.583984
vt 0.467773 0.577393
vt 0.487305 0.589600
vt 0.477539 0.602783
vt 0.420166 0.573486
vt 0.462158 0.583496
vt 0.464844 0.610840
vt 0.424561 0.580566
vt 0.406494 0.597412
vt 0.454834 0.587891
vt 0.449219 0.614014
vt 0.430908 0.585693
vt 0.417480 0.607178
vt 0.446777 0.589600
vt 0.432617 0.613037
vt 0.438477 0.589111
vt 0.445312 0.562744
s 1
usemtl MN157_J05_MI_Water
f 1/1/1 2/2/2 3/3/3
f 1/1/1 4/4/4 2/2/2
f 4/4/4 5/5/5 2/2/2
f 5/5/5 4/4/4 6/6/6
f 7/7/7 8/8/8 9/9/9
f 9/9/9 8/8/8 10/10/10
f 8/8/8 11/11/11 10/10/10
f 10/10/10 11/11/11 12/12/12
f 13/2/13 14/1/14 15/3/15
f 14/1/14 13/2/13 16/4/16
f 17/5/17 16/4/16 13/2/13
f 16/4/16 17/5/17 18/6/18
f 19/9/19 20/8/20 21/7/21
f 19/9/19 22/10/22 20/8/20
f 22/10/22 23/11/23 20/8/20
f 22/10/22 24/12/24 23/11/23
f 25/13/25 26/14/26 27/15/27
f 25/13/25 27/15/27 28/16/28
f 27/15/27 29/17/29 28/16/28
f 30/18/30 25/13/25 28/16/28
f 31/19/31 30/18/30 28/16/28
f 32/20/32 30/18/30 31/19/31
f 32/20/32 31/19/31 33/21/33
f 34/22/34 32/20/32 33/21/33
f 32/20/32 34/22/34 35/23/35
f 32/20/32 35/23/35 36/24/36
f 37/25/37 32/20/32 36/24/36
f 38/26/38 37/25/37 36/24/36
f 38/26/38 36/24/36 39/27/39
f 40/28/40 38/26/38 39/27/39
f 40/28/40 41/29/41 38/26/38
f 39/27/39 42/30/42 40/28/40
f 43/13/43 44/15/44 45/14/45
f 43/13/43 46/16/46 44/15/44
f 44/15/44 46/16/46 47/17/47
f 48/18/48 46/16/46 43/13/43
f 49/19/49 46/16/46 48/18/48
f 50/20/50 49/19/49 48/18/48
f 51/21/51 49/19/49 50/20/50
f 52/22/52 51/21/51 50/20/50
f 50/20/50 53/23/53 52/22/52
f 54/24/54 53/23/53 50/20/50
f 50/20/50 55/25/55 54/24/54
f 55/25/55 56/26/56 54/24/54
f 57/27/57 54/24/54 56/26/56
f 58/28/58 57/27/57 56/26/56
f 58/28/58 56/26/56 59/29/59
f 57/27/57 58/28/58 60/30/60
f 61/31/61 62/32/62 63/33/63
f 63/33/63 64/34/64 61/31/61
f 64/34/64 63/33/63 65/35/65
f 64/34/64 66/36/66 61/31/61
f 67/37/67 61/31/61 66/36/66
f 65/35/65 68/38/68 64/34/64
f 68/38/68 65/35/65 69/39/69
f 70/40/70 66/36/66 64/34/64
f 68/38/68 70/40/70 64/34/64
f 71/41/71 68/38/68 69/39/69
f 71/41/71 69/39/69 72/42/72
f 73/43/73 70/40/70 68/38/68
f 68/38/68 71/41/71 73/43/73
f 74/44/74 71/41/71 72/42/72
f 71/41/71 74/44/74 73/43/73
f 75/45/75 74/44/74 72/42/72
f 76/46/76 70/40/70 73/43/73
f 74/44/74 75/45/75 77/47/77
f 78/48/78 77/47/77 75/45/75
f 79/49/79 73/43/73 74/44/74
f 73/43/73 79/49/79 76/46/76
f 77/47/77 78/48/78 80/50/80
f 78/48/78 81/51/81 80/50/80
f 74/44/74 77/47/77 82/52/82
f 74/44/74 82/52/82 79/49/79
f 77/47/77 80/50/80 83/53/83
f 77/47/77 83/53/83 82/52/82
f 80/50/80 81/51/81 83/53/83
f 84/54/84 79/49/79 82/52/82
f 83/53/83 84/54/84 82/52/82
f 85/55/85 76/46/76 79/49/79
f 79/49/79 84/54/84 85/55/85
f 84/54/84 83/53/83 86/56/86
f 83/53/83 81/51/81 86/56/86
f 87/57/87 84/54/84 86/56/86
f 86/56/86 81/51/81 88/58/88
f 87/57/87 86/56/86 88/58/88
f 88/58/88 81/51/81 89/59/89
f 89/59/89 87/57/87 88/58/88
f 90/60/90 84/54/84 87/57/87
f 90/60/90 85/55/85 84/54/84
f 91/61/91 87/57/87 89/59/89
f 91/61/91 90/60/90 87/57/87
f 89/59/89 81/51/81 92/62/92
f 92/62/92 91/61/91 89/59/89
f 92/62/92 81/51/81 93/63/93
f 93/63/93 81/51/81 94/64/78
f 95/65/94 93/63/93 94/64/78
f 93/63/93 95/65/94 96/66/95
f 96/66/95 92/62/92 93/63/93
f 97/67/96 96/66/95 95/65/94
f 98/68/97 91/61/91 92/62/92
f 92/62/92 96/66/95 98/68/97
f 96/66/95 97/67/96 99/69/98
f 99/69/98 98/68/97 96/66/95
f 100/70/99 99/69/98 97/67/96
f 98/68/97 101/71/100 91/61/91
f 101/71/100 90/60/90 91/61/91
f 98/68/97 99/69/98 102/72/101
f 102/72/101 101/71/100 98/68/97
f 103/73/102 99/69/98 100/70/99
f 103/73/102 102/72/101 99/69/98
f 104/74/103 103/73/102 100/70/99
f 102/72/101 105/75/104 101/71/100
f 102/72/101 103/73/102 105/75/104
f 104/74/103 106/76/105 103/73/102
f 104/74/103 107/77/106 106/76/105
f 103/73/102 108/78/107 105/75/104
f 108/78/107 103/73/102 106/76/105
f 105/75/104 109/79/108 101/71/100
f 105/75/104 108/78/107 109/79/108
f 101/71/100 110/80/109 90/60/90
f 101/71/100 109/79/108 110/80/109
f 90/60/90 110/80/109 85/55/85
f 108/78/107 111/81/110 109/79/108
f 111/81/110 110/80/109 109/79/108
f 112/82/111 85/55/85 110/80/109
f 76/46/76 85/55/85 112/82/111
f 110/80/109 111/81/110 113/83/112
f 113/83/112 112/82/111 110/80/109
f 112/82/111 114/84/113 76/46/76
f 70/40/70 76/46/76 114/84/113
f 114/84/113 66/36/66 70/40/70
f 114/84/113 112/82/111 115/85/114
f 113/83/112 115/85/114 112/82/111
f 66/36/66 114/84/113 116/86/115
f 115/85/114 116/86/115 114/84/113
f 116/86/115 67/37/67 66/36/66
f 116/86/115 115/85/114 117/87/116
f 113/83/112 117/87/116 115/85/114
f 67/37/67 116/86/115 118/88/117
f 117/87/116 118/88/117 116/86/115
f 67/37/67 118/88/117 119/89/118
f 120/90/119 119/89/118 118/88/117
f 118/88/117 117/87/116 120/90/119
f 119/89/118 120/90/119 121/91/120
f 117/87/116 113/83/112 122/92/121
f 122/92/121 120/90/119 117/87/116
f 123/93/122 121/91/120 120/90/119
f 120/90/119 122/92/121 123/93/122
f 121/91/120 123/93/122 124/94/123
f 123/93/122 125/95/124 124/94/123
f 125/95/124 123/93/122 126/96/125
f 122/92/121 126/96/125 123/93/122
f 127/97/126 125/95/124 126/96/125
f 113/83/112 128/98/127 122/92/121
f 126/96/125 122/92/121 128/98/127
f 128/98/127 113/83/112 111/81/110
f 127/97/126 126/96/125 129/99/128
f 129/99/128 126/96/125 128/98/127
f 130/100/129 127/97/126 129/99/128
f 131/101/130 128/98/127 111/81/110
f 128/98/127 131/101/130 129/99/128
f 111/81/110 108/78/107 131/101/130
f 129/99/128 132/102/131 130/100/129
f 132/102/131 129/99/128 131/101/130
f 130/100/129 132/102/131 133/103/132
f 108/78/107 134/104/133 131/101/130
f 132/102/131 131/101/130 134/104/133
f 106/76/105 134/104/133 108/78/107
f 132/102/131 135/105/134 133/103/132
f 135/105/134 132/102/131 134/104/133
f 134/104/133 106/76/105 135/105/134
f 136/106/62 133/103/132 135/105/134
f 107/77/106 135/105/134 106/76/105
f 135/105/134 107/77/106 136/106/62
f 137/31/135 138/33/136 139/32/137
f 140/34/138 138/33/136 137/31/135
f 140/34/138 141/35/139 138/33/136
f 142/36/140 140/34/138 137/31/135
f 142/36/140 137/31/135 143/37/141
f 144/38/142 141/35/139 140/34/138
f 144/38/142 145/39/143 141/35/139
f 146/40/144 140/34/138 142/36/140
f 140/34/138 146/40/144 144/38/142
f 147/41/145 145/39/143 144/38/142
f 147/41/145 148/42/146 145/39/143
f 144/38/142 149/43/147 147/41/145
f 149/43/147 144/38/142 146/40/144
f 150/44/148 148/42/146 147/41/145
f 147/41/145 149/43/147 150/44/148
f 150/44/148 151/45/149 148/42/146
f 146/40/144 152/46/150 149/43/147
f 151/45/149 150/44/148 153/47/151
f 153/47/151 154/48/152 151/45/149
f 149/43/147 155/49/153 150/44/148
f 155/49/153 149/43/147 152/46/150
f 154/48/152 153/47/151 156/50/154
f 154/48/152 156/50/154 157/51/155
f 150/44/148 158/52/156 153/47/151
f 150/44/148 155/49/153 158/52/156
f 153/47/151 159/53/157 156/50/154
f 153/47/151 158/52/156 159/53/157
f 156/50/154 159/53/157 157/51/155
f 155/49/153 160/54/158 158/52/156
f 160/54/158 159/53/157 158/52/156
f 152/46/150 161/55/159 155/49/153
f 155/49/153 161/55/159 160/54/158
f 159/53/157 160/54/158 162/56/160
f 159/53/157 162/56/160 157/51/155
f 160/54/158 163/57/161 162/56/160
f 162/56/160 164/58/162 157/51/155
f 162/56/160 163/57/161 164/58/162
f 164/58/162 165/59/163 157/51/155
f 165/59/163 164/58/162 163/57/161
f 160/54/158 166/60/164 163/57/161
f 166/60/164 160/54/158 161/55/159
f 163/57/161 167/61/165 165/59/163
f 167/61/165 163/57/161 166/60/164
f 165/59/163 168/62/166 157/51/155
f 168/62/166 165/59/163 167/61/165
f 168/62/166 169/63/167 157/51/155
f 169/63/167 170/64/152 157/51/155
f 169/63/167 171/65/168 170/64/152
f 171/65/168 169/63/167 172/66/169
f 168/62/166 172/66/169 169/63/167
f 172/66/169 173/67/170 171/65/168
f 168/62/166 167/61/165 174/68/171
f 172/66/169 168/62/166 174/68/171
f 173/67/170 172/66/169 175/69/172
f 174/68/171 175/69/172 172/66/169
f 176/70/173 173/67/170 175/69/172
f 174/68/171 167/61/165 177/71/174
f 177/71/174 167/61/165 166/60/164
f 175/69/172 174/68/171 178/72/175
f 174/68/171 177/71/174 178/72/175
f 179/73/176 176/70/173 175/69/172
f 178/72/175 179/73/176 175/69/172
f 176/70/173 179/73/176 180/74/177
f 178/72/175 177/71/174 181/75/178
f 178/72/175 181/75/178 179/73/176
f 182/76/179 180/74/177 179/73/176
f 180/74/177 182/76/179 183/77/180
f 184/78/181 179/73/176 181/75/178
f 179/73/176 184/78/181 182/76/179
f 185/79/182 181/75/178 177/71/174
f 185/79/182 184/78/181 181/75/178
f 166/60/164 186/80/183 177/71/174
f 185/79/182 177/71/174 186/80/183
f 186/80/183 166/60/164 161/55/159
f 184/78/181 185/79/182 187/81/184
f 186/80/183 187/81/184 185/79/182
f 188/82/185 186/80/183 161/55/159
f 161/55/159 152/46/150 188/82/185
f 187/81/184 186/80/183 189/83/186
f 186/80/183 188/82/185 189/83/186
f 190/84/187 188/82/185 152/46/150
f 152/46/150 146/40/144 190/84/187
f 142/36/140 190/84/187 146/40/144
f 188/82/185 190/84/187 191/85/188
f 191/85/188 189/83/186 188/82/185
f 190/84/187 142/36/140 192/86/189
f 192/86/189 191/85/188 190/84/187
f 143/37/141 192/86/189 142/36/140
f 191/85/188 192/86/189 193/87/190
f 193/87/190 189/83/186 191/85/188
f 192/86/189 143/37/141 194/88/191
f 194/88/191 193/87/190 192/86/189
f 143/37/141 195/89/192 194/88/191
f 195/89/192 196/90/193 194/88/191
f 193/87/190 194/88/191 196/90/193
f 196/90/193 195/89/192 197/91/194
f 189/83/186 193/87/190 198/92/195
f 196/90/193 198/92/195 193/87/190
f 197/91/194 199/93/196 196/90/193
f 198/92/195 196/90/193 199/93/196
f 199/93/196 197/91/194 200/94/197
f 199/93/196 200/94/197 201/95/198
f 202/96/199 199/93/196 201/95/198
f 202/96/199 198/92/195 199/93/196
f 201/95/198 203/97/200 202/96/199
f 189/83/186 198/92/195 204/98/201
f 198/92/195 202/96/199 204/98/201
f 204/98/201 187/81/184 189/83/186
f 203/97/200 205/99/202 202/96/199
f 205/99/202 204/98/201 202/96/199
f 203/97/200 206/100/203 205/99/202
f 207/101/204 187/81/184 204/98/201
f 204/98/201 205/99/202 207/101/204
f 184/78/181 187/81/184 207/101/204
f 205/99/202 206/100/203 208/102/205
f 208/102/205 207/101/204 205/99/202
f 206/100/203 209/103/206 208/102/205
f 184/78/181 207/101/204 210/104/207
f 207/101/204 208/102/205 210/104/207
f 210/104/207 182/76/179 184/78/181
f 208/102/205 209/103/206 211/105/208
f 208/102/205 211/105/208 210/104/207
f 182/76/179 210/104/207 211/105/208
f 209/103/206 212/106/209 211/105/208
f 211/105/208 183/77/180 182/76/179
f 183/77/180 211/105/208 212/106/209
f 213/107/210 214/108/211 215/109/212
f 213/107/210 215/109/212 216/110/213
f 215/109/212 214/108/211 217/111/214
f 214/108/211 218/112/215 217/111/214
f 217/111/214 219/113/216 215/109/212
f 215/109/212 219/113/216 216/110/213
f 217/111/214 218/112/215 220/114/217
f 218/112/215 221/115/218 220/114/217
f 219/113/216 217/111/214 222/116/219
f 220/114/217 222/116/219 217/111/214
f 222/116/219 223/117/220 219/113/216
f 219/113/216 223/117/220 216/110/213
f 221/115/218 224/118/221 220/114/217
f 221/115/218 225/119/222 224/118/221
f 222/116/219 220/114/217 226/120/223
f 220/114/217 224/118/221 226/120/223
f 223/117/220 222/116/219 227/121/224
f 226/120/223 227/121/224 222/116/219
f 223/117/220 227/121/224 228/122/225
f 223/117/220 228/122/225 216/110/213
f 227/121/224 226/120/223 229/123/226
f 228/122/225 227/121/224 230/124/227
f 229/123/226 230/124/227 227/121/224
f 228/122/225 231/125/228 216/110/213
f 230/124/227 231/125/228 228/122/225
f 231/125/228 232/126/229 216/110/213
f 232/126/229 233/127/230 216/110/213
f 234/128/231 233/127/230 232/126/229
f 232/126/229 235/129/232 234/128/231
f 235/129/232 232/126/229 231/125/228
f 235/129/232 236/130/233 234/128/231
f 231/125/228 230/124/227 237/131/234
f 231/125/228 237/131/234 235/129/232
f 236/130/233 235/129/232 238/132/235
f 237/131/234 238/132/235 235/129/232
f 238/132/235 239/133/236 236/130/233
f 240/134/237 237/131/234 230/124/227
f 230/124/227 229/123/226 240/134/237
f 238/132/235 237/131/234 241/135/238
f 237/131/234 240/134/237 241/135/238
f 239/133/236 238/132/235 242/136/239
f 241/135/238 242/136/239 238/132/235
f 242/136/239 243/137/240 239/133/236
f 240/134/237 244/138/241 241/135/238
f 243/137/240 242/136/239 245/139/242
f 245/139/242 246/140/243 243/137/240
f 242/136/239 241/135/238 247/141/244
f 247/141/244 245/139/242 242/136/239
f 244/138/241 247/141/244 241/135/238
f 246/140/243 245/139/242 248/142/245
f 248/142/245 249/143/246 246/140/243
f 245/139/242 247/141/244 250/144/247
f 250/144/247 248/142/245 245/139/242
f 244/138/241 251/145/248 247/141/244
f 251/145/248 250/144/247 247/141/244
f 240/134/237 252/146/249 244/138/241
f 252/146/249 251/145/248 244/138/241
f 229/123/226 252/146/249 240/134/237
f 226/120/223 252/146/249 229/123/226
f 252/146/249 226/120/223 253/147/250
f 224/118/221 253/147/250 226/120/223
f 251/145/248 252/146/249 254/148/251
f 253/147/250 254/148/251 252/146/249
f 251/145/248 255/149/252 250/144/247
f 254/148/251 255/149/252 251/145/248
f 248/142/245 250/144/247 256/150/253
f 255/149/252 256/150/253 250/144/247
f 256/150/253 257/151/254 248/142/245
f 249/143/246 248/142/245 257/151/254
f 255/149/252 258/152/255 256/150/253
f 257/151/254 256/150/253 258/152/255
f 259/153/256 249/143/246 257/151/254
f 249/143/246 259/153/256 260/154/257
f 261/155/258 259/153/256 257/151/254
f 258/152/255 261/155/258 257/151/254
f 262/156/259 260/154/257 259/153/256
f 261/155/258 262/156/259 259/153/256
f 260/154/257 262/156/259 263/157/260
f 258/152/255 264/158/261 261/155/258
f 265/159/262 263/157/260 262/156/259
f 263/157/260 265/159/262 266/160/263
f 267/161/264 266/160/263 265/159/262
f 262/156/259 261/155/258 268/162/265
f 268/162/265 265/159/262 262/156/259
f 269/163/266 267/161/264 265/159/262
f 269/163/266 270/164/267 267/161/264
f 265/159/262 268/162/265 271/165/268
f 271/165/268 269/163/266 265/159/262
f 261/155/258 272/166/269 268/162/265
f 272/166/269 261/155/258 264/158/261
f 268/162/265 273/167/270 271/165/268
f 273/167/270 268/162/265 272/166/269
f 270/164/267 269/163/266 274/168/271
f 274/168/271 275/169/272 270/164/267
f 269/163/266 271/165/268 276/170/273
f 276/170/273 274/168/271 269/163/266
f 275/169/272 274/168/271 277/171/274
f 277/171/274 278/172/275 275/169/272
f 274/168/271 276/170/273 279/173/276
f 279/173/276 277/171/274 274/168/271
f 271/165/268 280/174/277 276/170/273
f 280/174/277 271/165/268 273/167/270
f 276/170/273 281/175/278 279/173/276
f 281/175/278 276/170/273 280/174/277
f 277/171/274 279/173/276 282/176/279
f 278/172/275 277/171/274 283/177/280
f 282/176/279 283/177/280 277/171/274
f 283/177/280 284/178/281 278/172/275
f 279/173/276 285/179/282 282/176/279
f 285/179/282 279/173/276 281/175/278
f 283/177/280 282/176/279 286/180/283
f 282/176/279 285/179/282 286/180/283
f 284/178/281 283/177/280 287/181/284
f 286/180/283 287/181/284 283/177/280
f 288/182/285 284/178/281 287/181/284
f 284/178/281 288/182/285 289/183/286
f 287/181/284 286/180/283 290/184/287
f 291/185/288 289/183/286 288/182/285
f 289/183/286 291/185/288 292/186/289
f 287/181/284 293/187/290 288/182/285
f 290/184/287 293/187/290 287/181/284
f 293/187/290 294/188/291 288/182/285
f 288/182/285 294/188/291 291/185/288
f 290/184/287 295/189/292 293/187/290
f 295/189/292 294/188/291 293/187/290
f 296/190/293 290/184/287 286/180/283
f 285/179/282 296/190/293 286/180/283
f 290/184/287 296/190/293 297/191/294
f 297/191/294 295/189/292 290/184/287
f 285/179/282 298/192/295 296/190/293
f 298/192/295 297/191/294 296/190/293
f 299/193/296 295/189/292 297/191/294
f 297/191/294 298/192/295 299/193/296
f 300/194/297 298/192/295 285/179/282
f 281/175/278 300/194/297 285/179/282
f 298/192/295 301/195/298 299/193/296
f 302/196/299 300/194/297 281/175/278
f 280/174/277 302/196/299 281/175/278
f 300/194/297 303/197/300 298/192/295
f 303/197/300 301/195/298 298/192/295
f 302/196/299 304/198/301 300/194/297
f 304/198/301 303/197/300 300/194/297
f 280/174/277 305/199/302 302/196/299
f 273/167/270 305/199/302 280/174/277
f 306/200/303 304/198/301 302/196/299
f 305/199/302 306/200/303 302/196/299
f 307/201/304 303/197/300 304/198/301
f 305/199/302 273/167/270 308/202/305
f 307/201/304 309/203/306 303/197/300
f 303/197/300 309/203/306 301/195/298
f 273/167/270 310/204/307 308/202/305
f 310/204/307 273/167/270 272/166/269
f 308/202/305 311/205/308 305/199/302
f 311/205/308 306/200/303 305/199/302
f 310/204/307 312/206/309 308/202/305
f 311/205/308 308/202/305 312/206/309
f 272/166/269 313/207/310 310/204/307
f 313/207/310 272/166/269 264/158/261
f 312/206/309 310/204/307 314/208/311
f 313/207/310 314/208/311 310/204/307
f 264/158/261 315/209/312 313/207/310
f 315/209/312 264/158/261 258/152/255
f 258/152/255 255/149/252 315/209/312
f 313/207/310 315/209/312 316/210/313
f 316/210/313 315/209/312 255/149/252
f 314/208/311 313/207/310 317/211/314
f 316/210/313 317/211/314 313/207/310
f 318/212/315 316/210/313 255/149/252
f 255/149/252 254/148/251 318/212/315
f 317/211/314 316/210/313 319/213/316
f 316/210/313 318/212/315 319/213/316
f 320/214/317 314/208/311 317/211/314
f 319/213/316 320/214/317 317/211/314
f 318/212/315 254/148/251 321/215/318
f 254/148/251 253/147/250 321/215/318
f 319/213/316 318/212/315 322/216/319
f 321/215/318 322/216/319 318/212/315
f 323/217/320 321/215/318 253/147/250
f 323/217/320 322/216/319 321/215/318
f 324/218/321 323/217/320 253/147/250
f 224/118/221 324/218/321 253/147/250
f 225/119/222 324/218/321 224/118/221
f 322/216/319 323/217/320 325/219/322
f 324/218/321 325/219/322 323/217/320
f 319/213/316 322/216/319 326/220/323
f 325/219/322 326/220/323 322/216/319
f 320/214/317 319/213/316 326/220/323
f 225/119/222 327/221/324 324/218/321
f 325/219/322 324/218/321 327/221/324
f 327/221/324 225/119/222 328/222/325
f 326/220/323 325/219/322 329/223/326
f 327/221/324 329/223/326 325/219/322
f 328/222/325 330/224/327 327/221/324
f 329/223/326 327/221/324 330/224/327
f 330/224/327 328/222/325 331/225/328
f 329/223/326 332/226/329 326/220/323
f 320/214/317 326/220/323 332/226/329
f 330/224/327 333/227/330 329/223/326
f 332/226/329 329/223/326 333/227/330
f 331/225/328 334/228/331 330/224/327
f 334/228/331 333/227/330 330/224/327
f 334/228/331 331/225/328 335/229/332
f 334/228/331 336/230/333 333/227/330
f 336/230/333 332/226/329 333/227/330
f 335/229/332 337/231/334 334/228/331
f 334/228/331 337/231/334 336/230/333
f 337/231/334 335/229/332 338/232/335
f 339/233/336 320/214/317 332/226/329
f 314/208/311 320/214/317 339/233/336
f 339/233/336 312/206/309 314/208/311
f 339/233/336 332/226/329 340/234/337
f 332/226/329 336/230/333 340/234/337
f 312/206/309 339/233/336 341/235/338
f 341/235/338 339/233/336 340/234/337
f 341/235/338 311/205/308 312/206/309
f 342/236/339 340/234/337 336/230/333
f 342/236/339 341/235/338 340/234/337
f 311/205/308 341/235/338 343/237/340
f 341/235/338 342/236/339 343/237/340
f 344/238/341 311/205/308 343/237/340
f 311/205/308 344/238/341 306/200/303
f 345/239/342 343/237/340 342/236/339
f 345/239/342 344/238/341 343/237/340
f 346/240/343 342/236/339 336/230/333
f 342/236/339 346/240/343 345/239/342
f 337/231/334 346/240/343 336/230/333
f 347/241/344 306/200/303 344/238/341
f 306/200/303 347/241/344 304/198/301
f 347/241/344 307/201/304 304/198/301
f 344/238/341 345/239/342 348/242/345
f 348/242/345 347/241/344 344/238/341
f 349/243/346 345/239/342 346/240/343
f 345/239/342 349/243/346 348/242/345
f 337/231/334 350/244/347 346/240/343
f 338/232/335 350/244/347 337/231/334
f 350/244/347 338/232/335 351/245/348
f 352/246/349 350/244/347 351/245/348
f 353/247/350 346/240/343 350/244/347
f 350/244/347 352/246/349 353/247/350
f 346/240/343 353/247/350 349/243/346
f 354/248/351 353/247/350 352/246/349
f 353/247/350 354/248/351 355/249/352
f 355/249/352 349/243/346 353/247/350
f 356/250/353 355/249/352 354/248/351
f 349/243/346 355/249/352 357/251/354
f 357/251/354 348/242/345 349/243/346
f 355/249/352 356/250/353 358/252/355
f 357/251/354 355/249/352 358/252/355
f 359/253/356 358/252/355 356/250/353
f 357/251/354 360/254/357 348/242/345
f 347/241/344 348/242/345 360/254/357
f 357/251/354 358/252/355 361/255/358
f 360/254/357 357/251/354 361/255/358
f 358/252/355 359/253/356 362/256/359
f 362/256/359 361/255/358 358/252/355
f 347/241/344 360/254/357 363/257/360
f 307/201/304 347/241/344 363/257/360
f 361/255/358 364/258/361 360/254/357
f 364/258/361 363/257/360 360/254/357
f 361/255/358 362/256/359 365/259/362
f 364/258/361 361/255/358 365/259/362
f 359/253/356 366/260/363 362/256/359
f 366/260/363 359/253/356 367/261/364
f 362/256/359 368/262/365 365/259/362
f 368/262/365 362/256/359 366/260/363
f 365/259/362 369/263/366 364/258/361
f 369/263/366 365/259/362 368/262/365
f 367/261/364 370/264/367 366/260/363
f 370/264/367 367/261/364 371/265/368
f 366/260/363 372/266/369 368/262/365
f 372/266/369 366/260/363 370/264/367
f 372/266/369 369/263/366 368/262/365
f 371/265/368 373/267/370 370/264/367
f 373/267/370 371/265/368 374/268/371
f 375/269/372 373/267/370 374/268/371
f 372/266/369 370/264/367 376/270/373
f 376/270/373 370/264/367 373/267/370
f 373/267/370 375/269/372 377/271/374
f 377/271/374 376/270/373 373/267/370
f 378/272/375 377/271/374 375/269/372
f 379/273/376 372/266/369 376/270/373
f 369/263/366 372/266/369 379/273/376
f 377/271/374 378/272/375 380/274/377
f 381/275/378 380/274/377 378/272/375
f 376/270/373 377/271/374 382/276/379
f 380/274/377 382/276/379 377/271/374
f 380/274/377 381/275/378 383/277/380
f 384/278/381 383/277/380 381/275/378
f 382/276/379 380/274/377 385/279/382
f 383/277/380 385/279/382 380/274/377
f 386/280/383 376/270/373 382/276/379
f 385/279/382 386/280/383 382/276/379
f 385/279/382 383/277/380 387/281/384
f 384/278/381 387/281/384 383/277/380
f 388/282/385 376/270/373 386/280/383
f 379/273/376 376/270/373 388/282/385
f 386/280/383 389/283/386 388/282/385
f 389/283/386 379/273/376 388/282/385
f 386/280/383 385/279/382 390/284/387
f 379/273/376 389/283/386 391/285/388
f 385/279/382 392/286/389 390/284/387
f 387/281/384 392/286/389 385/279/382
f 379/273/376 391/285/388 393/287/390
f 369/263/366 379/273/376 393/287/390
f 393/287/390 391/285/388 394/288/391
f 395/289/392 369/263/366 393/287/390
f 395/289/392 393/287/390 394/288/391
f 364/258/361 369/263/366 395/289/392
f 391/285/388 396/290/393 394/288/391
f 395/289/392 363/257/360 364/258/361
f 394/288/391 397/291/120 395/289/392
f 398/292/394 396/290/393 391/285/388
f 398/292/394 391/285/388 389/283/386
f 396/290/393 398/292/394 399/293/395
f 399/293/395 398/292/394 400/294/62
f 401/295/396 395/289/392 397/291/120
f 363/257/360 395/289/392 401/295/396
f 402/296/397 401/295/396 397/291/120
f 401/295/396 403/297/398 363/257/360
f 401/295/396 402/296/397 403/297/398
f 307/201/304 363/257/360 403/297/398
f 404/298/399 403/297/398 402/296/397
f 405/299/400 307/201/304 403/297/398
f 405/299/400 403/297/398 404/298/399
f 307/201/304 405/299/400 309/203/306
f 404/298/399 406/300/401 405/299/400
f 406/300/401 404/298/399 407/301/126
f 408/302/402 309/203/306 405/299/400
f 405/299/400 406/300/401 408/302/402
f 409/303/403 406/300/401 407/301/126
f 409/303/403 407/301/126 410/304/129
f 411/305/404 406/300/401 409/303/403
f 411/305/404 408/302/402 406/300/401
f 412/306/405 409/303/403 410/304/129
f 412/306/405 411/305/404 409/303/403
f 412/306/405 410/304/129 413/307/406
f 414/308/407 309/203/306 408/302/402
f 309/203/306 414/308/407 301/195/298
f 415/309/408 412/306/405 413/307/406
f 413/307/406 400/294/62 415/309/408
f 400/294/62 398/292/394 415/309/408
f 415/309/408 416/310/409 412/306/405
f 411/305/404 412/306/405 416/310/409
f 398/292/394 417/311/410 415/309/408
f 389/283/386 417/311/410 398/292/394
f 389/283/386 386/280/383 417/311/410
f 415/309/408 417/311/410 418/312/411
f 416/310/409 415/309/408 418/312/411
f 419/313/412 418/312/411 417/311/410
f 417/311/410 386/280/383 419/313/412
f 418/312/411 420/314/413 416/310/409
f 418/312/411 419/313/412 420/314/413
f 386/280/383 421/315/414 419/313/412
f 419/313/412 421/315/414 420/314/413
f 416/310/409 420/314/413 422/316/415
f 422/316/415 411/305/404 416/310/409
f 421/315/414 423/317/416 420/314/413
f 423/317/416 422/316/415 420/314/413
f 421/315/414 386/280/383 424/318/417
f 424/318/417 386/280/383 390/284/387
f 390/284/387 392/286/389 424/318/417
f 425/319/418 423/317/416 421/315/414
f 424/318/417 425/319/418 421/315/414
f 422/316/415 423/317/416 426/320/419
f 425/319/418 424/318/417 427/321/420
f 428/322/421 426/320/419 423/317/416
f 423/317/416 425/319/418 428/322/421
f 424/318/417 429/323/422 427/321/420
f 429/323/422 424/318/417 392/286/389
f 430/324/423 425/319/418 427/321/420
f 431/325/424 427/321/420 429/323/422
f 427/321/420 431/325/424 430/324/423
f 392/286/389 432/326/425 429/323/422
f 429/323/422 432/326/425 431/325/424
f 432/326/425 392/286/389 433/327/426
f 433/327/426 392/286/389 387/281/384
f 387/281/384 434/328/427 433/327/426
f 434/328/427 432/326/425 433/327/426
f 384/278/381 434/328/427 387/281/384
f 432/326/425 434/328/427 435/329/428
f 384/278/381 436/330/429 434/328/427
f 436/330/429 435/329/428 434/328/427
f 435/329/428 437/331/430 432/326/425
f 432/326/425 437/331/430 431/325/424
f 435/329/428 436/330/429 438/332/431
f 437/331/430 435/329/428 439/333/432
f 438/332/431 439/333/432 435/329/428
f 440/334/433 431/325/424 437/331/430
f 439/333/432 440/334/433 437/331/430
f 441/335/434 438/332/431 436/330/429
f 441/335/434 436/330/429 384/278/381
f 439/333/432 438/332/431 442/336/435
f 438/332/431 441/335/434 443/337/436
f 443/337/436 442/336/435 438/332/431
f 444/338/437 439/333/432 442/336/435
f 440/334/433 439/333/432 444/338/437
f 442/336/435 443/337/436 445/339/438
f 444/338/437 442/336/435 445/339/438
f 441/335/434 446/340/439 443/337/436
f 446/340/439 441/335/434 384/278/381
f 445/339/438 443/337/436 447/341/440
f 446/340/439 447/341/440 443/337/436
f 444/338/437 445/339/438 448/342/441
f 447/341/440 449/343/442 445/339/438
f 448/342/441 445/339/438 449/343/442
f 447/341/440 450/344/443 449/343/442
f 449/343/442 451/345/444 448/342/441
f 451/345/444 449/343/442 450/344/443
f 448/342/441 452/346/445 444/338/437
f 451/345/444 452/346/445 448/342/441
f 444/338/437 452/346/445 440/334/433
f 450/344/443 447/341/440 453/347/446
f 446/340/439 453/347/446 447/341/440
f 454/348/447 451/345/444 450/344/443
f 453/347/446 454/348/447 450/344/443
f 453/347/446 446/340/439 455/349/448
f 451/345/444 454/348/447 456/350/449
f 456/350/449 452/346/445 451/345/444
f 454/348/447 453/347/446 457/351/450
f 455/349/448 457/351/450 453/347/446
f 456/350/449 454/348/447 458/352/451
f 459/353/452 454/348/447 457/351/450
f 454/348/447 459/353/452 458/352/451
f 457/351/450 455/349/448 460/354/453
f 460/354/453 459/353/452 457/351/450
f 455/349/448 446/340/439 461/355/454
f 460/354/453 455/349/448 461/355/454
f 461/355/454 446/340/439 384/278/381
f 459/353/452 460/354/453 462/356/455
f 384/278/381 463/357/456 461/355/454
f 384/278/381 464/358/457 463/357/456
f 464/358/457 465/359/458 463/357/456
f 465/359/458 461/355/454 463/357/456
f 464/358/457 466/360/459 465/359/458
f 467/361/460 460/354/453 461/355/454
f 462/356/455 460/354/453 467/361/460
f 461/355/454 465/359/458 468/362/461
f 468/362/461 467/361/460 461/355/454
f 466/360/459 469/363/462 465/359/458
f 469/363/462 468/362/461 465/359/458
f 470/364/463 469/363/462 466/360/459
f 292/186/289 469/363/462 470/364/463
f 469/363/462 292/186/289 291/185/288
f 291/185/288 471/365/464 469/363/462
f 468/362/461 469/363/462 471/365/464
f 471/365/464 291/185/288 294/188/291
f 472/366/465 468/362/461 471/365/464
f 468/362/461 472/366/465 467/361/460
f 473/367/466 471/365/464 294/188/291
f 471/365/464 473/367/466 472/366/465
f 294/188/291 295/189/292 473/367/466
f 474/368/467 467/361/460 472/366/465
f 467/361/460 474/368/467 462/356/455
f 475/369/468 472/366/465 473/367/466
f 472/366/465 475/369/468 474/368/467
f 476/370/469 473/367/466 295/189/292
f 473/367/466 476/370/469 475/369/468
f 295/189/292 299/193/296 476/370/469
f 301/195/298 476/370/469 299/193/296
f 476/370/469 301/195/298 414/308/407
f 414/308/407 475/369/468 476/370/469
f 475/369/468 414/308/407 477/371/470
f 475/369/468 477/371/470 474/368/467
f 408/302/402 477/371/470 414/308/407
f 477/371/470 408/302/402 411/305/404
f 477/371/470 411/305/404 478/372/471
f 477/371/470 478/372/471 474/368/467
f 411/305/404 422/316/415 478/372/471
f 479/373/472 474/368/467 478/372/471
f 422/316/415 479/373/472 478/372/471
f 474/368/467 479/373/472 462/356/455
f 479/373/472 422/316/415 426/320/419
f 480/374/473 462/356/455 479/373/472
f 479/373/472 426/320/419 480/374/473
f 462/356/455 480/374/473 459/353/452
f 458/352/451 459/353/452 480/374/473
f 426/320/419 481/375/474 480/374/473
f 458/352/451 480/374/473 482/376/475
f 480/374/473 481/375/474 482/376/475
f 456/350/449 458/352/451 482/376/475
f 426/320/419 428/322/421 481/375/474
f 456/350/449 482/376/475 483/377/476
f 452/346/445 456/350/449 483/377/476
f 481/375/474 484/378/477 482/376/475
f 482/376/475 484/378/477 483/377/476
f 485/379/478 481/375/474 428/322/421
f 481/375/474 485/379/478 484/378/477
f 484/378/477 486/380/479 483/377/476
f 486/380/479 484/378/477 485/379/478
f 452/346/445 483/377/476 486/380/479
f 428/322/421 487/381/480 485/379/478
f 487/381/480 428/322/421 425/319/418
f 425/319/418 430/324/423 487/381/480
f 485/379/478 488/382/481 486/380/479
f 488/382/481 485/379/478 487/381/480
f 452/346/445 486/380/479 488/382/481
f 430/324/423 488/382/481 487/381/480
f 452/346/445 488/382/481 489/383/482
f 488/382/481 430/324/423 489/383/482
f 440/334/433 452/346/445 489/383/482
f 489/383/482 430/324/423 431/325/424
f 431/325/424 440/334/433 489/383/482
f 490/108/483 491/107/484 492/109/485
f 491/107/484 493/110/486 492/109/485
f 492/109/485 494/111/487 490/108/483
f 495/112/488 490/108/483 494/111/487
f 496/113/489 494/111/487 492/109/485
f 492/109/485 493/110/486 496/113/489
f 494/111/487 497/114/490 495/112/488
f 497/114/490 498/115/491 495/112/488
f 494/111/487 496/113/489 499/116/492
f 499/116/492 497/114/490 494/111/487
f 498/115/491 497/114/490 500/118/493
f 500/118/493 501/119/222 498/115/491
f 497/114/490 499/116/492 502/120/494
f 502/120/494 500/118/493 497/114/490
f 503/117/495 499/116/492 496/113/489
f 496/113/489 493/110/486 503/117/495
f 499/116/492 503/117/495 504/121/496
f 504/121/496 502/120/494 499/116/492
f 503/117/495 493/110/486 505/122/497
f 504/121/496 503/117/495 505/122/497
f 505/122/497 493/110/486 506/125/498
f 505/122/497 507/124/499 504/121/496
f 506/125/498 507/124/499 505/122/497
f 502/120/494 504/121/496 508/123/500
f 507/124/499 508/123/500 504/121/496
f 506/125/498 493/110/486 509/126/501
f 509/126/501 493/110/486 510/127/502
f 510/127/502 511/128/503 509/126/501
f 509/126/501 511/128/503 512/129/504
f 512/129/504 506/125/498 509/126/501
f 511/128/503 513/130/505 512/129/504
f 507/124/499 506/125/498 514/131/506
f 506/125/498 512/129/504 514/131/506
f 513/130/505 515/132/507 512/129/504
f 512/129/504 515/132/507 514/131/506
f 516/133/236 515/132/507 513/130/505
f 514/131/506 517/134/508 507/124/499
f 508/123/500 507/124/499 517/134/508
f 518/135/509 514/131/506 515/132/507
f 517/134/508 514/131/506 518/135/509
f 515/132/507 516/133/236 519/136/510
f 519/136/510 518/135/509 515/132/507
f 520/137/511 519/136/510 516/133/236
f 518/135/509 521/138/512 517/134/508
f 519/136/510 520/137/511 522/139/513
f 523/140/243 522/139/513 520/137/511
f 518/135/509 519/136/510 524/141/514
f 522/139/513 524/141/514 519/136/510
f 521/138/512 518/135/509 524/141/514
f 522/139/513 523/140/243 525/142/515
f 526/143/246 525/142/515 523/140/243
f 524/141/514 522/139/513 527/144/516
f 525/142/515 527/144/516 522/139/513
f 524/141/514 528/145/517 521/138/512
f 528/145/517 524/141/514 527/144/516
f 529/146/518 517/134/508 521/138/512
f 528/145/517 529/146/518 521/138/512
f 517/134/508 529/146/518 508/123/500
f 529/146/518 502/120/494 508/123/500
f 502/120/494 529/146/518 530/147/519
f 500/118/493 502/120/494 530/147/519
f 529/146/518 528/145/517 531/148/520
f 531/148/520 530/147/519 529/146/518
f 527/144/516 532/149/521 528/145/517
f 532/149/521 531/148/520 528/145/517
f 527/144/516 525/142/515 533/150/522
f 532/149/521 527/144/516 533/150/522
f 525/142/515 534/151/523 533/150/522
f 525/142/515 526/143/246 534/151/523
f 533/150/522 535/152/524 532/149/521
f 533/150/522 534/151/523 535/152/524
f 526/143/246 536/153/525 534/151/523
f 536/153/525 526/143/246 537/154/526
f 538/155/527 534/151/523 536/153/525
f 534/151/523 538/155/527 535/152/524
f 537/154/526 539/156/528 536/153/525
f 539/156/528 538/155/527 536/153/525
f 539/156/528 537/154/526 540/157/529
f 535/152/524 538/155/527 541/158/530
f 540/157/529 542/159/531 539/156/528
f 542/159/531 540/157/529 543/160/532
f 544/161/533 542/159/531 543/160/532
f 538/155/527 539/156/528 545/162/534
f 542/159/531 545/162/534 539/156/528
f 542/159/531 544/161/533 546/163/535
f 546/163/535 544/161/533 547/164/267
f 545/162/534 542/159/531 548/165/536
f 546/163/535 548/165/536 542/159/531
f 549/166/537 538/155/527 545/162/534
f 538/155/527 549/166/537 541/158/530
f 547/164/267 550/168/538 546/163/535
f 550/168/538 547/164/267 551/169/539
f 548/165/536 546/163/535 552/170/540
f 552/170/540 546/163/535 550/168/538
f 550/168/538 551/169/539 553/171/541
f 553/171/541 551/169/539 554/172/542
f 550/168/538 555/173/543 552/170/540
f 555/173/543 550/168/538 553/171/541
f 553/171/541 554/172/542 556/177/544
f 556/177/544 554/172/542 557/178/545
f 553/171/541 558/176/546 555/173/543
f 558/176/546 553/171/541 556/177/544
f 559/175/547 552/170/540 555/173/543
f 560/179/548 555/173/543 558/176/546
f 555/173/543 560/179/548 559/175/547
f 558/176/546 556/177/544 561/180/549
f 560/179/548 558/176/546 561/180/549
f 556/177/544 557/178/545 562/181/550
f 561/180/549 556/177/544 562/181/550
f 557/178/545 563/182/551 562/181/550
f 563/182/551 557/178/545 564/183/286
f 561/180/549 562/181/550 565/184/552
f 564/183/286 566/185/553 563/182/551
f 566/185/553 564/183/286 567/186/289
f 568/187/554 562/181/550 563/182/551
f 562/181/550 568/187/554 565/184/552
f 569/188/555 563/182/551 566/185/553
f 563/182/551 569/188/555 568/187/554
f 567/186/289 570/363/556 566/185/553
f 570/363/556 567/186/289 571/364/463
f 572/360/459 570/363/556 571/364/463
f 566/185/553 573/365/557 569/188/555
f 573/365/557 566/185/553 570/363/556
f 572/360/459 574/359/558 570/363/556
f 575/358/457 574/359/558 572/360/459
f 570/363/556 576/362/559 573/365/557
f 576/362/559 570/363/556 574/359/558
f 577/357/560 574/359/558 575/358/457
f 578/278/381 577/357/560 575/358/457
f 579/355/561 574/359/558 577/357/560
f 574/359/558 579/355/561 576/362/559
f 578/278/381 579/355/561 577/357/560
f 576/362/559 580/366/562 573/365/557
f 576/362/559 579/355/561 581/361/563
f 580/366/562 576/362/559 581/361/563
f 582/367/564 573/365/557 580/366/562
f 573/365/557 582/367/564 569/188/555
f 580/366/562 581/361/563 583/368/565
f 584/189/566 569/188/555 582/367/564
f 569/188/555 584/189/566 568/187/554
f 565/184/552 568/187/554 584/189/566
f 585/369/567 582/367/564 580/366/562
f 585/369/567 580/366/562 583/368/565
f 586/370/568 584/189/566 582/367/564
f 582/367/564 585/369/567 586/370/568
f 587/191/569 565/184/552 584/189/566
f 588/193/570 584/189/566 586/370/568
f 584/189/566 588/193/570 587/191/569
f 589/190/571 565/184/552 587/191/569
f 565/184/552 589/190/571 561/180/549
f 561/180/549 589/190/571 560/179/548
f 587/191/569 590/192/572 589/190/571
f 590/192/572 560/179/548 589/190/571
f 590/192/572 587/191/569 588/193/570
f 560/179/548 590/192/572 591/194/573
f 591/194/573 559/175/547 560/179/548
f 590/192/572 588/193/570 592/195/574
f 586/370/568 592/195/574 588/193/570
f 591/194/573 590/192/572 593/197/575
f 593/197/575 590/192/572 592/195/574
f 592/195/574 586/370/568 594/308/576
f 585/369/567 594/308/576 586/370/568
f 595/203/577 593/197/575 592/195/574
f 592/195/574 594/308/576 595/203/577
f 594/308/576 585/369/567 596/371/578
f 596/371/578 585/369/567 583/368/565
f 594/308/576 597/302/579 595/203/577
f 596/371/578 597/302/579 594/308/576
f 598/201/580 593/197/575 595/203/577
f 595/203/577 597/302/579 599/299/581
f 598/201/580 595/203/577 599/299/581
f 597/302/579 596/371/578 600/305/582
f 598/201/580 601/198/583 593/197/575
f 601/198/583 591/194/573 593/197/575
f 599/299/581 597/302/579 602/300/584
f 597/302/579 600/305/582 602/300/584
f 603/196/585 591/194/573 601/198/583
f 559/175/547 591/194/573 603/196/585
f 602/300/584 604/298/586 599/299/581
f 603/196/585 605/174/587 559/175/547
f 552/170/540 559/175/547 605/174/587
f 605/174/587 548/165/536 552/170/540
f 604/298/586 602/300/584 606/301/200
f 548/165/536 605/174/587 607/167/588
f 607/167/588 545/162/534 548/165/536
f 602/300/584 608/303/589 606/301/200
f 545/162/534 607/167/588 549/166/537
f 608/303/589 602/300/584 600/305/582
f 609/304/203 606/301/200 608/303/589
f 609/304/203 608/303/589 610/306/590
f 600/305/582 610/306/590 608/303/589
f 611/307/591 609/304/203 610/306/590
f 612/309/592 611/307/591 610/306/590
f 611/307/591 612/309/592 613/294/593
f 610/306/590 600/305/582 614/310/594
f 612/309/592 610/306/590 614/310/594
f 613/294/593 612/309/592 615/292/595
f 616/293/596 613/294/593 615/292/595
f 615/292/595 617/290/597 616/293/596
f 612/309/592 614/310/594 618/312/598
f 617/290/597 615/292/595 619/285/599
f 619/285/599 620/288/600 617/290/597
f 615/292/595 612/309/592 621/311/601
f 612/309/592 618/312/598 621/311/601
f 622/283/602 619/285/599 615/292/595
f 622/283/602 615/292/595 621/311/601
f 620/288/600 619/285/599 623/287/603
f 622/283/602 624/273/604 619/285/599
f 624/273/604 623/287/603 619/285/599
f 625/289/605 620/288/600 623/287/603
f 620/288/600 625/289/605 626/291/194
f 623/287/603 624/273/604 627/263/606
f 625/289/605 623/287/603 627/263/606
f 625/289/605 628/295/607 626/291/194
f 628/295/607 629/296/608 626/291/194
f 629/296/608 628/295/607 630/297/609
f 604/298/586 629/296/608 630/297/609
f 604/298/586 630/297/609 599/299/581
f 598/201/580 599/299/581 630/297/609
f 631/257/610 630/297/609 628/295/607
f 630/297/609 631/257/610 598/201/580
f 625/289/605 631/257/610 628/295/607
f 632/241/611 598/201/580 631/257/610
f 632/241/611 601/198/583 598/201/580
f 631/257/610 625/289/605 633/258/612
f 625/289/605 627/263/606 633/258/612
f 634/254/613 632/241/611 631/257/610
f 634/254/613 631/257/610 633/258/612
f 632/241/611 635/200/614 601/198/583
f 635/200/614 603/196/585 601/198/583
f 632/241/611 634/254/613 636/242/615
f 637/199/616 603/196/585 635/200/614
f 605/174/587 603/196/585 637/199/616
f 637/199/616 607/167/588 605/174/587
f 635/200/614 632/241/611 638/238/617
f 636/242/615 638/238/617 632/241/611
f 639/205/618 637/199/616 635/200/614
f 638/238/617 639/205/618 635/200/614
f 607/167/588 637/199/616 640/202/619
f 639/205/618 640/202/619 637/199/616
f 641/204/620 607/167/588 640/202/619
f 607/167/588 641/204/620 549/166/537
f 640/202/619 639/205/618 642/206/621
f 642/206/621 641/204/620 640/202/619
f 639/205/618 638/238/617 643/237/622
f 644/207/623 549/166/537 641/204/620
f 549/166/537 644/207/623 541/158/530
f 641/204/620 642/206/621 645/208/624
f 645/208/624 644/207/623 641/204/620
f 646/235/625 642/206/621 639/205/618
f 639/205/618 643/237/622 646/235/625
f 645/208/624 642/206/621 647/233/626
f 642/206/621 646/235/625 647/233/626
f 648/239/627 643/237/622 638/238/617
f 638/238/617 636/242/615 648/239/627
f 643/237/622 649/236/628 646/235/625
f 643/237/622 648/239/627 649/236/628
f 647/233/626 646/235/625 650/234/629
f 649/236/628 650/234/629 646/235/625
f 645/208/624 647/233/626 651/214/630
f 650/234/629 652/226/631 647/233/626
f 651/214/630 647/233/626 652/226/631
f 649/236/628 653/230/632 650/234/629
f 653/230/632 652/226/631 650/234/629
f 654/211/633 645/208/624 651/214/630
f 644/207/623 645/208/624 654/211/633
f 655/213/634 654/211/633 651/214/630
f 656/210/635 644/207/623 654/211/633
f 654/211/633 655/213/634 656/210/635
f 644/207/623 656/210/635 657/209/636
f 657/209/636 541/158/530 644/207/623
f 535/152/524 541/158/530 657/209/636
f 532/149/521 535/152/524 657/209/636
f 656/210/635 532/149/521 657/209/636
f 656/210/635 658/212/637 532/149/521
f 658/212/637 656/210/635 655/213/634
f 531/148/520 532/149/521 658/212/637
f 651/214/630 659/220/638 655/213/634
f 659/220/638 651/214/630 652/226/631
f 658/212/637 660/215/639 531/148/520
f 530/147/519 531/148/520 660/215/639
f 655/213/634 661/216/640 658/212/637
f 660/215/639 658/212/637 661/216/640
f 655/213/634 659/220/638 661/216/640
f 662/217/641 530/147/519 660/215/639
f 661/216/640 662/217/641 660/215/639
f 663/218/642 530/147/519 662/217/641
f 530/147/519 663/218/642 500/118/493
f 501/119/222 500/118/493 663/218/642
f 662/217/641 661/216/640 664/219/643
f 664/219/643 663/218/642 662/217/641
f 659/220/638 664/219/643 661/216/640
f 665/221/644 501/119/222 663/218/642
f 663/218/642 664/219/643 665/221/644
f 501/119/222 665/221/644 666/222/645
f 664/219/643 659/220/638 667/223/646
f 667/223/646 665/221/644 664/219/643
f 652/226/631 667/223/646 659/220/638
f 668/224/647 666/222/645 665/221/644
f 665/221/644 667/223/646 668/224/647
f 666/222/645 668/224/647 669/225/648
f 652/226/631 670/227/649 667/223/646
f 668/224/647 667/223/646 670/227/649
f 652/226/631 653/230/632 670/227/649
f 671/228/650 669/225/648 668/224/647
f 671/228/650 668/224/647 670/227/649
f 653/230/632 671/228/650 670/227/649
f 669/225/648 671/228/650 672/229/651
f 673/231/652 672/229/651 671/228/650
f 671/228/650 653/230/632 673/231/652
f 672/229/651 673/231/652 674/232/335
f 675/240/653 673/231/652 653/230/632
f 653/230/632 649/236/628 675/240/653
f 648/239/627 675/240/653 649/236/628
f 676/244/654 674/232/335 673/231/652
f 673/231/652 675/240/653 676/244/654
f 674/232/335 676/244/654 677/245/655
f 676/244/654 678/246/656 677/245/655
f 678/246/656 676/244/654 679/247/657
f 675/240/653 679/247/657 676/244/654
f 679/247/657 680/248/658 678/246/656
f 675/240/653 648/239/627 681/243/659
f 679/247/657 675/240/653 681/243/659
f 636/242/615 681/243/659 648/239/627
f 680/248/658 679/247/657 682/249/660
f 681/243/659 682/249/660 679/247/657
f 680/248/658 682/249/660 683/250/661
f 681/243/659 636/242/615 684/251/662
f 682/249/660 681/243/659 684/251/662
f 684/251/662 636/242/615 634/254/613
f 685/252/663 683/250/661 682/249/660
f 682/249/660 684/251/662 685/252/663
f 685/252/663 686/253/356 683/250/661
f 634/254/613 687/255/664 684/251/662
f 687/255/664 685/252/663 684/251/662
f 687/255/664 634/254/613 633/258/612
f 686/253/356 685/252/663 688/256/665
f 687/255/664 688/256/665 685/252/663
f 687/255/664 633/258/612 689/259/666
f 688/256/665 687/255/664 689/259/666
f 689/259/666 633/258/612 627/263/606
f 690/260/667 686/253/356 688/256/665
f 686/253/356 690/260/667 691/261/364
f 688/256/665 689/259/666 692/262/668
f 689/259/666 627/263/606 692/262/668
f 688/256/665 692/262/668 690/260/667
f 627/263/606 693/266/669 692/262/668
f 693/266/669 690/260/667 692/262/668
f 693/266/669 627/263/606 624/273/604
f 691/261/364 690/260/667 694/264/670
f 690/260/667 693/266/669 694/264/670
f 691/261/364 694/264/670 695/265/368
f 693/266/669 624/273/604 696/270/671
f 694/264/670 693/266/669 696/270/671
f 695/265/368 694/264/670 697/267/672
f 696/270/671 697/267/672 694/264/670
f 695/265/368 697/267/672 698/268/673
f 697/267/672 699/269/674 698/268/673
f 699/269/674 697/267/672 700/271/675
f 696/270/671 700/271/675 697/267/672
f 700/271/675 701/272/375 699/269/674
f 696/270/671 624/273/604 702/282/676
f 622/283/602 702/282/676 624/273/604
f 701/272/375 700/271/675 703/274/677
f 703/274/677 704/275/378 701/272/375
f 622/283/602 705/280/678 702/282/676
f 705/280/678 696/270/671 702/282/676
f 705/280/678 622/283/602 621/311/601
f 700/271/675 696/270/671 706/276/679
f 706/276/679 703/274/677 700/271/675
f 705/280/678 706/276/679 696/270/671
f 704/275/378 703/274/677 707/277/680
f 703/274/677 706/276/679 708/279/681
f 708/279/681 707/277/680 703/274/677
f 705/280/678 708/279/681 706/276/679
f 578/278/381 704/275/378 707/277/680
f 707/277/680 708/279/681 709/281/682
f 578/278/381 707/277/680 709/281/682
f 708/279/681 705/280/678 710/284/683
f 708/279/681 710/284/683 711/286/684
f 709/281/682 708/279/681 711/286/684
f 712/318/685 710/284/683 705/280/678
f 710/284/683 712/318/685 711/286/684
f 705/280/678 621/311/601 713/313/686
f 713/313/686 621/311/601 618/312/598
f 714/315/687 705/280/678 713/313/686
f 705/280/678 714/315/687 712/318/685
f 618/312/598 715/314/688 713/313/686
f 713/313/686 715/314/688 714/315/687
f 618/312/598 614/310/594 715/314/688
f 614/310/594 716/316/689 715/314/688
f 716/316/689 614/310/594 600/305/582
f 714/315/687 715/314/688 717/317/690
f 715/314/688 716/316/689 717/317/690
f 600/305/582 718/372/691 716/316/689
f 600/305/582 596/371/578 718/372/691
f 596/371/578 583/368/565 718/372/691
f 716/316/689 718/372/691 719/373/692
f 583/368/565 719/373/692 718/372/691
f 716/316/689 720/320/693 717/317/690
f 716/316/689 719/373/692 720/320/693
f 719/373/692 583/368/565 721/356/694
f 581/361/563 721/356/694 583/368/565
f 719/373/692 722/374/695 720/320/693
f 721/356/694 722/374/695 719/373/692
f 721/356/694 581/361/563 723/354/696
f 581/361/563 579/355/561 723/354/696
f 722/374/695 721/356/694 724/353/697
f 723/354/696 724/353/697 721/356/694
f 723/354/696 579/355/561 725/349/698
f 724/353/697 723/354/696 726/351/699
f 725/349/698 726/351/699 723/354/696
f 725/349/698 579/355/561 727/340/700
f 579/355/561 578/278/381 727/340/700
f 726/351/699 725/349/698 728/347/701
f 727/340/700 728/347/701 725/349/698
f 724/353/697 726/351/699 729/348/702
f 728/347/701 729/348/702 726/351/699
f 730/352/703 722/374/695 724/353/697
f 724/353/697 729/348/702 730/352/703
f 722/374/695 730/352/703 731/376/704
f 732/350/705 730/352/703 729/348/702
f 732/350/705 731/376/704 730/352/703
f 729/348/702 728/347/701 733/344/706
f 731/376/704 734/375/707 722/374/695
f 720/320/693 722/374/695 734/375/707
f 729/348/702 733/344/706 735/345/708
f 732/350/705 729/348/702 735/345/708
f 736/341/709 733/344/706 728/347/701
f 728/347/701 727/340/700 736/341/709
f 737/343/710 735/345/708 733/344/706
f 733/344/706 736/341/709 737/343/710
f 735/345/708 737/343/710 738/342/711
f 736/341/709 739/339/712 737/343/710
f 738/342/711 737/343/710 739/339/712
f 727/340/700 740/337/713 736/341/709
f 739/339/712 736/341/709 740/337/713
f 740/337/713 727/340/700 741/335/714
f 727/340/700 578/278/381 741/335/714
f 740/337/713 742/336/715 739/339/712
f 741/335/714 578/278/381 743/330/716
f 741/335/714 744/332/717 740/337/713
f 744/332/717 741/335/714 743/330/716
f 742/336/715 740/337/713 744/332/717
f 578/278/381 745/328/718 743/330/716
f 578/278/381 709/281/682 745/328/718
f 743/330/716 746/329/719 744/332/717
f 743/330/716 745/328/718 746/329/719
f 744/332/717 747/333/720 742/336/715
f 744/332/717 746/329/719 747/333/720
f 748/338/721 739/339/712 742/336/715
f 748/338/721 742/336/715 747/333/720
f 739/339/712 748/338/721 738/342/711
f 747/333/720 746/329/719 749/331/722
f 748/338/721 747/333/720 750/334/723
f 747/333/720 749/331/722 750/334/723
f 738/342/711 748/338/721 751/346/724
f 748/338/721 750/334/723 751/346/724
f 735/345/708 738/342/711 751/346/724
f 732/350/705 735/345/708 751/346/724
f 746/329/719 752/326/725 749/331/722
f 752/326/725 746/329/719 745/328/718
f 753/325/726 750/334/723 749/331/722
f 752/326/725 753/325/726 749/331/722
f 709/281/682 754/327/727 745/328/718
f 745/328/718 754/327/727 752/326/725
f 754/327/727 709/281/682 711/286/684
f 711/286/684 752/326/725 754/327/727
f 752/326/725 711/286/684 755/323/728
f 755/323/728 753/325/726 752/326/725
f 712/318/685 755/323/728 711/286/684
f 756/321/729 753/325/726 755/323/728
f 755/323/728 712/318/685 756/321/729
f 750/334/723 753/325/726 757/383/730
f 750/334/723 757/383/730 751/346/724
f 753/325/726 756/321/729 758/324/731
f 757/383/730 753/325/726 758/324/731
f 712/318/685 759/319/732 756/321/729
f 759/319/732 758/324/731 756/321/729
f 759/319/732 712/318/685 714/315/687
f 717/317/690 759/319/732 714/315/687
f 758/324/731 760/382/733 757/383/730
f 751/346/724 757/383/730 760/382/733
f 758/324/731 759/319/732 761/381/734
f 760/382/733 758/324/731 761/381/734
f 759/319/732 717/317/690 762/322/735
f 762/322/735 761/381/734 759/319/732
f 720/320/693 762/322/735 717/317/690
f 762/322/735 720/320/693 734/375/707
f 761/381/734 762/322/735 763/379/736
f 734/375/707 763/379/736 762/322/735
f 763/379/736 760/382/733 761/381/734
f 763/379/736 734/375/707 764/378/737
f 734/375/707 731/376/704 764/378/737
f 760/382/733 763/379/736 765/380/738
f 765/380/738 763/379/736 764/378/737
f 751/346/724 760/382/733 765/380/738
f 766/377/739 764/378/737 731/376/704
f 764/378/737 766/377/739 765/380/738
f 751/346/724 765/380/738 766/377/739
f 731/376/704 732/350/705 766/377/739
f 751/346/724 766/377/739 732/350/705
f 767/384/740 768/385/741 769/386/9
f 768/385/741 770/387/742 769/386/9
f 768/385/741 767/384/740 771/388/743
f 772/389/744 771/388/743 767/384/740
f 773/390/745 770/387/742 768/385/741
f 770/387/742 773/390/745 774/391/746
f 773/390/745 775/392/747 774/391/746
f 771/388/743 772/389/744 776/393/748
f 776/393/748 772/389/744 777/394/3
f 776/393/748 777/394/3 778/395/749
f 775/392/747 773/390/745 779/396/750
f 779/396/750 780/397/751 775/392/747
f 776/393/748 778/395/749 781/398/752
f 782/399/753 781/398/752 778/395/749
f 780/397/751 779/396/750 783/400/754
f 781/398/752 782/399/753 784/401/755
f 782/399/753 785/402/756 784/401/755
f 780/397/751 783/400/754 786/403/757
f 786/403/757 787/404/758 780/397/751
f 785/402/756 788/405/759 784/401/755
f 789/406/760 788/405/759 785/402/756
f 790/407/761 787/404/758 786/403/757
f 787/404/758 790/407/761 791/408/762
f 788/405/759 789/406/760 792/409/763
f 793/410/764 792/409/763 789/406/760
f 794/411/765 791/408/762 790/407/761
f 794/411/765 795/412/766 791/408/762
f 796/413/767 795/412/766 794/411/765
f 792/409/763 793/410/764 797/414/768
f 798/415/769 796/413/767 794/411/765
f 798/415/769 799/416/770 796/413/767
f 797/414/768 793/410/764 800/417/771
f 793/410/764 801/418/772 800/417/771
f 799/416/770 798/415/769 802/419/773
f 802/419/773 803/420/774 799/416/770
f 801/418/772 804/421/775 800/417/771
f 804/421/775 801/418/772 805/422/776
f 803/420/774 802/419/773 806/423/777
f 806/423/777 807/424/778 803/420/774
f 807/424/778 808/425/779 805/422/776
f 807/424/778 806/423/777 808/425/779
f 804/421/775 805/422/776 808/425/779
f 809/426/780 806/423/777 802/419/773
f 809/426/780 808/425/779 806/423/777
f 808/425/779 809/426/780 804/421/775
f 798/415/769 809/426/780 802/419/773
f 809/426/780 800/417/771 804/421/775
f 809/426/780 798/415/769 794/411/765
f 797/414/768 800/417/771 809/426/780
f 790/407/761 809/426/780 794/411/765
f 797/414/768 809/426/780 792/409/763
f 786/403/757 809/426/780 790/407/761
f 809/426/780 788/405/759 792/409/763
f 809/426/780 786/403/757 783/400/754
f 809/426/780 784/401/755 788/405/759
f 809/426/780 783/400/754 779/396/750
f 784/401/755 809/426/780 781/398/752
f 773/390/745 809/426/780 779/396/750
f 809/426/780 776/393/748 781/398/752
f 809/426/780 773/390/745 768/385/741
f 776/393/748 809/426/780 771/388/743
f 771/388/743 809/426/780 768/385/741
f 810/411/781 811/408/782 812/412/783
f 813/413/784 810/411/781 812/412/783
f 811/408/782 810/411/781 814/407/785
f 814/407/785 815/404/786 811/408/782
f 810/411/781 813/413/784 816/415/787
f 817/416/788 816/415/787 813/413/784
f 815/404/786 814/407/785 818/403/789
f 818/403/789 819/397/790 815/404/786
f 816/415/787 817/416/788 820/419/791
f 820/419/791 817/416/788 821/420/792
f 819/397/790 818/403/789 822/400/793
f 821/420/792 823/423/794 820/419/791
f 824/424/795 823/423/794 821/420/792
f 819/397/790 822/400/793 825/396/796
f 825/396/796 826/392/797 819/397/790
f 823/423/794 824/424/795 827/425/798
f 824/424/795 828/422/799 827/425/798
f 829/390/800 826/392/797 825/396/796
f 826/392/797 829/390/800 830/391/801
f 829/390/800 831/387/802 830/391/801
f 828/422/799 832/421/803 827/425/798
f 833/418/804 832/421/803 828/422/799
f 831/387/802 829/390/800 834/385/805
f 834/385/805 835/386/19 831/387/802
f 836/384/806 835/386/19 834/385/805
f 832/421/803 833/418/804 837/417/807
f 838/410/808 837/417/807 833/418/804
f 839/388/809 836/384/806 834/385/805
f 839/388/809 840/389/810 836/384/806
f 837/417/807 838/410/808 841/414/811
f 840/389/810 839/388/809 842/393/812
f 842/393/812 843/394/15 840/389/810
f 842/393/812 844/395/813 843/394/15
f 841/414/811 838/410/808 845/409/814
f 838/410/808 846/406/815 845/409/814
f 844/395/813 842/393/812 847/398/816
f 847/398/816 848/399/817 844/395/813
f 846/406/815 849/405/818 845/409/814
f 849/405/818 846/406/815 850/402/819
f 848/399/817 851/401/820 850/402/819
f 850/402/819 851/401/820 849/405/818
f 848/399/817 847/398/816 851/401/820
f 852/426/821 845/409/814 849/405/818
f 851/401/820 852/426/821 849/405/818
f 852/426/821 851/401/820 847/398/816
f 845/409/814 852/426/821 841/414/811
f 852/426/821 847/398/816 842/393/812
f 841/414/811 852/426/821 837/417/807
f 839/388/809 852/426/821 842/393/812
f 852/426/821 832/421/803 837/417/807
f 839/388/809 834/385/805 852/426/821
f 852/426/821 827/425/798 832/421/803
f 852/426/821 834/385/805 829/390/800
f 827/425/798 852/426/821 823/423/794
f 825/396/796 852/426/821 829/390/800
f 852/426/821 820/419/791 823/423/794
f 852/426/821 825/396/796 822/400/793
f 820/419/791 852/426/821 816/415/787
f 852/426/821 822/400/793 818/403/789
f 816/415/787 852/426/821 810/411/781
f 814/407/785 852/426/821 818/403/789
f 852/426/821 814/407/785 810/411/781
