# Blender 4.4.1
# www.blender.org
mtllib enemy1.mtl
o MN157_J05
v 0.041116 0.117357 0.391197
v 0.047600 0.131383 0.390092
v 0.054545 0.141726 0.386947
v 0.302781 0.148117 0.096425
v 0.316959 0.145788 0.092454
v 0.326212 0.133504 0.092272
v -0.186995 0.122581 0.386947
v -0.178507 0.113461 0.390092
v -0.169894 0.100632 0.391197
v -0.453974 0.071665 0.092272
v -0.446772 0.085254 0.092454
v -0.433138 0.089787 0.096425
v -0.048752 0.583440 -0.016017
v -0.044105 0.594664 -0.009822
v -0.034174 0.605085 -0.000174
v -0.058475 0.604600 0.055331
v -0.074983 0.591030 0.051650
v -0.084624 0.578479 0.049707
v -0.108641 0.622016 0.107623
v -0.117722 0.614481 0.088435
v -0.123188 0.605034 0.075747
v -0.179168 0.593593 -0.000174
v -0.167719 0.584866 -0.009822
v -0.161362 0.574514 -0.016017
v -0.123188 0.605034 -0.075750
v -0.117722 0.614480 -0.088438
v -0.108641 0.622016 -0.107626
v -0.084624 0.578479 -0.049710
v -0.074983 0.591030 -0.051652
v -0.058475 0.604600 -0.055334
v -0.154975 0.596951 -0.055334
v -0.136535 0.586152 -0.051652
v -0.125037 0.575275 -0.049710
v -0.125037 0.575276 0.049707
v -0.136535 0.586152 0.051650
v -0.154975 0.596952 0.055331
v 0.559242 -0.347829 -0.230433
v 0.562331 -0.343727 -0.220608
v 0.567791 -0.375389 -0.214941
v 0.564529 -0.378973 -0.224184
v 0.570581 -0.406952 -0.209301
v 0.567139 -0.410032 -0.217960
v 0.279038 0.261293 -0.000001
v 0.303155 0.261984 -0.000001
v 0.289127 0.261458 -0.106594
v 0.262839 0.259891 -0.111390
v 0.275723 0.260328 -0.146485
v 0.224003 0.256650 -0.199251
v 0.242723 0.256810 -0.217087
v 0.244818 0.262451 -0.217694
v 0.242723 0.256810 -0.217087
v 0.275723 0.260328 -0.146485
v 0.280457 0.338410 -0.158893
v 0.289127 0.261458 -0.106594
v 0.293469 0.291321 -0.100765
v 0.303155 0.261984 -0.000001
v 0.305812 0.450152 -0.000001
v 0.279038 0.261293 -0.000001
v 0.268458 0.121224 0.000000
v 0.259296 0.120334 0.085314
v 0.262839 0.259892 0.111389
v 0.231546 0.117939 0.162708
v 0.224003 0.256651 0.199250
v 0.181687 0.115157 0.237451
v 0.169277 0.252604 0.273293
v 0.114087 0.110318 0.297165
v 0.098083 0.246937 0.327314
v 0.035436 0.103221 0.335961
v 0.008552 0.239864 0.365544
v -0.080531 0.232873 0.377642
v -0.058175 0.095554 0.352546
v -0.151565 0.091455 0.341982
v -0.176933 0.225254 0.363314
v -0.228085 0.082295 0.310354
v -0.259928 0.218625 0.324251
v -0.296539 0.078768 0.259522
v -0.330195 0.213053 0.267690
v -0.352894 0.070643 0.187822
v -0.390163 0.208288 0.187005
v -0.391245 0.066308 0.097824
v -0.427685 0.205407 0.090302
v -0.404391 0.064311 0.000000
v -0.436233 0.204547 0.000000
v 0.224003 0.256651 0.199250
v 0.242723 0.256811 0.217086
v 0.275723 0.260329 0.146484
v 0.262839 0.259892 0.111389
v 0.289127 0.261459 0.106593
v 0.279038 0.261293 -0.000001
v 0.303155 0.261984 -0.000001
v 0.305812 0.450152 -0.000001
v 0.303155 0.261984 -0.000001
v 0.293469 0.291321 0.100764
v 0.289127 0.261459 0.106593
v 0.280457 0.338411 0.158891
v 0.275723 0.260329 0.146484
v 0.244818 0.262452 0.217693
v 0.242723 0.256811 0.217086
v -0.050103 0.527039 -0.015929
v -0.051513 0.499649 -0.000174
v -0.050875 0.527639 0.015600
v -0.040883 0.541440 -0.021961
v -0.042153 0.541145 0.021371
v -0.025807 0.547874 -0.026242
v -0.025807 0.547875 0.025894
v -0.044444 0.558730 -0.023529
v -0.040700 0.557543 0.022542
v -0.049613 0.570022 -0.020347
v -0.049664 0.570276 0.019833
v -0.048366 0.583699 0.015823
v -0.048752 0.583440 -0.016017
v -0.044105 0.594664 -0.009822
v -0.043961 0.594854 0.009452
v -0.034174 0.605085 -0.000174
v -0.050875 0.527639 0.015600
v -0.051513 0.499649 -0.000174
v -0.028593 0.516475 0.000578
v -0.042153 0.541145 0.021371
v -0.007704 0.521149 0.000240
v -0.025807 0.547875 0.025894
v 0.077053 0.520632 -0.000313
v 0.083371 0.549803 0.024791
v 0.135689 0.541329 0.024854
v 0.124742 0.512551 0.000066
v 0.168669 0.495040 -0.000174
v 0.009256 0.574146 -0.000174
v -0.040700 0.557543 0.022542
v 0.142737 0.566479 -0.000038
v -0.012844 0.578581 -0.000174
v -0.049664 0.570276 0.019833
v -0.048366 0.583699 0.015823
v 0.083160 0.574704 0.000335
v -0.028149 0.588686 -0.000174
v -0.043961 0.594854 0.009452
v -0.034174 0.605085 -0.000174
v -0.048752 0.583440 -0.016017
v -0.049613 0.570022 -0.020347
v -0.044444 0.558730 -0.023529
v -0.025807 0.547874 -0.026242
v 0.082941 0.549767 -0.025143
v -0.007704 0.521149 0.000240
v -0.028593 0.516475 0.000578
v 0.077053 0.520632 -0.000313
v -0.040883 0.541440 -0.021961
v -0.050103 0.527039 -0.015929
v -0.051513 0.499649 -0.000174
v 0.124742 0.512551 0.000066
v 0.135768 0.542717 -0.025011
v 0.184404 0.521373 -0.025253
v 0.168669 0.495040 -0.000174
v 0.204128 0.468469 0.000358
v 0.197361 0.542787 0.000137
v 0.229530 0.485825 -0.025138
v 0.258814 0.435459 -0.025112
v 0.234321 0.416593 -0.000298
v 0.246339 0.366976 -0.001166
v 0.248758 0.504639 0.000163
v 0.183094 0.522410 0.024832
v 0.226838 0.489025 0.024761
v 0.204128 0.468469 0.000358
v 0.234321 0.416593 -0.000298
v 0.282840 0.447709 0.000430
v 0.258700 0.434559 0.024755
v 0.272641 0.368746 0.024875
v 0.246339 0.366976 -0.001166
v 0.272610 0.370836 -0.025204
v 0.247033 0.273884 0.000100
v 0.298376 0.376008 0.000706
v 0.269634 0.270190 -0.026241
v 0.231239 0.159235 -0.000173
v 0.253813 0.159628 -0.026241
v 0.298167 0.277771 -0.000173
v 0.274892 0.160966 -0.000173
v 0.268372 0.272774 0.024599
v 0.253811 0.159628 0.025895
v 0.247033 0.273884 0.000100
v 0.231239 0.159235 -0.000173
v -0.118768 0.550380 -0.061203
v -0.100906 0.524429 -0.062183
v -0.087398 0.553634 -0.060368
v -0.125753 0.562172 -0.073356
v -0.082555 0.565577 -0.071924
v -0.130288 0.565210 -0.089818
v -0.078315 0.569330 -0.089818
v -0.128703 0.579536 -0.073748
v -0.082629 0.581313 -0.077181
v -0.126485 0.591822 -0.071131
v -0.086451 0.595256 -0.071138
v -0.091461 0.607722 -0.076265
v -0.123188 0.605034 -0.075750
v -0.117722 0.614480 -0.088438
v -0.098518 0.616119 -0.088830
v -0.108641 0.622016 -0.107626
v -0.087398 0.553634 -0.060368
v -0.100906 0.524429 -0.062183
v -0.101205 0.537715 -0.081818
v -0.082555 0.565577 -0.071924
v -0.101483 0.536947 -0.102127
v -0.078315 0.569330 -0.089818
v -0.100785 0.521135 -0.185103
v -0.077944 0.550678 -0.197226
v -0.076447 0.532593 -0.246795
v -0.099087 0.504514 -0.230236
v -0.097318 0.479153 -0.269889
v -0.105819 0.586403 -0.129506
v -0.082629 0.581313 -0.077181
v -0.103107 0.553910 -0.258795
v -0.106499 0.594984 -0.109585
v -0.086451 0.595256 -0.071138
v -0.091461 0.607722 -0.076265
v -0.104369 0.574547 -0.202381
v -0.107448 0.606957 -0.101342
v -0.098518 0.616119 -0.088830
v -0.108641 0.622016 -0.107626
v -0.123188 0.605034 -0.075750
v -0.126485 0.591822 -0.071131
v -0.128703 0.579536 -0.073748
v -0.130288 0.565210 -0.089818
v -0.127725 0.546778 -0.196798
v -0.101483 0.536947 -0.102127
v -0.101205 0.537715 -0.081818
v -0.100785 0.521135 -0.185103
v -0.125753 0.562172 -0.073356
v -0.118768 0.550380 -0.061203
v -0.100906 0.524429 -0.062183
v -0.099087 0.504514 -0.230236
v -0.126263 0.529996 -0.247152
v -0.124127 0.499986 -0.290544
v -0.097318 0.479153 -0.269889
v -0.094065 0.444833 -0.300685
v -0.100285 0.520514 -0.307541
v -0.120689 0.458066 -0.327385
v -0.116514 0.405709 -0.354348
v -0.090444 0.390850 -0.328407
v -0.087326 0.340528 -0.338579
v -0.096829 0.477247 -0.347770
v -0.074298 0.505203 -0.289457
v -0.071215 0.465400 -0.324838
v -0.094065 0.444833 -0.300685
v -0.090444 0.390850 -0.328407
v -0.091866 0.418008 -0.379146
v -0.066732 0.408764 -0.354185
v -0.061342 0.342273 -0.365201
v -0.087326 0.340528 -0.338579
v -0.111429 0.340395 -0.365251
v -0.078727 0.248063 -0.332905
v -0.085846 0.345553 -0.390861
v -0.104554 0.240530 -0.355166
v -0.070068 0.135352 -0.302230
v -0.095944 0.131905 -0.324825
v -0.078986 0.247876 -0.383690
v -0.069931 0.133634 -0.345943
v -0.054084 0.247215 -0.354219
v -0.043971 0.136025 -0.324823
v -0.078727 0.248063 -0.332905
v -0.070068 0.135352 -0.302230
v -0.088930 0.521169 -0.041439
v -0.082045 0.493343 -0.025822
v -0.067313 0.523632 -0.018547
v -0.084515 0.535542 -0.054948
v -0.055207 0.537615 -0.023065
v -0.076345 0.540615 -0.069344
v -0.039872 0.543334 -0.032189
v -0.087547 0.552890 -0.055431
v -0.052664 0.553846 -0.025098
v -0.088686 0.564711 -0.050706
v -0.060604 0.567065 -0.022064
v -0.062099 0.580402 -0.027299
v -0.084624 0.578479 -0.049710
v -0.074983 0.591030 -0.051652
v -0.061248 0.591475 -0.038263
v -0.058475 0.604600 -0.055334
v -0.067313 0.523632 -0.018547
v -0.082045 0.493343 -0.025822
v -0.060326 0.509029 -0.045250
v -0.055207 0.537615 -0.023065
v -0.045093 0.512080 -0.060693
v -0.039872 0.543334 -0.032189
v 0.014550 0.509650 -0.119929
v 0.037264 0.538824 -0.109064
v 0.074344 0.528189 -0.144693
v 0.048644 0.498980 -0.152126
v 0.079602 0.478448 -0.181364
v -0.032715 0.565070 -0.077376
v -0.052664 0.553846 -0.025098
v 0.062607 0.549796 -0.169570
v -0.048126 0.570633 -0.062677
v -0.060604 0.567065 -0.022064
v -0.062099 0.580402 -0.027299
v 0.020609 0.563023 -0.128733
v -0.057057 0.583317 -0.055119
v -0.061248 0.591475 -0.038263
v -0.058475 0.604600 -0.055334
v -0.084624 0.578479 -0.049710
v -0.088686 0.564711 -0.050706
v -0.087547 0.552890 -0.055431
v -0.076345 0.540615 -0.069344
v 0.002042 0.536049 -0.144342
v -0.045093 0.512080 -0.060693
v -0.060326 0.509029 -0.045250
v 0.014550 0.509650 -0.119929
v -0.084515 0.535542 -0.054948
v -0.088930 0.521169 -0.041439
v -0.082045 0.493343 -0.025822
v 0.048644 0.498980 -0.152126
v 0.039541 0.526966 -0.180409
v 0.073718 0.502253 -0.212507
v 0.079602 0.478448 -0.181364
v 0.105960 0.448484 -0.204323
v 0.101107 0.523993 -0.205346
v 0.104998 0.465458 -0.240386
v 0.130620 0.416588 -0.261958
v 0.130153 0.401732 -0.225716
v 0.141780 0.357415 -0.236156
v 0.134880 0.486259 -0.235729
v 0.107832 0.505990 -0.175988
v 0.137683 0.471132 -0.202867
v 0.105960 0.448484 -0.204323
v 0.130153 0.401732 -0.225716
v 0.164651 0.431062 -0.260576
v 0.165504 0.418289 -0.226352
v 0.180403 0.361435 -0.237636
v 0.141780 0.357415 -0.236156
v 0.145360 0.360749 -0.273465
v 0.146396 0.266085 -0.232076
v 0.181425 0.366738 -0.272856
v 0.145360 0.260339 -0.267153
v 0.134317 0.151552 -0.211498
v 0.132352 0.150001 -0.245933
v 0.183439 0.268677 -0.268470
v 0.165599 0.152303 -0.242070
v 0.179919 0.265763 -0.230152
v 0.168699 0.152882 -0.208667
v 0.146396 0.266085 -0.232076
v 0.134317 0.151552 -0.211498
v -0.111756 0.519360 0.041437
v -0.114172 0.490796 0.025819
v -0.133491 0.518387 0.018544
v -0.118381 0.532858 0.054945
v -0.147649 0.530288 0.023063
v -0.127248 0.536581 0.069341
v -0.163694 0.533520 0.032187
v -0.118119 0.550468 0.055428
v -0.152718 0.545916 0.025095
v -0.118857 0.562320 0.050704
v -0.146959 0.560221 0.022061
v -0.147584 0.573627 0.027296
v -0.125037 0.575276 0.049707
v -0.136535 0.586152 0.051650
v -0.150168 0.584427 0.038261
v -0.154975 0.596952 0.055331
v -0.133491 0.518387 0.018544
v -0.114172 0.490796 0.025819
v -0.138091 0.502865 0.045247
v -0.147649 0.530288 0.023063
v -0.153615 0.503479 0.060690
v -0.163694 0.533520 0.032187
v -0.212130 0.491684 0.119927
v -0.239157 0.516915 0.109061
v -0.274098 0.500572 0.144690
v -0.244118 0.475776 0.152124
v -0.271455 0.450623 0.181362
v -0.174186 0.553857 0.077373
v -0.152718 0.545916 0.025095
v -0.265911 0.523758 0.169567
v -0.159843 0.561779 0.062675
v -0.146959 0.560221 0.022061
v -0.147584 0.573627 0.027296
v -0.226521 0.543436 0.128731
v -0.153022 0.575711 0.055116
v -0.150168 0.584427 0.038261
v -0.154975 0.596952 0.055331
v -0.125037 0.575276 0.049707
v -0.118857 0.562320 0.050704
v -0.118119 0.550468 0.055428
v -0.127248 0.536581 0.069341
v -0.203937 0.519724 0.144339
v -0.153615 0.503479 0.060690
v -0.138091 0.502865 0.045247
v -0.212130 0.491684 0.119927
v -0.118381 0.532858 0.054945
v -0.111756 0.519360 0.041437
v -0.114172 0.490796 0.025819
v -0.244118 0.475776 0.152124
v -0.239537 0.504847 0.180407
v -0.269394 0.475059 0.212505
v -0.271455 0.450623 0.181362
v -0.292763 0.416882 0.204321
v -0.299866 0.492212 0.205344
v -0.294487 0.433795 0.240384
v -0.312090 0.381500 0.261956
v -0.309289 0.366902 0.225715
v -0.313790 0.321307 0.236154
v -0.327273 0.449630 0.235727
v -0.303671 0.473374 0.175986
v -0.327658 0.434250 0.202865
v -0.292763 0.416882 0.204321
v -0.309289 0.366902 0.225715
v -0.347977 0.390432 0.260574
v -0.346807 0.377684 0.226350
v -0.352564 0.319192 0.237634
v -0.313790 0.321307 0.236154
v -0.317850 0.324036 0.273463
v -0.303961 0.230390 0.232075
v -0.354408 0.324268 0.272855
v -0.302032 0.224880 0.267152
v -0.273989 0.119190 0.211497
v -0.271804 0.117968 0.245932
v -0.340949 0.227114 0.268469
v -0.304999 0.115004 0.242070
v -0.337014 0.224791 0.230151
v -0.308152 0.115087 0.208667
v -0.303961 0.230390 0.232075
v -0.273989 0.119190 0.211497
v 0.567791 -0.375388 0.214941
v 0.562331 -0.343727 0.220608
v 0.559242 -0.347828 0.230433
v 0.564529 -0.378973 0.224184
v 0.570580 -0.406951 0.209301
v 0.567139 -0.410032 0.217960
v 0.259296 0.120334 -0.085314
v 0.268458 0.121224 0.000000
v 0.279038 0.261293 -0.000001
v 0.262839 0.259891 -0.111390
v 0.231546 0.117938 -0.162708
v 0.224003 0.256650 -0.199251
v 0.181687 0.115156 -0.237451
v 0.169277 0.252602 -0.273294
v 0.114087 0.110316 -0.297166
v 0.098083 0.246935 -0.327315
v 0.035436 0.103219 -0.335961
v 0.008552 0.239863 -0.365545
v -0.080531 0.232871 -0.377642
v -0.058175 0.095552 -0.352546
v -0.151565 0.091453 -0.341983
v -0.176933 0.225252 -0.363314
v -0.228085 0.082294 -0.310354
v -0.259928 0.218623 -0.324252
v -0.296539 0.078767 -0.259522
v -0.330195 0.213052 -0.267691
v -0.352894 0.070642 -0.187821
v -0.390163 0.208287 -0.187005
v -0.391245 0.066307 -0.097824
v -0.427685 0.205406 -0.090302
v -0.404391 0.064311 0.000000
v -0.436233 0.204547 0.000000
v 0.363662 0.227420 0.000000
v 0.332134 0.325202 -0.000001
v 0.323182 0.231996 0.077937
v 0.321754 0.128570 0.048587
v 0.325212 0.128200 0.000000
v -0.088930 0.521170 0.041437
v -0.067313 0.523632 0.018544
v -0.082045 0.493343 0.025819
v -0.084515 0.535542 0.054945
v -0.055207 0.537615 0.023063
v -0.076345 0.540615 0.069341
v -0.039872 0.543334 0.032187
v -0.087547 0.552891 0.055428
v -0.052664 0.553846 0.025095
v -0.088686 0.564711 0.050704
v -0.060604 0.567065 0.022061
v -0.062099 0.580402 0.027296
v -0.084624 0.578479 0.049707
v -0.074983 0.591030 0.051650
v -0.061248 0.591475 0.038261
v -0.058475 0.604600 0.055331
v -0.067313 0.523632 0.018544
v -0.060326 0.509029 0.045247
v -0.082045 0.493343 0.025819
v -0.055207 0.537615 0.023063
v -0.045093 0.512081 0.060690
v -0.039872 0.543334 0.032187
v 0.014550 0.509651 0.119927
v 0.037264 0.538825 0.109061
v -0.032715 0.565070 0.077373
v -0.052664 0.553846 0.025095
v 0.074344 0.528190 0.144690
v 0.048644 0.498980 0.152124
v 0.079602 0.478449 0.181362
v 0.062607 0.549797 0.169567
v 0.107832 0.505991 0.175986
v 0.020609 0.563024 0.128731
v 0.137683 0.471133 0.202865
v 0.105960 0.448485 0.204321
v 0.130153 0.401733 0.225714
v 0.101107 0.523994 0.205344
v 0.165504 0.418290 0.226350
v 0.039541 0.526967 0.180407
v 0.134880 0.486261 0.235727
v 0.164651 0.431064 0.260574
v 0.180403 0.361436 0.237634
v 0.141780 0.357416 0.236154
v 0.104998 0.465459 0.240384
v 0.179919 0.265764 0.230151
v 0.146396 0.266086 0.232075
v 0.168699 0.152883 0.208666
v 0.134317 0.151553 0.211497
v 0.165599 0.152304 0.242070
v 0.183439 0.268678 0.268469
v 0.132352 0.150002 0.245932
v 0.181425 0.366739 0.272855
v 0.145360 0.260341 0.267152
v 0.134317 0.151553 0.211497
v 0.146396 0.266086 0.232075
v 0.145360 0.360751 0.273463
v 0.141780 0.357416 0.236154
v 0.130620 0.416589 0.261956
v 0.130153 0.401733 0.225714
v 0.105960 0.448485 0.204321
v 0.073718 0.502254 0.212505
v 0.079602 0.478449 0.181362
v 0.048644 0.498980 0.152124
v 0.002042 0.536050 0.144339
v 0.014550 0.509651 0.119927
v -0.045093 0.512081 0.060690
v -0.076345 0.540615 0.069341
v -0.060326 0.509029 0.045247
v -0.088930 0.521170 0.041437
v -0.082045 0.493343 0.025819
v -0.084515 0.535542 0.054945
v -0.048126 0.570634 0.062675
v -0.087547 0.552891 0.055428
v -0.060604 0.567065 0.022061
v -0.088686 0.564711 0.050704
v -0.062099 0.580402 0.027296
v -0.057057 0.583317 0.055116
v -0.084624 0.578479 0.049707
v -0.061248 0.591475 0.038261
v -0.058475 0.604600 0.055331
v -0.118768 0.550380 0.061201
v -0.087398 0.553635 0.060366
v -0.100906 0.524429 0.062181
v -0.125753 0.562173 0.073354
v -0.082555 0.565578 0.071921
v -0.130288 0.565211 0.089816
v -0.078315 0.569330 0.089816
v -0.128703 0.579537 0.073745
v -0.082629 0.581314 0.077178
v -0.126485 0.591822 0.071128
v -0.086451 0.595256 0.071135
v -0.091461 0.607723 0.076262
v -0.123188 0.605034 0.075747
v -0.117722 0.614481 0.088435
v -0.098518 0.616119 0.088827
v -0.108641 0.622016 0.107623
v -0.087398 0.553635 0.060366
v -0.101205 0.537715 0.081816
v -0.100906 0.524429 0.062181
v -0.082555 0.565578 0.071921
v -0.101483 0.536948 0.102125
v -0.078315 0.569330 0.089816
v -0.100785 0.521136 0.185100
v -0.077944 0.550679 0.197224
v -0.105819 0.586404 0.129503
v -0.082629 0.581314 0.077178
v -0.076447 0.532595 0.246792
v -0.099087 0.504515 0.230233
v -0.097318 0.479154 0.269887
v -0.103107 0.553912 0.258792
v -0.074298 0.505205 0.289455
v -0.104368 0.574548 0.202378
v -0.071215 0.465402 0.324836
v -0.094065 0.444835 0.300683
v -0.090444 0.390852 0.328405
v -0.100285 0.520516 0.307539
v -0.066732 0.408766 0.354184
v -0.126263 0.529997 0.247150
v -0.096829 0.477249 0.347768
v -0.091866 0.418010 0.379144
v -0.061342 0.342275 0.365199
v -0.087326 0.340530 0.338577
v -0.120689 0.458068 0.327383
v -0.054084 0.247217 0.354218
v -0.078727 0.248065 0.332904
v -0.043971 0.136026 0.324823
v -0.070068 0.135353 0.302229
v -0.069931 0.133636 0.345943
v -0.078986 0.247878 0.383689
v -0.095944 0.131907 0.324825
v -0.085846 0.345555 0.390860
v -0.104554 0.240532 0.355165
v -0.070068 0.135353 0.302229
v -0.078727 0.248065 0.332904
v -0.111429 0.340397 0.365250
v -0.087326 0.340530 0.338577
v -0.116514 0.405711 0.354346
v -0.090444 0.390852 0.328405
v -0.094065 0.444835 0.300683
v -0.124127 0.499987 0.290542
v -0.097318 0.479154 0.269887
v -0.099087 0.504515 0.230233
v -0.127725 0.546779 0.196796
v -0.100785 0.521136 0.185100
v -0.101483 0.536948 0.102125
v -0.130288 0.565211 0.089816
v -0.101205 0.537715 0.081816
v -0.118768 0.550380 0.061201
v -0.100906 0.524429 0.062181
v -0.125753 0.562173 0.073354
v -0.106499 0.594985 0.109582
v -0.128703 0.579537 0.073745
v -0.086451 0.595256 0.071135
v -0.126485 0.591822 0.071128
v -0.091461 0.607723 0.076262
v -0.107448 0.606958 0.101339
v -0.123188 0.605034 0.075747
v -0.098518 0.616119 0.088827
v -0.108641 0.622016 0.107623
v -0.151143 0.519031 -0.015929
v -0.150475 0.519745 0.015600
v -0.145436 0.492205 -0.000174
v -0.162516 0.531799 -0.021961
v -0.161215 0.531708 0.021371
v -0.178418 0.535778 -0.026242
v -0.178418 0.535778 0.025894
v -0.161723 0.549435 -0.023529
v -0.165234 0.547672 0.022542
v -0.158398 0.561399 -0.020347
v -0.158387 0.561659 0.019833
v -0.161784 0.574709 0.015823
v -0.161362 0.574514 -0.016017
v -0.167719 0.584866 -0.009822
v -0.167891 0.585031 0.009452
v -0.179168 0.593593 -0.000174
v -0.150475 0.519745 0.015600
v -0.170720 0.505210 0.000578
v -0.145436 0.492205 -0.000174
v -0.161215 0.531708 0.021371
v -0.192084 0.506535 0.000240
v -0.178418 0.535778 0.025894
v -0.275702 0.492672 -0.000313
v -0.286536 0.520483 0.024791
v -0.217181 0.556198 -0.000174
v -0.165234 0.547672 0.022542
v -0.336866 0.503874 0.024854
v -0.321522 0.477179 0.000066
v -0.362142 0.452967 -0.000173
v -0.347788 0.527599 -0.000038
v -0.380699 0.477723 0.024832
v -0.290250 0.545107 0.000335
v -0.418637 0.437864 0.024761
v -0.392973 0.421142 0.000358
v -0.414617 0.365157 -0.000298
v -0.397997 0.495598 0.000137
v -0.441522 0.379058 0.024755
v -0.337162 0.505231 -0.025011
v -0.442743 0.449830 0.000163
v -0.467431 0.388241 0.000430
v -0.444920 0.311871 0.024875
v -0.418668 0.314266 -0.001165
v -0.420792 0.434280 -0.025138
v -0.425586 0.217770 0.024599
v -0.404689 0.222228 0.000100
v -0.393382 0.108331 0.025896
v -0.371031 0.111498 -0.000173
v -0.414412 0.106331 -0.000173
v -0.455796 0.218010 -0.000173
v -0.393385 0.108331 -0.026241
v -0.471478 0.314988 0.000707
v -0.426425 0.215019 -0.026241
v -0.371031 0.111498 -0.000173
v -0.404689 0.222228 0.000100
v -0.445219 0.313940 -0.025204
v -0.418668 0.314266 -0.001165
v -0.441776 0.379929 -0.025112
v -0.414617 0.365157 -0.000298
v -0.392973 0.421142 0.000358
v -0.381829 0.476492 -0.025253
v -0.362142 0.452967 -0.000173
v -0.321522 0.477179 0.000066
v -0.286106 0.520516 -0.025143
v -0.275702 0.492672 -0.000313
v -0.192084 0.506535 0.000240
v -0.178418 0.535778 -0.026242
v -0.170720 0.505210 0.000578
v -0.151143 0.519031 -0.015929
v -0.145436 0.492205 -0.000174
v -0.162516 0.531799 -0.021961
v -0.196056 0.564060 -0.000174
v -0.161723 0.549435 -0.023529
v -0.158387 0.561659 0.019833
v -0.158398 0.561399 -0.020347
v -0.161784 0.574709 0.015823
v -0.182534 0.576449 -0.000174
v -0.161362 0.574514 -0.016017
v -0.167891 0.585031 0.009452
v -0.179168 0.593593 -0.000174
v -0.111756 0.519360 -0.041439
v -0.133491 0.518387 -0.018547
v -0.114172 0.490796 -0.025822
v -0.118381 0.532858 -0.054948
v -0.147649 0.530287 -0.023065
v -0.127248 0.536580 -0.069344
v -0.163694 0.533520 -0.032189
v -0.118119 0.550467 -0.055431
v -0.152718 0.545915 -0.025098
v -0.118857 0.562320 -0.050706
v -0.146959 0.560221 -0.022064
v -0.147584 0.573627 -0.027299
v -0.125037 0.575275 -0.049710
v -0.136535 0.586152 -0.051652
v -0.150168 0.584427 -0.038263
v -0.154975 0.596951 -0.055334
v -0.133491 0.518387 -0.018547
v -0.138091 0.502865 -0.045250
v -0.114172 0.490796 -0.025822
v -0.147649 0.530287 -0.023065
v -0.153615 0.503479 -0.060693
v -0.163694 0.533520 -0.032189
v -0.212130 0.491683 -0.119929
v -0.239157 0.516914 -0.109064
v -0.174186 0.553857 -0.077376
v -0.152718 0.545915 -0.025098
v -0.274098 0.500571 -0.144692
v -0.244118 0.475775 -0.152126
v -0.271455 0.450623 -0.181364
v -0.265911 0.523757 -0.169570
v -0.303671 0.473373 -0.175988
v -0.226521 0.543435 -0.128733
v -0.327658 0.434248 -0.202867
v -0.292763 0.416881 -0.204323
v -0.309289 0.366901 -0.225716
v -0.299866 0.492211 -0.205346
v -0.346807 0.377683 -0.226352
v -0.239537 0.504846 -0.180409
v -0.327273 0.449629 -0.235729
v -0.347977 0.390431 -0.260576
v -0.352564 0.319191 -0.237635
v -0.313790 0.321306 -0.236155
v -0.294487 0.433794 -0.240386
v -0.337014 0.224790 -0.230152
v -0.303961 0.230389 -0.232076
v -0.308152 0.115086 -0.208667
v -0.273989 0.119189 -0.211497
v -0.304999 0.115003 -0.242070
v -0.340949 0.227113 -0.268470
v -0.271804 0.117967 -0.245933
v -0.354408 0.324267 -0.272856
v -0.302032 0.224878 -0.267152
v -0.273989 0.119189 -0.211497
v -0.303961 0.230389 -0.232076
v -0.317850 0.324035 -0.273465
v -0.313790 0.321306 -0.236155
v -0.312090 0.381498 -0.261958
v -0.309289 0.366901 -0.225716
v -0.292763 0.416881 -0.204323
v -0.269394 0.475058 -0.212507
v -0.271455 0.450623 -0.181364
v -0.244118 0.475775 -0.152126
v -0.203937 0.519723 -0.144342
v -0.212130 0.491683 -0.119929
v -0.153615 0.503479 -0.060693
v -0.127248 0.536580 -0.069344
v -0.138091 0.502865 -0.045250
v -0.111756 0.519360 -0.041439
v -0.114172 0.490796 -0.025822
v -0.118381 0.532858 -0.054948
v -0.159843 0.561778 -0.062677
v -0.118119 0.550467 -0.055431
v -0.146959 0.560221 -0.022064
v -0.118857 0.562320 -0.050706
v -0.147584 0.573627 -0.027299
v -0.153022 0.575710 -0.055119
v -0.125037 0.575275 -0.049710
v -0.150168 0.584427 -0.038263
v -0.154975 0.596951 -0.055334
v 0.527373 -0.375689 -0.297500
v 0.530917 -0.343470 -0.287111
v 0.538131 -0.347275 -0.277046
v 0.533890 -0.378876 -0.287928
v 0.530112 -0.409694 -0.292965
v 0.524310 -0.407114 -0.302034
v 0.538131 -0.347275 0.277045
v 0.530917 -0.343470 0.287110
v 0.527373 -0.375689 0.297499
v 0.533890 -0.378876 0.287928
v 0.530112 -0.409694 0.292965
v 0.524310 -0.407114 0.302034
v 0.502815 -0.220567 -0.263039
v 0.460225 -0.203094 -0.313217
v 0.454736 -0.188488 -0.307573
v 0.494338 -0.195969 -0.245079
v 0.453568 -0.178650 -0.295849
v 0.526956 -0.241622 -0.229181
v 0.520197 -0.216109 -0.208579
v 0.543945 -0.258494 -0.204790
v 0.545307 -0.245670 -0.172508
v 0.556141 -0.264448 -0.161832
v 0.555505 -0.277901 -0.176031
v 0.545408 -0.295842 -0.230981
v 0.534521 -0.267743 -0.234058
v 0.518596 -0.281683 -0.281685
v 0.528309 -0.311205 -0.277963
v 0.503706 -0.312077 -0.325887
v 0.497185 -0.296854 -0.325385
v 0.510175 -0.324467 -0.315775
v 0.502815 -0.220567 0.263039
v 0.454736 -0.188488 0.307573
v 0.460225 -0.203093 0.313217
v 0.494338 -0.195969 0.245079
v 0.453568 -0.178650 0.295849
v 0.526955 -0.241622 0.229181
v 0.520197 -0.216109 0.208578
v 0.543945 -0.258494 0.204790
v 0.545307 -0.245670 0.172508
v 0.556140 -0.264447 0.161831
v 0.555505 -0.277901 0.176030
v 0.545408 -0.295842 0.230981
v 0.534521 -0.267743 0.234057
v 0.518596 -0.281683 0.281685
v 0.528309 -0.311205 0.277963
v 0.503706 -0.312077 0.325886
v 0.497184 -0.296854 0.325385
v 0.510175 -0.324467 0.315775
v -0.463095 0.197948 0.000000
v -0.436233 0.204547 0.000000
v -0.427685 0.205406 -0.090302
v -0.451087 0.197900 -0.100391
v -0.426821 0.067135 0.000000
v -0.414568 0.065185 -0.094582
v -0.390163 0.208287 -0.187005
v -0.378003 0.068246 -0.188526
v -0.413098 0.200228 -0.199487
v -0.330195 0.213052 -0.267691
v -0.347425 0.207377 -0.288834
v -0.321226 0.072478 -0.265453
v -0.259928 0.218623 -0.324252
v -0.246879 0.077458 -0.324881
v -0.271840 0.212552 -0.348763
v -0.176933 0.225252 -0.363314
v -0.182425 0.221661 -0.386982
v -0.157583 0.083406 -0.361747
v -0.080531 0.232871 -0.377642
v -0.083628 0.230349 -0.400378
v -0.072122 0.091736 -0.375481
v 0.008552 0.239863 -0.365545
v 0.029916 0.099333 -0.360896
v 0.018356 0.237551 -0.388872
v 0.098083 0.246935 -0.327315
v 0.108823 0.104491 -0.325600
v 0.111207 0.243685 -0.350802
v 0.169277 0.252602 -0.273294
v 0.186703 0.250637 -0.291201
v 0.182421 0.110822 -0.268392
v 0.224003 0.256650 -0.199251
v 0.238484 0.115194 -0.194450
v 0.242723 0.256810 -0.217087
v -0.427685 0.205407 0.090302
v -0.436233 0.204547 0.000000
v -0.463095 0.197948 0.000000
v -0.451087 0.197900 0.100391
v -0.426821 0.067135 0.000000
v -0.414568 0.065186 0.094582
v -0.390163 0.208288 0.187005
v -0.378003 0.068247 0.188526
v -0.413098 0.200229 0.199486
v -0.330195 0.213053 0.267690
v -0.347425 0.207378 0.288833
v -0.321226 0.072479 0.265453
v -0.259928 0.218625 0.324251
v -0.246879 0.077460 0.324881
v -0.271840 0.212553 0.348762
v -0.176933 0.225254 0.363314
v -0.182425 0.221663 0.386981
v -0.157583 0.083408 0.361747
v -0.080531 0.232873 0.377642
v -0.083628 0.230351 0.400377
v -0.072122 0.091738 0.375480
v 0.008552 0.239864 0.365544
v 0.029916 0.099335 0.360896
v 0.018357 0.237553 0.388871
v 0.098083 0.246937 0.327314
v 0.108823 0.104493 0.325600
v 0.111207 0.243687 0.350801
v 0.169277 0.252604 0.273293
v 0.186703 0.250638 0.291200
v 0.182421 0.110824 0.268391
v 0.224003 0.256651 0.199250
v 0.238484 0.115195 0.194450
v 0.242723 0.256811 0.217086
v 0.323182 0.231996 0.077937
v 0.332134 0.325202 -0.000001
v 0.337229 0.332706 -0.000001
v 0.328113 0.233527 0.083952
v 0.335009 0.371781 -0.000001
v 0.321754 0.128570 0.048587
v 0.290491 0.119942 0.000000
v 0.325212 0.128200 0.000000
v 0.287486 0.119505 0.047297
v 0.326719 0.268122 0.093098
v 0.322579 0.378447 -0.000001
v 0.310988 0.127090 0.090421
v 0.279001 0.119316 0.095176
v 0.332196 0.132998 0.058930
v 0.325963 0.130555 0.089339
v 0.318617 0.232401 0.116583
v 0.257298 0.122519 0.202412
v 0.238484 0.115195 0.194450
v 0.303619 0.231478 0.118136
v 0.312131 0.271284 0.091304
v 0.322527 0.409730 -0.000001
v 0.256859 0.261439 0.222364
v 0.242723 0.256811 0.217086
v 0.244818 0.262452 0.217693
v 0.306442 0.287028 0.105821
v 0.316375 0.441990 -0.000001
v 0.289495 0.333042 0.164982
v 0.280457 0.338411 0.158891
v 0.293469 0.291321 0.100764
v 0.305812 0.450152 -0.000001
v -0.087443 0.375336 0.055318
v -0.087095 0.370945 0.053723
v -0.051895 0.368738 0.036689
v -0.051190 0.373105 0.037779
v -0.035537 0.369558 -0.000013
v -0.089057 0.390792 0.042522
v -0.034345 0.373926 -0.000013
v -0.051895 0.368737 -0.036715
v -0.061054 0.392333 0.029129
v -0.051190 0.373105 -0.037805
v -0.087095 0.370945 -0.053749
v -0.087443 0.375336 -0.055345
v -0.048230 0.393444 -0.000013
v -0.061054 0.392333 -0.029156
v -0.089057 0.390792 -0.042548
v -0.089704 0.398951 -0.042880
v -0.061551 0.401262 -0.029374
v -0.048605 0.402209 -0.000013
v -0.061551 0.401263 0.029348
v -0.089704 0.398951 0.042853
v -0.090408 0.407839 0.052050
v -0.056310 0.410542 0.035547
v -0.091176 0.417527 0.045402
v -0.040498 0.411795 -0.000013
v -0.056310 0.410542 -0.035573
v -0.090408 0.407839 -0.052076
v -0.091176 0.417527 -0.045428
v -0.047635 0.420978 -0.000013
v -0.061428 0.419885 0.031006
v -0.091214 0.418009 0.042011
v -0.061428 0.419885 -0.031032
v -0.063686 0.420191 0.028690
v -0.050923 0.421203 -0.000013
v -0.063686 0.420191 -0.028716
v -0.091214 0.418009 -0.042037
v -0.093929 0.452250 -0.026435
v -0.076610 0.453623 -0.018060
v -0.097439 0.496540 -0.014578
v -0.068585 0.454259 -0.000013
v -0.087880 0.497297 -0.009961
v -0.098534 0.510355 -0.000119
v -0.083456 0.497648 -0.000013
v -0.087880 0.497297 0.009935
v -0.097439 0.496540 0.014551
v -0.076610 0.453623 0.018033
v -0.093929 0.452251 0.026409
v -0.122281 0.363159 0.036689
v -0.087095 0.370945 0.053723
v -0.087443 0.375336 0.055318
v -0.123665 0.367361 0.037779
v -0.138564 0.361392 -0.000013
v -0.089057 0.390792 0.042522
v -0.140430 0.365518 -0.000013
v -0.122281 0.363158 -0.036715
v -0.116954 0.387902 0.029129
v -0.123665 0.367361 -0.037805
v -0.087095 0.370945 -0.053749
v -0.087443 0.375336 -0.055345
v -0.129793 0.386979 -0.000013
v -0.116954 0.387902 -0.029156
v -0.089057 0.390792 -0.042548
v -0.089704 0.398951 -0.042880
v -0.117869 0.396799 -0.029374
v -0.130803 0.395694 -0.000013
v -0.117869 0.396799 0.029348
v -0.089704 0.398951 0.042853
v -0.090408 0.407839 0.052050
v -0.124507 0.405137 0.035547
v -0.091176 0.417527 0.045402
v -0.140319 0.403883 -0.000013
v -0.124507 0.405136 -0.035573
v -0.090408 0.407839 -0.052076
v -0.091176 0.417527 -0.045428
v -0.134717 0.414076 -0.000013
v -0.120924 0.415169 0.031006
v -0.091214 0.418009 0.042011
v -0.120924 0.415169 -0.031032
v -0.118743 0.415827 0.028690
v -0.118743 0.415827 -0.028716
v -0.091214 0.418009 -0.042037
v -0.093929 0.452250 -0.026435
v -0.131506 0.414816 -0.000013
v -0.111247 0.450878 -0.018060
v -0.097439 0.496540 -0.014578
v -0.119272 0.450242 -0.000013
v -0.106998 0.495782 -0.009961
v -0.098534 0.510355 -0.000119
v -0.111421 0.495431 -0.000013
v -0.106998 0.495782 0.009935
v -0.097439 0.496540 0.014551
v -0.111247 0.450878 0.018033
v -0.093929 0.452251 0.026409
v 0.076546 -0.598019 -0.557098
v 0.038783 -0.621999 -0.540453
v 0.039472 -0.625439 -0.560098
v 0.078646 -0.606515 -0.567755
v 0.047633 -0.636129 -0.584124
v 0.117869 -0.569914 -0.586556
v 0.132526 -0.551816 -0.575147
v 0.079038 -0.622819 -0.590982
v 0.052833 -0.649729 -0.609648
v 0.105546 -0.601083 -0.605590
v 0.156848 -0.467575 -0.601868
v 0.167450 -0.453573 -0.597794
v 0.063336 -0.372135 -0.621539
v 0.139112 -0.505075 -0.626360
v 0.063331 -0.406980 -0.634236
v -0.063608 -0.396621 -0.610704
v 0.125316 -0.551597 -0.644276
v -0.045622 -0.434715 -0.627902
v -0.110194 -0.447957 -0.593937
v 0.068579 -0.466142 -0.661175
v -0.090010 -0.467763 -0.602917
v -0.105001 -0.547892 -0.565328
v -0.030175 -0.481618 -0.655978
v -0.081402 -0.552314 -0.572909
v -0.064894 -0.589194 -0.551177
v -0.063862 -0.514549 -0.634176
v -0.054305 -0.587652 -0.556829
v -0.024309 -0.615415 -0.539345
v -0.058304 -0.575293 -0.595326
v -0.012715 -0.621019 -0.558250
v 0.038783 -0.621999 -0.540453
v 0.039472 -0.625439 -0.560098
v -0.041342 -0.594328 -0.581605
v -0.001070 -0.632002 -0.585203
v 0.047633 -0.636129 -0.584124
v -0.034744 -0.608494 -0.616274
v 0.015523 -0.651778 -0.615874
v 0.052833 -0.649729 -0.609648
v -0.008088 -0.639047 -0.637899
v -0.032245 -0.569319 -0.659561
v -0.001827 -0.615026 -0.674415
v -0.001428 -0.544533 -0.682260
v 0.029849 -0.657206 -0.675740
v 0.071541 -0.523301 -0.680475
v 0.026069 -0.602187 -0.691501
v 0.072605 -0.586181 -0.689222
v 0.111054 -0.598480 -0.657706
v 0.094129 -0.629285 -0.626199
v 0.092728 -0.645202 -0.661991
v 0.080011 -0.639673 -0.618047
v 0.060071 -0.666375 -0.635434
v 0.082072 -0.656775 -0.644292
v 0.075503 -0.664630 -0.651399
v 0.060832 -0.670601 -0.645393
v 0.082969 -0.657932 -0.663360
v 0.069289 -0.668294 -0.657149
v 0.061127 -0.671586 -0.653595
v 0.060767 -0.669542 -0.664662
v 0.073596 -0.664735 -0.664108
v 0.067273 -0.663764 -0.672483
v 0.071201 -0.655683 -0.678517
v 0.073946 -0.640109 -0.684011
v 0.045039 -0.650829 -0.685214
v 0.051302 -0.662291 -0.676959
v 0.056362 -0.667620 -0.670928
v 0.041898 -0.666088 -0.673450
v 0.051096 -0.669822 -0.668730
v 0.047429 -0.672671 -0.661284
v 0.037167 -0.671976 -0.658709
v 0.052524 -0.673326 -0.655399
v 0.061127 -0.671586 -0.653595
v 0.025827 -0.667522 -0.655053
v 0.045959 -0.673455 -0.648257
v 0.060832 -0.670601 -0.645393
v 0.037634 -0.670129 -0.639578
v 0.060071 -0.666375 -0.635434
v 0.039475 -0.625438 0.560098
v 0.038787 -0.621999 0.540453
v 0.076549 -0.598019 0.557098
v 0.078649 -0.606514 0.567755
v 0.047634 -0.636129 0.584124
v 0.117872 -0.569913 0.586556
v 0.132530 -0.551815 0.575146
v 0.079038 -0.622819 0.590982
v 0.052833 -0.649729 0.609648
v 0.105546 -0.601083 0.605590
v 0.156853 -0.467574 0.601867
v 0.167454 -0.453572 0.597793
v 0.063341 -0.372134 0.621539
v 0.139114 -0.505075 0.626359
v 0.063336 -0.406979 0.634236
v -0.063603 -0.396621 0.610704
v 0.125317 -0.551596 0.644276
v -0.045618 -0.434714 0.627903
v -0.110190 -0.447957 0.593938
v 0.068582 -0.466142 0.661175
v -0.090005 -0.467762 0.602918
v -0.104997 -0.547892 0.565328
v -0.030172 -0.481617 0.655978
v -0.081398 -0.552314 0.572909
v -0.064890 -0.589194 0.551177
v -0.063861 -0.514549 0.634176
v -0.054301 -0.587652 0.556829
v -0.024306 -0.615415 0.539345
v -0.058301 -0.575292 0.595326
v -0.012712 -0.621019 0.558250
v 0.038787 -0.621999 0.540453
v 0.039475 -0.625438 0.560098
v -0.041339 -0.594328 0.581605
v -0.034744 -0.608494 0.616274
v -0.001070 -0.632002 0.585203
v 0.047634 -0.636129 0.584124
v -0.032244 -0.569318 0.659561
v 0.015523 -0.651778 0.615874
v 0.052833 -0.649729 0.609648
v -0.008088 -0.639047 0.637899
v -0.001827 -0.615026 0.674415
v -0.001427 -0.544533 0.682260
v 0.029850 -0.657206 0.675740
v 0.071542 -0.523301 0.680475
v 0.026069 -0.602187 0.691501
v 0.072605 -0.586180 0.689222
v 0.111054 -0.598480 0.657706
v 0.094129 -0.629285 0.626199
v 0.080012 -0.639672 0.618047
v 0.060071 -0.666375 0.635434
v 0.082072 -0.656775 0.644292
v 0.075503 -0.664630 0.651399
v 0.060833 -0.670600 0.645393
v 0.092728 -0.645202 0.661991
v 0.082969 -0.657932 0.663360
v 0.069289 -0.668294 0.657149
v 0.061127 -0.671586 0.653595
v 0.060767 -0.669542 0.664662
v 0.073596 -0.664735 0.664108
v 0.067274 -0.663764 0.672483
v 0.071201 -0.655683 0.678517
v 0.073946 -0.640108 0.684011
v 0.045039 -0.650829 0.685214
v 0.051302 -0.662291 0.676959
v 0.056362 -0.667620 0.670928
v 0.041898 -0.666088 0.673450
v 0.051096 -0.669822 0.668730
v 0.047429 -0.672671 0.661284
v 0.037167 -0.671976 0.658709
v 0.052524 -0.673326 0.655399
v 0.061127 -0.671586 0.653595
v 0.025827 -0.667522 0.655053
v 0.045959 -0.673455 0.648257
v 0.060833 -0.670600 0.645393
v 0.037634 -0.670128 0.639578
v 0.060071 -0.666375 0.635434
v 0.293469 0.291321 -0.100765
v 0.305812 0.450152 -0.000001
v 0.316375 0.441990 -0.000001
v 0.306442 0.287027 -0.105822
v 0.322527 0.409730 -0.000001
v 0.289495 0.333041 -0.164984
v 0.280457 0.338410 -0.158893
v 0.244818 0.262451 -0.217694
v 0.312131 0.271283 -0.091305
v 0.322579 0.378447 -0.000001
v 0.256859 0.261437 -0.222365
v 0.242723 0.256810 -0.217087
v 0.238484 0.115194 -0.194450
v 0.303619 0.231477 -0.118137
v 0.257298 0.122518 -0.202413
v 0.279001 0.119316 -0.095176
v 0.310988 0.127090 -0.090422
v 0.287486 0.119505 -0.047297
v 0.318617 0.232400 -0.116584
v 0.326719 0.268122 -0.093099
v 0.335009 0.371781 -0.000001
v 0.328113 0.233526 -0.083953
v 0.337229 0.332706 -0.000001
v 0.325963 0.130555 -0.089340
v 0.332196 0.132998 -0.058931
v 0.321754 0.128570 -0.048588
v 0.290491 0.119942 0.000000
v 0.325212 0.128200 0.000000
v 0.363662 0.227420 0.000000
v 0.323182 0.231996 -0.077938
v 0.332134 0.325202 -0.000001
v -0.065387 0.098336 -0.298278
v 0.008206 0.103371 -0.285013
v -0.065049 0.094077 0.002257
v 0.088200 0.111089 -0.232765
v 0.127805 0.121991 -0.165924
v 0.163286 0.120139 -0.098481
v 0.177861 0.121474 -0.001366
v 0.165887 0.118937 0.089374
v 0.131740 0.122285 0.152486
v 0.103534 0.114170 0.220049
v 0.012965 0.104414 0.276063
v -0.065423 0.098790 0.294157
v -0.065387 0.098336 -0.298278
v -0.065049 0.094077 0.002257
v -0.138854 0.091715 -0.285013
v -0.219064 0.086735 -0.232764
v -0.259893 0.091261 -0.165924
v -0.294638 0.083844 -0.098481
v -0.309242 0.082865 -0.001366
v -0.297018 0.082246 0.089374
v -0.263825 0.090932 0.152486
v -0.234692 0.087362 0.220049
v -0.143717 0.091996 0.276063
v -0.065423 0.098790 0.294157
v 0.004554 -0.015713 -0.339020
v -0.054378 -0.017318 -0.339282
v -0.051938 -0.048095 -0.380307
v -0.000582 -0.040618 -0.383111
v -0.033119 -0.038208 -0.422068
v -0.052522 -0.040726 -0.429681
v 0.033845 -0.034959 -0.371509
v 0.071539 -0.012060 -0.324014
v -0.036866 -0.029677 -0.435586
v -0.052552 -0.040351 -0.441118
v -0.055467 -0.003570 -0.455157
v -0.018191 -0.040784 -0.422246
v -0.033094 -0.010354 -0.444443
v -0.058293 0.032072 -0.460192
v -0.028199 -0.047318 -0.434995
v -0.018476 -0.028292 -0.435818
v -0.013207 -0.038572 -0.429203
v -0.003558 -0.007791 -0.440716
v 0.010327 -0.023184 -0.423496
v -0.023772 0.019602 -0.452956
v -0.061475 0.072224 -0.449142
v 0.006897 0.020878 -0.447300
v 0.001334 0.080349 -0.431365
v -0.063518 0.098005 -0.418778
v 0.031300 -0.003380 -0.428166
v -0.042371 0.100764 -0.418365
v 0.040699 -0.022356 -0.415585
v -0.048830 0.112826 -0.401482
v -0.064427 0.109464 -0.394628
v 0.034118 -0.030479 -0.406836
v -0.057285 0.122115 -0.385617
v -0.064221 0.106869 -0.376205
v 0.040433 -0.035190 -0.397968
v -0.044179 0.104047 -0.369759
v -0.060416 0.058865 -0.327980
v 0.044138 -0.033648 -0.414473
v 0.070898 -0.035726 -0.381130
v 0.081922 -0.028070 -0.393932
v 0.048077 -0.012495 -0.418337
v 0.075143 -0.013963 -0.414732
v 0.112142 -0.022323 -0.386480
v 0.098713 0.003170 -0.412821
v 0.073446 0.024360 -0.428669
v 0.130777 0.005565 -0.395804
v 0.065548 0.084630 -0.423448
v 0.140569 0.028986 -0.398721
v 0.134880 -0.020995 -0.388518
v 0.147798 -0.000173 -0.382696
v 0.106046 -0.031611 -0.371423
v 0.124667 -0.038634 -0.382993
v 0.123991 -0.033268 -0.361171
v 0.142494 -0.012248 -0.289242
v 0.151113 -0.023658 -0.363554
v 0.144674 -0.028199 -0.349253
v 0.174262 -0.021039 -0.356026
v 0.165099 -0.029169 -0.338489
v 0.191881 -0.023708 -0.316696
v 0.185217 -0.027645 -0.339719
v 0.209966 -0.022126 -0.299448
v 0.190152 -0.011966 -0.250624
v 0.198285 -0.023672 -0.333644
v 0.195992 -0.028238 -0.349727
v 0.169981 -0.002393 -0.368262
v 0.181699 0.028921 -0.374527
v 0.188462 -0.000929 -0.358187
v 0.207183 -0.019052 -0.345681
v 0.204163 0.000753 -0.348976
v 0.213282 -0.028473 -0.339815
v 0.202147 -0.021698 -0.325477
v 0.219968 -0.012424 -0.341220
v 0.216119 -0.016385 -0.313889
v 0.222351 -0.015505 -0.330875
v 0.217250 -0.013941 -0.321924
v 0.236503 -0.018730 -0.294646
v 0.236375 0.001436 -0.320531
v 0.224074 0.010223 -0.338474
v 0.222343 -0.019706 -0.319966
v 0.206961 0.029024 -0.354444
v 0.245607 0.011203 -0.316507
v 0.157274 0.095768 -0.380047
v 0.239029 -0.018536 -0.300322
v 0.245063 -0.006276 -0.308395
v 0.261616 -0.010879 -0.275218
v 0.230901 -0.006917 -0.201533
v 0.267009 0.032514 -0.301932
v 0.268469 0.008476 -0.289261
v 0.231812 0.031109 -0.334409
v 0.312190 0.037984 -0.248074
v 0.199395 0.095939 -0.348893
v 0.255865 0.097843 -0.300972
v 0.148319 0.122054 -0.361944
v 0.301848 0.014830 -0.244078
v 0.297306 -0.000849 -0.248076
v 0.336017 0.026220 -0.199978
v 0.294823 -0.010308 -0.241575
v 0.308285 -0.011470 -0.244399
v 0.285860 -0.019374 -0.220212
v 0.301287 -0.013070 -0.235779
v 0.299893 -0.019336 -0.176919
v 0.271131 -0.003530 -0.100891
v 0.320071 -0.000750 -0.197511
v 0.321441 0.008999 -0.221542
v 0.344693 0.013868 -0.157576
v 0.328058 -0.015728 -0.096056
v 0.289384 -0.000780 -0.013548
v 0.338800 -0.001988 -0.136945
v 0.345045 -0.013237 -0.016254
v 0.289945 -0.004944 0.066235
v 0.362106 0.000272 -0.108651
v 0.355132 -0.012773 0.029438
v 0.357521 0.007976 -0.124537
v 0.353331 -0.006944 -0.047803
v 0.360284 0.023261 -0.123182
v 0.361445 0.004205 -0.080889
v 0.368615 0.012978 -0.013770
v 0.367766 0.002141 -0.052136
v 0.369860 0.005663 -0.105122
v 0.370365 0.011081 -0.080473
v 0.369724 0.008633 -0.129359
v 0.372940 0.019979 -0.105587
v 0.367455 0.024446 -0.116546
v 0.374714 0.045591 -0.100781
v 0.375799 0.030048 -0.082313
v 0.357306 0.044047 -0.169026
v 0.384262 0.052046 -0.054146
v 0.369475 0.102061 -0.091873
v 0.302226 0.096914 -0.248370
v 0.380986 0.031758 -0.038953
v 0.389967 0.057165 0.005739
v 0.380295 0.032631 0.011434
v 0.377415 0.105196 0.013132
v 0.373162 -0.004517 0.022046
v 0.380843 0.004801 0.038751
v 0.375010 -0.011096 0.055087
v 0.372048 0.011501 0.051791
v 0.361384 -0.005053 0.056323
v 0.378473 0.037009 0.042263
v 0.352196 -0.011204 0.090877
v 0.278209 -0.006677 0.113068
v 0.379801 0.061165 0.074191
v 0.367593 0.008257 0.092596
v 0.363720 0.001031 0.087132
v 0.362286 0.101538 0.103435
v 0.371008 0.035339 0.114034
v 0.364319 -0.010117 0.096856
v 0.372487 0.061772 0.125832
v 0.366822 0.019396 0.145405
v 0.351013 0.046786 0.185861
v 0.345197 -0.012253 0.116810
v 0.351349 0.008089 0.157357
v 0.355581 -0.009713 0.121369
v 0.330980 -0.009398 0.148810
v 0.255514 -0.008695 0.164261
v 0.342569 -0.003306 0.143920
v 0.311430 -0.006741 0.193574
v 0.340283 -0.011945 0.156738
v 0.219781 -0.008521 0.217817
v 0.336427 0.016482 0.192224
v 0.350477 0.030085 0.181011
v 0.325935 0.000760 0.195688
v 0.323084 0.046915 0.234008
v 0.309297 0.016543 0.231406
v 0.299348 -0.000722 0.227285
v 0.284570 -0.016975 0.242615
v 0.299657 -0.001567 0.246832
v 0.295877 0.012476 0.260783
v 0.291020 -0.015691 0.265931
v 0.262549 -0.019087 0.268264
v 0.278014 0.000197 0.269304
v 0.295056 0.042463 0.272967
v 0.217092 -0.020184 0.302809
v 0.161456 -0.012840 0.276887
v 0.256228 -0.024772 0.311038
v 0.179221 -0.027064 0.331436
v 0.104763 -0.023743 0.323478
v 0.230215 -0.025974 0.316172
v 0.251997 -0.029666 0.305907
v 0.243624 -0.033281 0.330517
v 0.258166 0.007470 0.295781
v 0.246639 -0.013163 0.313813
v 0.237854 -0.016923 0.326771
v 0.225923 -0.008131 0.320559
v 0.263847 0.033473 0.299858
v 0.182710 -0.021156 0.345774
v 0.204062 0.031918 0.360097
v 0.260324 0.093514 0.300047
v 0.142727 -0.029745 0.362628
v 0.174823 -0.001375 0.368200
v 0.152785 -0.032908 0.372264
v 0.130617 -0.029831 0.371559
v 0.136054 -0.038794 0.390923
v 0.151859 -0.021424 0.382687
v 0.135582 -0.023899 0.385365
v 0.095977 -0.033054 0.387882
v 0.038705 -0.032252 0.352125
v 0.126076 -0.005478 0.395465
v 0.114170 -0.029780 0.395242
v 0.083346 -0.037782 0.422775
v 0.101476 -0.023267 0.407640
v 0.132303 0.021298 0.402317
v 0.088335 -0.021539 0.408639
v 0.084144 -0.030150 0.394953
v 0.059878 -0.038047 0.399997
v 0.039523 -0.033999 0.399568
v -0.010668 -0.036979 0.360622
v 0.065426 -0.034905 0.417259
v -0.014150 -0.045047 0.403240
v -0.052191 -0.044905 0.368597
v 0.057146 -0.051363 0.427365
v -0.033497 -0.046532 0.417146
v -0.051789 -0.049975 0.410698
v -0.051324 -0.055844 0.443655
v -0.016754 -0.054252 0.435745
v -0.029618 -0.039839 0.433135
v -0.052834 -0.036792 0.441325
v -0.055452 -0.003758 0.447904
v 0.011788 -0.037324 0.419528
v 0.003810 -0.025982 0.433980
v -0.015609 -0.000479 0.439568
v -0.060495 0.059865 0.448355
v 0.051085 0.013000 0.429334
v 0.039753 -0.024524 0.417388
v -0.016859 0.061317 0.441574
v -0.062338 0.083114 0.434803
v 0.047866 -0.038576 0.427366
v 0.057245 -0.035200 0.428389
v 0.061639 -0.013562 0.420781
v 0.055768 0.070892 0.427707
v -0.034981 0.106562 0.420817
v -0.064356 0.108577 0.406876
v 0.016076 0.102814 0.417435
v 0.132580 0.080443 0.395341
v -0.057138 0.116153 0.412227
v 0.198812 0.086347 0.356633
v -0.056182 0.110866 0.390276
v -0.064117 0.105561 0.380342
v -0.054759 0.140469 0.412997
v -0.047428 0.105849 0.375551
v -0.062620 0.086678 0.345894
v -0.019676 0.087846 0.340985
v -0.047282 0.122210 0.391118
v -0.017710 0.108809 0.372348
v 0.035862 0.090587 0.327559
v -0.030860 0.124058 0.410551
v 0.015567 0.120576 0.400629
v 0.050844 0.115437 0.365720
v 0.076082 0.090827 0.309829
v 0.041116 0.117357 0.391197
v 0.065011 0.103849 0.400826
v 0.049589 0.127512 0.377440
v 0.047600 0.131383 0.390092
v 0.054545 0.141726 0.386947
v 0.058061 0.124138 0.392653
v 0.066077 0.130806 0.384556
v 0.087809 0.109938 0.391790
v 0.097453 0.118386 0.374059
v 0.086132 0.116007 0.343503
v 0.125585 0.125392 0.358199
v 0.130331 0.110517 0.375004
v 0.175270 0.114115 0.347990
v 0.147237 0.128767 0.354481
v 0.120567 0.138800 0.351624
v 0.155470 0.132048 0.334853
v 0.180806 0.126528 0.328428
v 0.123495 0.123404 0.346112
v 0.136636 0.124246 0.334048
v 0.131146 0.122569 0.326669
v 0.122907 0.117311 0.312265
v 0.131878 0.092388 0.275353
v 0.137117 0.109653 0.286537
v 0.181572 0.096870 0.231490
v 0.122920 0.136001 0.315849
v 0.120895 0.138391 0.304624
v 0.160587 0.117726 0.273215
v 0.134049 0.133881 0.326125
v 0.124045 0.146096 0.328837
v 0.143992 0.138590 0.329121
v 0.127546 0.143242 0.303598
v 0.150505 0.142418 0.312572
v 0.165373 0.131303 0.283254
v 0.180958 0.134662 0.305704
v 0.185576 0.124230 0.271996
v 0.202700 0.119881 0.242253
v 0.226046 0.105776 0.177669
v 0.226985 0.123206 0.291965
v 0.217879 0.128756 0.267850
v 0.247252 0.126028 0.186795
v 0.260241 0.120506 0.132661
v 0.241832 0.133895 0.231550
v 0.235101 0.129196 0.265438
v 0.214243 0.110916 0.325450
v 0.244811 0.136677 0.267915
v 0.251847 0.112769 0.289623
v 0.247287 0.130462 0.251002
v 0.258196 0.144122 0.250931
v 0.256968 0.129202 0.267671
v 0.265871 0.131131 0.247428
v 0.282455 0.116226 0.255014
v 0.271664 0.148152 0.211286
v 0.291958 0.095188 0.264656
v 0.258406 0.142573 0.201881
v 0.311529 0.096108 0.233360
v 0.286392 0.143937 0.218094
v 0.279887 0.154102 0.169125
v 0.263593 0.141584 0.178153
v 0.279247 0.147194 0.167624
v 0.288884 0.147569 0.177425
v 0.296617 0.134435 0.207629
v 0.298666 0.140727 0.172665
v 0.275431 0.133450 0.168540
v 0.278590 0.136559 0.142317
v 0.305672 0.122465 0.201242
v 0.304751 0.147449 0.147371
v 0.291858 0.142420 0.104287
v 0.274150 0.123276 0.099970
v 0.343148 0.097705 0.184244
v 0.332743 0.133338 0.149706
v 0.336408 0.121511 0.116964
v 0.316959 0.145788 0.092454
v 0.302781 0.148117 0.096425
v 0.326212 0.133504 0.092272
v 0.302252 0.136284 0.088398
v 0.344064 0.132045 0.052859
v 0.325302 0.137705 0.009949
v 0.295117 0.128382 0.009732
v 0.327425 0.140482 -0.016135
v 0.287996 0.126682 -0.061428
v 0.339488 0.140527 0.014972
v 0.364576 0.122894 0.030253
v 0.353932 0.134322 0.007204
v 0.338564 0.148822 -0.018393
v 0.359018 0.127019 -0.008887
v 0.345880 0.141322 -0.017146
v 0.341083 0.138682 -0.024356
v 0.337072 0.141442 -0.041434
v 0.345007 0.136001 -0.047258
v 0.326236 0.136823 -0.064412
v 0.337684 0.151559 -0.076480
v 0.349700 0.125558 -0.052412
v 0.337979 0.133785 -0.074124
v 0.316220 0.136142 -0.091355
v 0.333477 0.135498 -0.093682
v 0.304290 0.138297 -0.118663
v 0.274405 0.123770 -0.104043
v 0.236435 0.112790 -0.170894
v 0.342096 0.128644 -0.104075
v 0.326444 0.149223 -0.122523
v 0.345618 0.100482 -0.168100
v 0.329108 0.132679 -0.128667
v 0.305149 0.138760 -0.146385
v 0.291164 0.143925 -0.175473
v 0.259025 0.132831 -0.192683
v 0.202168 0.103564 -0.212185
v 0.302614 0.122998 -0.202311
v 0.277549 0.156064 -0.201501
v 0.259296 0.151208 -0.203619
v 0.281097 0.143514 -0.205155
v 0.267075 0.160853 -0.213554
v 0.269452 0.140587 -0.215048
v 0.266547 0.131700 -0.228621
v 0.249833 0.133460 -0.242236
v 0.230658 0.131350 -0.230747
v 0.254336 0.127403 -0.265222
v 0.227836 0.144122 -0.253001
v 0.209814 0.120781 -0.235193
v 0.207926 0.142344 -0.248685
v 0.229354 0.142596 -0.264676
v 0.198370 0.124346 -0.257107
v 0.210217 0.160881 -0.261532
v 0.203842 0.148854 -0.258083
v 0.213662 0.148826 -0.268084
v 0.216887 0.129569 -0.280866
v 0.179087 0.119401 -0.261757
v 0.144626 0.095936 -0.267322
v 0.191476 0.141337 -0.257975
v 0.209807 0.128662 -0.306841
v 0.198319 0.141639 -0.264979
v 0.182100 0.141365 -0.259285
v 0.188429 0.158861 -0.259386
v 0.197846 0.143931 -0.279723
v 0.182759 0.141815 -0.280798
v 0.171074 0.127628 -0.307040
v 0.163310 0.118918 -0.282097
v 0.163716 0.124241 -0.325634
v 0.135212 0.112117 -0.316562
v 0.154058 0.128850 -0.341665
v 0.138828 0.122831 -0.337331
v 0.147911 0.137788 -0.344857
v 0.136378 0.129689 -0.356158
v 0.124558 0.119665 -0.365419
v 0.120158 0.121048 -0.351816
v 0.100266 0.119349 -0.346645
v 0.076681 0.083642 -0.304151
v 0.116616 0.125523 -0.357359
v 0.084689 0.118442 -0.359740
v 0.112619 0.136639 -0.359949
v 0.116261 0.125997 -0.360368
v 0.101667 0.123848 -0.375501
v 0.118608 0.094087 -0.399123
v 0.082649 0.112598 -0.390763
v 0.086455 0.125150 -0.375954
v 0.073941 0.121061 -0.384250
v 0.065458 0.116847 -0.369370
v -0.001838 0.071589 -0.326203
v 0.057284 0.110998 -0.397485
v 0.056420 0.129193 -0.386169
v 0.048483 0.114923 -0.368011
v 0.027208 0.115246 -0.395520
v 0.051608 0.123180 -0.393632
v 0.043835 0.134060 -0.389935
v 0.037851 0.122091 -0.393003
v 0.045160 0.122080 -0.379755
v 0.025139 0.113132 -0.373502
v 0.005813 0.109481 -0.403989
v 0.005040 0.107540 -0.361451
v -0.023756 0.111140 -0.403131
v 0.003153 0.118191 -0.370833
v -0.016663 0.106940 -0.368289
v 0.007915 0.121020 -0.385331
v -0.032441 0.110088 -0.381460
v -0.003049 0.121143 -0.391273
v -0.019723 0.125602 -0.375237
v -0.017192 0.116073 -0.391991
v -0.016875 0.115188 -0.371545
v -0.024492 0.110295 -0.383135
v -0.033973 0.113929 -0.393745
v -0.051938 -0.048095 -0.380307
v -0.054378 -0.017318 -0.339282
v -0.112827 -0.025016 -0.339020
v -0.103831 -0.048801 -0.383111
v -0.138720 -0.048636 -0.371509
v -0.179551 -0.031962 -0.324014
v -0.072081 -0.041296 -0.422068
v -0.052522 -0.040726 -0.429681
v -0.069724 -0.032281 -0.435586
v -0.052552 -0.040351 -0.441118
v -0.055467 -0.003570 -0.455157
v -0.086416 -0.046192 -0.422246
v -0.076493 -0.013794 -0.444443
v -0.058293 0.032072 -0.460192
v -0.075504 -0.051067 -0.434995
v -0.088103 -0.033810 -0.435818
v -0.091686 -0.044793 -0.429203
v -0.106064 -0.015916 -0.440716
v -0.117350 -0.033304 -0.423496
v -0.090417 0.014320 -0.452956
v -0.061475 0.072224 -0.449142
v -0.120905 0.010748 -0.447300
v -0.124780 0.070353 -0.431365
v -0.063518 0.098005 -0.418778
v -0.139696 -0.044256 -0.406836
v -0.141181 -0.017051 -0.428166
v -0.147474 -0.037271 -0.415585
v -0.145190 -0.049902 -0.397967
v -0.149091 -0.048964 -0.414473
v -0.156313 -0.028695 -0.418337
v -0.175190 -0.055231 -0.381130
v -0.187282 -0.049407 -0.393932
v -0.182810 -0.034408 -0.414732
v -0.218030 -0.048493 -0.386480
v -0.210547 -0.056704 -0.371423
v -0.228007 -0.061168 -0.361171
v -0.249590 -0.043325 -0.289242
v -0.227829 -0.066573 -0.382992
v -0.249230 -0.059420 -0.349253
v -0.208785 -0.021203 -0.412821
v -0.240693 -0.050764 -0.388518
v -0.187171 0.003703 -0.428669
v -0.240826 -0.023888 -0.395804
v -0.188866 0.064465 -0.423448
v -0.254185 -0.002303 -0.398721
v -0.256730 -0.032237 -0.382696
v -0.256304 -0.055951 -0.363554
v -0.279577 -0.057011 -0.356026
v -0.294791 -0.008847 -0.374526
v -0.269247 -0.063596 -0.338489
v -0.278286 -0.037924 -0.368262
v -0.289354 -0.065260 -0.339719
v -0.299902 -0.067543 -0.349727
v -0.296767 -0.039389 -0.358187
v -0.302885 -0.063396 -0.333644
v -0.312400 -0.060235 -0.345681
v -0.312537 -0.040202 -0.348975
v -0.316938 -0.070500 -0.339814
v -0.296555 -0.062422 -0.316696
v -0.307010 -0.062055 -0.325477
v -0.314663 -0.063708 -0.299448
v -0.296697 -0.050554 -0.250624
v -0.321645 -0.059009 -0.313889
v -0.341404 -0.064535 -0.294646
v -0.367441 -0.060739 -0.275218
v -0.337733 -0.051988 -0.201533
v -0.343929 -0.064742 -0.300322
v -0.323146 -0.056773 -0.321924
v -0.327267 -0.063269 -0.319966
v -0.327937 -0.059122 -0.330874
v -0.344455 -0.044602 -0.320531
v -0.326069 -0.055703 -0.341220
v -0.333692 -0.033987 -0.338474
v -0.355110 -0.036411 -0.316507
v -0.351819 -0.053585 -0.308395
v -0.379602 -0.018737 -0.301932
v -0.377256 -0.042705 -0.289261
v -0.319754 -0.012724 -0.354444
v -0.344623 -0.014581 -0.334409
v -0.281202 0.061014 -0.380047
v -0.322823 0.054547 -0.348893
v -0.378889 0.047532 -0.300971
v -0.242754 0.065445 -0.399123
v -0.276499 0.088382 -0.361944
v -0.252658 0.089766 -0.365418
v -0.210159 0.089390 -0.390763
v -0.230712 0.097503 -0.375501
v -0.202894 0.099118 -0.384250
v -0.184859 0.091805 -0.397484
v -0.245463 0.097326 -0.360368
v -0.215895 0.101186 -0.375954
v -0.243543 0.108409 -0.359949
v -0.245739 0.096802 -0.357359
v -0.248531 0.091825 -0.351816
v -0.213095 0.094839 -0.359740
v -0.228620 0.093281 -0.346645
v -0.193852 0.096294 -0.369369
v -0.199705 0.061736 -0.304151
v -0.268737 0.063172 -0.267321
v -0.120267 0.062202 -0.326203
v -0.261991 0.080634 -0.316561
v -0.186873 0.109909 -0.386169
v -0.176786 0.097068 -0.368011
v -0.181174 0.104730 -0.393632
v -0.153452 0.098977 -0.373502
v -0.174632 0.104659 -0.379754
v -0.175211 0.116698 -0.389935
v -0.167417 0.105821 -0.393003
v -0.155828 0.100738 -0.395520
v -0.132723 0.096621 -0.361451
v -0.133792 0.098415 -0.403989
v -0.132538 0.107436 -0.370833
v -0.137686 0.109479 -0.385331
v -0.111196 0.099447 -0.368289
v -0.060416 0.058865 -0.327980
v -0.111114 0.118358 -0.375237
v -0.083568 0.100925 -0.369759
v -0.064221 0.106869 -0.376205
v -0.112286 0.107626 -0.371545
v -0.073473 0.120832 -0.385617
v -0.064427 0.109464 -0.394628
v -0.096111 0.105041 -0.381460
v -0.103994 0.103994 -0.383135
v -0.095204 0.109076 -0.393745
v -0.080358 0.110327 -0.401482
v -0.084836 0.097398 -0.418365
v -0.112113 0.108549 -0.391991
v -0.104853 0.104712 -0.403131
v -0.126877 0.111328 -0.391273
v -0.072777 0.191577 0.336162
v -0.065423 0.098790 0.294157
v 0.012965 0.104414 0.276063
v 0.022817 0.194250 0.330535
v 0.020556 0.291755 0.340000
v -0.080178 0.284949 0.349093
v 0.138806 0.209188 0.268451
v 0.103534 0.114170 0.220049
v 0.131740 0.122285 0.152486
v 0.015724 0.330735 0.330016
v -0.082832 0.318434 0.340010
v -0.085563 0.352887 0.311126
v 0.140388 0.304487 0.274781
v 0.181431 0.215729 0.191228
v 0.165887 0.118937 0.089374
v 0.191988 0.304668 0.198117
v 0.134900 0.342825 0.265991
v 0.005144 0.370105 0.300780
v -0.088182 0.385938 0.253991
v 0.227311 0.221128 0.122192
v 0.177861 0.121474 -0.001366
v -0.011790 0.412612 0.242982
v 0.246185 0.211834 -0.002068
v -0.029731 0.415477 0.156984
v -0.088606 0.391286 0.161058
v -0.085053 0.355810 -0.001736
v 0.083429 0.415124 0.195938
v 0.116849 0.380849 0.241628
v 0.041963 0.386098 0.077728
v 0.186237 0.341957 0.189935
v 0.164989 0.378957 0.170533
v 0.129114 0.399500 0.137098
v 0.237538 0.306087 0.126529
v 0.228414 0.342145 0.119427
v 0.201309 0.377876 0.105153
v 0.257867 0.297288 -0.004286
v 0.250889 0.334529 -0.005282
v 0.226871 0.217236 -0.124821
v 0.163286 0.120139 -0.098481
v 0.127805 0.121991 -0.165924
v 0.236732 0.307946 -0.135854
v 0.177689 0.213082 -0.201298
v 0.187592 0.303761 -0.211751
v 0.126434 0.217014 -0.278277
v 0.088200 0.111089 -0.232765
v 0.008206 0.103371 -0.285013
v 0.018249 0.204037 -0.329439
v -0.065387 0.098336 -0.298278
v -0.072721 0.190871 -0.333813
v 0.016984 0.295784 -0.342389
v -0.080475 0.288696 -0.345535
v -0.083161 0.322589 -0.335884
v 0.128810 0.303996 -0.280104
v 0.011179 0.337622 -0.330558
v -0.085906 0.357221 -0.307051
v 0.123262 0.346057 -0.271142
v -0.000137 0.379522 -0.299799
v -0.088368 0.388282 -0.241029
v 0.180117 0.344558 -0.203752
v 0.105814 0.387705 -0.246706
v -0.012316 0.410459 -0.246104
v -0.088546 0.390525 -0.151682
v 0.072763 0.413789 -0.209895
v -0.028930 0.413933 -0.147881
v 0.157455 0.384997 -0.184145
v 0.038323 0.392723 -0.083522
v 0.123918 0.404054 -0.148573
v 0.067792 0.398847 -0.001201
v 0.154418 0.406208 -0.096479
v 0.163767 0.399529 0.082870
v 0.188979 0.392133 -0.004516
v 0.224697 0.371903 -0.006198
v 0.189244 0.384687 -0.119613
v 0.221856 0.346578 -0.131434
v -0.143717 0.091996 0.276063
v -0.065423 0.098790 0.294157
v -0.072777 0.191577 0.336162
v -0.167598 0.179157 0.330535
v -0.180726 0.275801 0.340000
v -0.080178 0.284949 0.349093
v -0.082832 0.318434 0.340010
v -0.284492 0.175637 0.268451
v -0.234692 0.087362 0.220049
v -0.263825 0.090932 0.152486
v -0.182095 0.315056 0.330016
v -0.085563 0.352887 0.311126
v -0.301068 0.269496 0.274781
v -0.327616 0.175381 0.191228
v -0.297018 0.082246 0.089374
v -0.352052 0.261547 0.198117
v -0.373773 0.173486 0.122192
v -0.309242 0.082865 -0.001366
v -0.301687 0.308221 0.265991
v -0.390948 0.161333 -0.002068
v -0.177849 0.355601 0.300780
v -0.088182 0.385938 0.253991
v -0.372725 0.169711 -0.124821
v -0.294638 0.083844 -0.098481
v -0.259893 0.091261 -0.165924
v -0.415945 0.243881 -0.004286
v -0.397257 0.255772 0.126530
v -0.352247 0.299276 0.189935
v -0.393927 0.292817 0.119428
v -0.289851 0.348614 0.241628
v -0.337093 0.339161 0.170533
v -0.262248 0.387725 0.195938
v -0.167823 0.400244 0.242982
v -0.150558 0.405900 0.156984
v -0.088606 0.391286 0.161058
v -0.085053 0.355810 -0.001736
v -0.216728 0.365593 0.077728
v -0.304901 0.365099 0.137098
v -0.372789 0.332372 0.105153
v -0.339127 0.359669 0.082871
v -0.244242 0.374115 -0.001201
v -0.362859 0.348394 -0.004516
v -0.414921 0.281756 -0.005282
v -0.394944 0.322790 -0.006198
v -0.330947 0.367738 -0.096479
v -0.396753 0.257735 -0.135854
v -0.388149 0.298228 -0.131433
v -0.361948 0.340999 -0.119613
v -0.330605 0.346312 -0.184145
v -0.346613 0.302808 -0.203751
v -0.347568 0.261343 -0.211750
v -0.323504 0.173356 -0.201298
v -0.273508 0.185314 -0.278276
v -0.219064 0.086735 -0.232764
v -0.138854 0.091715 -0.285013
v -0.290704 0.313246 -0.271142
v -0.164630 0.189542 -0.329439
v -0.065387 0.098336 -0.298278
v -0.072721 0.190871 -0.333813
v -0.289557 0.270836 -0.280104
v -0.177833 0.280342 -0.342389
v -0.080475 0.288696 -0.345535
v -0.178692 0.322573 -0.330558
v -0.083161 0.322589 -0.335884
v -0.085906 0.357221 -0.307051
v -0.174118 0.365732 -0.299799
v -0.088368 0.388282 -0.241029
v -0.280034 0.357122 -0.246706
v -0.166964 0.398201 -0.246104
v -0.088546 0.390525 -0.151682
v -0.251506 0.388087 -0.209895
v -0.151105 0.404249 -0.147881
v -0.300488 0.370415 -0.148573
v -0.214177 0.372710 -0.083522
v -0.127832 0.867231 -0.066353
v -0.128671 0.877814 -0.054564
v -0.118275 0.870095 -0.047959
v -0.126849 0.854826 -0.046701
v -0.129268 0.885356 -0.037572
v -0.106212 0.867246 -0.026226
v -0.115743 0.877325 -0.019600
v -0.132515 0.926313 -0.020124
v -0.092870 0.829922 -0.000002
v -0.125278 0.835007 -0.037291
v -0.088903 0.859317 -0.000002
v -0.104503 0.887924 -0.000002
v -0.135404 0.962772 -0.000002
v -0.132515 0.926313 0.020120
v -0.115743 0.877325 0.019596
v -0.129268 0.885356 0.037568
v -0.106212 0.867246 0.026221
v -0.118275 0.870095 0.047954
v -0.128671 0.877814 0.054560
v -0.127832 0.867232 0.066348
v -0.126849 0.854826 0.046696
v -0.125278 0.835008 0.037287
v -0.123653 0.814509 0.034138
v -0.123653 0.814509 -0.034142
v -0.094275 0.773421 -0.000002
v -0.101149 0.792920 0.037757
v -0.099287 0.801299 0.066543
v -0.124351 0.823320 0.076805
v -0.123625 0.814155 0.122065
v -0.120294 0.772134 0.036688
v -0.121090 0.782179 0.057865
v -0.098467 0.776851 0.017913
v -0.118718 0.752242 0.029129
v -0.094345 0.798870 0.088342
v -0.120669 0.776860 0.074712
v -0.098613 0.775586 0.093601
v -0.119955 0.767852 0.132069
v -0.117828 0.741019 0.097878
v -0.102214 0.746474 0.077175
v -0.118195 0.745646 0.053113
v -0.115179 0.707599 0.105663
v -0.101860 0.728582 0.082487
v -0.116145 0.719791 0.069396
v -0.095048 0.755792 -0.000002
v -0.116868 0.728903 0.035864
v -0.098467 0.776851 -0.017917
v -0.089566 0.731942 -0.000002
v -0.115080 0.706348 0.055530
v -0.118718 0.752242 -0.029133
v -0.116868 0.728902 -0.035867
v -0.120294 0.772134 -0.036692
v -0.115080 0.706348 -0.055534
v -0.101149 0.792920 -0.037761
v -0.081189 0.714267 -0.000002
v -0.114279 0.696241 -0.072864
v -0.114279 0.696241 0.072860
v -0.069889 0.704523 -0.000002
v -0.113525 0.686733 -0.064241
v -0.113525 0.686734 0.064238
v -0.074039 0.694460 -0.000002
v -0.099287 0.801299 -0.066547
v -0.124351 0.823320 -0.076810
v -0.121090 0.782179 -0.057869
v -0.123625 0.814155 -0.122069
v -0.094345 0.798869 -0.088346
v -0.120669 0.776860 -0.074715
v -0.098613 0.775585 -0.093605
v -0.119955 0.767852 -0.132073
v -0.117828 0.741018 -0.097881
v -0.102214 0.746474 -0.077179
v -0.118195 0.745646 -0.053117
v -0.115179 0.707598 -0.105667
v -0.101860 0.728581 -0.082491
v -0.116145 0.719791 -0.069400
v -0.127832 0.867231 -0.066353
v -0.137720 0.868554 -0.047959
v -0.128671 0.877814 -0.054564
v -0.126849 0.854826 -0.046701
v -0.129268 0.885356 -0.037572
v -0.149184 0.863840 -0.026226
v -0.141359 0.875294 -0.019600
v -0.132515 0.926313 -0.020124
v -0.156479 0.824880 -0.000002
v -0.125278 0.835007 -0.037291
v -0.165028 0.853284 -0.000002
v -0.154129 0.883991 -0.000002
v -0.135404 0.962772 -0.000002
v -0.132515 0.926313 0.020120
v -0.141359 0.875294 0.019596
v -0.129268 0.885356 0.037568
v -0.149184 0.863840 0.026221
v -0.137720 0.868554 0.047954
v -0.128671 0.877814 0.054560
v -0.127832 0.867232 0.066348
v -0.126849 0.854826 0.046696
v -0.125278 0.835008 0.037287
v -0.123653 0.814509 0.034138
v -0.123653 0.814509 -0.034142
v -0.146191 0.769306 -0.000002
v -0.142475 0.789645 0.037757
v -0.142475 0.789645 -0.037761
v -0.145634 0.797626 0.066543
v -0.124351 0.823320 0.076805
v -0.123625 0.814155 0.122065
v -0.142592 0.773353 0.017913
v -0.120294 0.772134 0.036688
v -0.121090 0.782179 0.057865
v -0.118718 0.752242 0.029129
v -0.150131 0.794448 0.088342
v -0.120669 0.776860 0.074712
v -0.142248 0.772127 0.093601
v -0.119955 0.767852 0.132069
v -0.117828 0.741019 0.097878
v -0.134107 0.743946 0.077175
v -0.118195 0.745646 0.053113
v -0.115179 0.707599 0.105663
v -0.131638 0.726222 0.082487
v -0.116145 0.719791 0.069396
v -0.142651 0.752019 -0.000002
v -0.116868 0.728903 0.035864
v -0.142592 0.773353 -0.017917
v -0.144307 0.727604 -0.000002
v -0.115080 0.706348 0.055530
v -0.118718 0.752242 -0.029133
v -0.116868 0.728902 -0.035867
v -0.120294 0.772134 -0.036692
v -0.115080 0.706348 -0.055534
v -0.145634 0.797625 -0.066547
v -0.124351 0.823320 -0.076810
v -0.121090 0.782179 -0.057869
v -0.123625 0.814155 -0.122069
v -0.150131 0.794448 -0.088346
v -0.120669 0.776860 -0.074715
v -0.142248 0.772127 -0.093605
v -0.119955 0.767852 -0.132073
v -0.117828 0.741018 -0.097881
v -0.134107 0.743946 -0.077179
v -0.118195 0.745646 -0.053117
v -0.115179 0.707598 -0.105667
v -0.131638 0.726221 -0.082491
v -0.116145 0.719791 -0.069400
v -0.149796 0.708829 -0.000002
v -0.114279 0.696241 -0.072864
v -0.114279 0.696241 0.072860
v -0.159419 0.697427 -0.000002
v -0.113525 0.686733 -0.064241
v -0.113525 0.686734 0.064238
v -0.153736 0.688143 -0.000002
v -0.108243 0.633019 -0.137305
v -0.046430 0.639000 -0.118552
v -0.048791 0.618065 -0.055092
v -0.106682 0.613331 -0.082775
v 0.004251 0.643400 -0.065959
v -0.070424 0.588844 -0.035691
v -0.104531 0.586192 -0.051769
v -0.024041 0.620076 -0.000002
v 0.022986 0.644483 -0.000002
v 0.004251 0.643400 0.065955
v -0.075888 0.561507 -0.028698
v -0.102440 0.559803 -0.040528
v -0.100621 0.536859 -0.036584
v -0.054518 0.590678 -0.000001
v -0.076209 0.538980 -0.025666
v -0.098745 0.513191 -0.000001
v -0.063474 0.563065 -0.000001
v -0.065359 0.540189 -0.000001
v -0.076209 0.538980 0.025663
v -0.100621 0.536859 0.036582
v -0.075888 0.561508 0.028696
v -0.102440 0.559804 0.040525
v -0.104531 0.586193 0.051766
v -0.070424 0.588844 0.035688
v -0.106682 0.613332 0.082772
v -0.048791 0.618065 0.055089
v -0.108243 0.633020 0.137301
v -0.046430 0.639001 0.118548
v -0.164596 0.608886 -0.055092
v -0.170226 0.629188 -0.118551
v -0.108243 0.633019 -0.137305
v -0.220967 0.625549 -0.065959
v -0.106682 0.613331 -0.082775
v -0.189354 0.606973 -0.000001
v -0.239638 0.623667 -0.000001
v -0.138630 0.583438 -0.035691
v -0.104531 0.586192 -0.051769
v -0.220967 0.625549 0.065956
v -0.128928 0.557303 -0.028698
v -0.102440 0.559803 -0.040528
v -0.100621 0.536859 -0.036584
v -0.164596 0.608886 0.055089
v -0.170226 0.629188 0.118548
v -0.108243 0.633020 0.137301
v -0.106682 0.613332 0.082772
v -0.138630 0.583438 0.035688
v -0.104531 0.586193 0.051766
v -0.154627 0.582743 -0.000001
v -0.128928 0.557304 0.028696
v -0.102440 0.559804 0.040525
v -0.100621 0.536859 0.036582
v -0.141433 0.556886 -0.000001
v -0.125063 0.535108 0.025663
v -0.098745 0.513191 -0.000001
v -0.135967 0.534592 -0.000001
v -0.125063 0.535107 -0.025666
v -0.108243 0.633019 -0.137305
v -0.111024 0.668115 -0.100714
v -0.061642 0.671821 -0.085058
v -0.046430 0.639000 -0.118552
v -0.112442 0.685995 -0.062053
v 0.004251 0.643400 -0.065959
v -0.071403 0.689282 -0.042156
v -0.028568 0.674376 -0.056757
v 0.022986 0.644483 -0.000002
v -0.113477 0.699055 -0.000002
v -0.016597 0.675544 -0.000002
v -0.048193 0.691051 -0.000002
v -0.071403 0.689282 0.042152
v -0.112442 0.685996 0.062050
v -0.028568 0.674376 0.056754
v 0.004251 0.643400 0.065955
v -0.061642 0.671821 0.085055
v -0.111024 0.668115 0.100710
v -0.046430 0.639001 0.118548
v -0.108243 0.633020 0.137301
v -0.108243 0.633019 -0.137305
v -0.170226 0.629188 -0.118551
v -0.160374 0.663995 -0.085058
v -0.111024 0.668115 -0.100714
v -0.220967 0.625549 -0.065959
v -0.112442 0.685995 -0.062053
v -0.193438 0.661308 -0.056757
v -0.239638 0.623667 -0.000001
v -0.153485 0.682776 -0.042156
v -0.113477 0.699055 -0.000002
v -0.205444 0.660576 -0.000002
v -0.176685 0.680866 -0.000002
v -0.153485 0.682776 0.042152
v -0.112442 0.685996 0.062050
v -0.193438 0.661308 0.056754
v -0.220967 0.625549 0.065956
v -0.160374 0.663996 0.085055
v -0.111024 0.668115 0.100710
v -0.170226 0.629188 0.118548
v -0.108243 0.633020 0.137301
v 0.539018 -0.304410 -0.269790
v 0.538131 -0.347275 -0.277046
v 0.530917 -0.343470 -0.287111
v 0.517314 -0.328668 -0.306837
v 0.546258 -0.349603 -0.260048
v 0.532238 -0.296122 -0.281234
v 0.548502 -0.307796 -0.255889
v 0.525508 -0.284379 -0.289161
v 0.504651 -0.307407 -0.320341
v 0.492869 -0.280865 -0.326988
v 0.540517 -0.258580 -0.245529
v 0.519481 -0.269887 -0.293012
v 0.514686 -0.254390 -0.292261
v 0.484276 -0.252411 -0.325523
v 0.477103 -0.224321 -0.315552
v 0.512539 -0.239431 -0.286886
v 0.512178 -0.226321 -0.277537
v 0.474039 -0.202000 -0.295765
v 0.476358 -0.184591 -0.274968
v 0.513769 -0.216959 -0.264679
v 0.517019 -0.211504 -0.249930
v 0.484904 -0.174044 -0.248008
v 0.496626 -0.172224 -0.219706
v 0.522080 -0.210654 -0.234959
v 0.528076 -0.214261 -0.220791
v 0.508109 -0.178537 -0.193372
v 0.521324 -0.192898 -0.172884
v 0.535215 -0.222671 -0.208574
v 0.542111 -0.234413 -0.199537
v 0.536765 -0.216528 -0.159102
v 0.551079 -0.241760 -0.157227
v 0.549530 -0.248438 -0.195673
v 0.555402 -0.263421 -0.196202
v 0.559775 -0.268368 -0.160156
v 0.566396 -0.295564 -0.167828
v 0.559247 -0.278053 -0.201452
v 0.560603 -0.290950 -0.210616
v 0.569305 -0.319564 -0.184638
v 0.566418 -0.336982 -0.203978
v 0.559839 -0.300721 -0.224850
v 0.554865 -0.307159 -0.239752
v 0.562331 -0.343727 -0.220608
v 0.559242 -0.347829 -0.230433
v 0.539018 -0.304410 0.269790
v 0.530917 -0.343470 0.287110
v 0.538131 -0.347275 0.277045
v 0.517314 -0.328668 0.306837
v 0.546258 -0.349603 0.260048
v 0.532238 -0.296122 0.281234
v 0.548502 -0.307796 0.255888
v 0.525508 -0.284379 0.289161
v 0.504651 -0.307407 0.320341
v 0.492869 -0.280865 0.326988
v 0.554865 -0.307158 0.239752
v 0.559242 -0.347828 0.230433
v 0.562331 -0.343727 0.220608
v 0.566418 -0.336982 0.203977
v 0.519481 -0.269887 0.293012
v 0.559839 -0.300721 0.224850
v 0.514686 -0.254390 0.292261
v 0.484276 -0.252411 0.325523
v 0.477103 -0.224321 0.315552
v 0.560603 -0.290950 0.210615
v 0.569305 -0.319564 0.184638
v 0.566396 -0.295564 0.167828
v 0.512539 -0.239431 0.286886
v 0.559247 -0.278053 0.201451
v 0.512178 -0.226321 0.277536
v 0.474039 -0.202000 0.295765
v 0.476358 -0.184591 0.274968
v 0.555402 -0.263421 0.196201
v 0.559775 -0.268368 0.160156
v 0.551079 -0.241760 0.157227
v 0.513769 -0.216959 0.264678
v 0.549530 -0.248438 0.195673
v 0.517019 -0.211504 0.249930
v 0.484904 -0.174044 0.248008
v 0.496626 -0.172224 0.219706
v 0.542111 -0.234413 0.199537
v 0.536765 -0.216528 0.159102
v 0.521324 -0.192898 0.172884
v 0.522080 -0.210654 0.234959
v 0.535215 -0.222671 0.208574
v 0.528076 -0.214261 0.220791
v 0.508109 -0.178537 0.193371
v 0.540517 -0.258580 0.245528
v 0.348880 -0.757158 -0.000001
v 0.243387 -0.776506 -0.000002
v 0.225515 -0.779769 -0.085762
v -0.000038 -0.800627 -0.000002
v 0.321669 -0.756506 -0.122024
v 0.460016 -0.708912 -0.000002
v 0.172790 -0.782408 -0.158401
v 0.421727 -0.709093 -0.154828
v 0.545087 -0.627443 -0.000002
v 0.246123 -0.759002 -0.227103
v 0.503323 -0.629407 -0.187829
v 0.592842 -0.543404 -0.000002
v 0.325734 -0.713043 -0.291528
v 0.554828 -0.545882 -0.213611
v 0.598546 -0.449413 -0.000002
v 0.394434 -0.634291 -0.356503
v 0.132792 -0.766407 -0.301700
v 0.566552 -0.443707 -0.221346
v 0.171103 -0.722085 -0.402684
v 0.117919 -0.776489 -0.261388
v 0.096966 -0.767793 -0.312943
v 0.434502 -0.549500 -0.405688
v 0.452392 -0.442832 -0.420616
v 0.221986 -0.558218 -0.560691
v 0.561097 -0.344143 -0.223902
v 0.597849 -0.352815 0.000054
v 0.579993 -0.254432 0.000112
v 0.449580 -0.337742 -0.424609
v 0.534073 -0.247693 -0.216597
v 0.492195 -0.161278 -0.200125
v 0.540172 -0.170504 0.000103
v 0.487693 -0.100539 0.000131
v 0.449424 -0.093952 -0.177797
v 0.421268 -0.035411 0.000182
v 0.403821 -0.162668 -0.369307
v 0.387006 -0.032933 -0.142570
v 0.317298 0.027550 0.000202
v 0.355723 -0.096000 -0.329195
v 0.439355 -0.240210 -0.409158
v 0.287225 0.029945 -0.107444
v 0.223644 0.076956 0.000195
v 0.293506 -0.036072 -0.277966
v 0.203636 0.070635 -0.079493
v 0.215331 0.028257 -0.212387
v 0.190423 -0.099708 -0.440843
v 0.137447 0.105940 -0.055535
v 0.151953 0.110042 0.000176
v 0.151034 0.069719 -0.151363
v 0.159422 -0.033999 -0.373676
v 0.116122 0.030539 -0.284872
v 0.214570 -0.165251 -0.496135
v 0.057261 -0.101162 -0.465707
v 0.230972 -0.243825 -0.540474
v 0.061267 -0.170639 -0.525652
v 0.064486 -0.238749 -0.567465
v 0.237292 -0.330898 -0.567098
v 0.062923 -0.281279 -0.585429
v -0.165041 -0.252875 -0.555209
v 0.258108 -0.437839 -0.569402
v 0.185402 -0.366829 -0.577122
v 0.205366 -0.439145 -0.583788
v 0.063570 -0.320764 -0.601787
v 0.167450 -0.453573 -0.597794
v 0.063336 -0.372135 -0.621539
v -0.101488 -0.359422 -0.597896
v -0.063608 -0.396621 -0.610704
v -0.110194 -0.447957 -0.593937
v 0.173719 -0.554228 -0.575297
v 0.132526 -0.551816 -0.575147
v 0.076546 -0.598019 -0.557098
v -0.156996 -0.441771 -0.579763
v -0.105001 -0.547892 -0.565328
v 0.087149 -0.636267 -0.531345
v 0.038783 -0.621999 -0.540453
v 0.141828 -0.640534 -0.523063
v 0.206679 -0.639618 -0.500982
v 0.089852 -0.675554 -0.501661
v 0.033877 -0.641047 -0.524399
v -0.024309 -0.615415 -0.539345
v 0.065270 -0.727786 -0.425223
v 0.031051 -0.678417 -0.491939
v -0.028384 -0.626750 -0.527296
v -0.064894 -0.589194 -0.551177
v -0.024401 -0.670867 -0.486527
v -0.007376 -0.722717 -0.426521
v -0.083877 -0.598823 -0.536086
v -0.110583 -0.632113 -0.504749
v -0.141177 -0.545715 -0.552068
v -0.179351 -0.546186 -0.539637
v -0.082426 -0.707696 -0.415922
v -0.210382 -0.436886 -0.567337
v 0.051028 -0.751734 -0.374078
v -0.010944 -0.741786 -0.383396
v 0.034773 -0.766969 -0.334263
v -0.017367 -0.760656 -0.344781
v -0.068972 -0.739385 -0.374037
v 0.075447 -0.773335 -0.302044
v -0.054365 -0.758972 -0.337604
v -0.127371 -0.742504 -0.342124
v -0.098422 -0.762608 -0.308676
v -0.043318 -0.766924 -0.311018
v -0.162303 -0.708238 -0.395594
v -0.018362 -0.768082 -0.315901
v -0.073544 -0.769420 -0.291074
v 0.017599 -0.772139 -0.307975
v -0.025219 -0.773601 -0.283949
v -0.047487 -0.774693 -0.272387
v -0.090737 -0.774417 -0.262016
v -0.056466 -0.777915 -0.251374
v -0.017873 -0.778455 -0.250051
v -0.121523 -0.769804 -0.272663
v -0.091072 -0.778113 -0.239973
v -0.047945 -0.781101 -0.230426
v -0.164164 -0.760111 -0.285430
v -0.123840 -0.777392 -0.230782
v -0.074652 -0.782805 -0.210791
v -0.025847 -0.782720 -0.219268
v -0.101218 -0.783971 -0.191179
v -0.044671 -0.785598 -0.191295
v -0.160206 -0.772852 -0.228497
v -0.019573 -0.786044 -0.187422
v -0.057090 -0.788171 -0.162249
v -0.136087 -0.781997 -0.180193
v -0.000451 -0.782164 -0.223165
v -0.015975 -0.788390 -0.156538
v -0.062994 -0.787749 -0.141751
v 0.007291 -0.785090 -0.191617
v -0.204659 -0.783876 -0.148889
v -0.009840 -0.789004 -0.131052
v -0.239505 -0.760574 -0.224183
v 0.017605 -0.787732 -0.161739
v 0.023047 -0.788809 -0.138616
v 0.027933 -0.783726 -0.202266
v 0.050922 -0.784917 -0.178075
v 0.016255 -0.780175 -0.240576
v 0.049061 -0.780842 -0.230159
v 0.069610 -0.785130 -0.159337
v 0.082444 -0.780165 -0.219153
v 0.016462 -0.777806 -0.263473
v 0.107013 -0.780904 -0.207443
v 0.053666 -0.778193 -0.263957
v 0.088909 -0.776629 -0.269688
v 0.044967 -0.776060 -0.285593
v 0.000017 -0.775218 -0.280631
v -0.224443 -0.782209 -0.086818
v -0.241699 -0.776826 -0.000001
v -0.300903 -0.762082 -0.184655
v -0.320673 -0.765331 -0.126118
v -0.347181 -0.766796 -0.000000
v -0.389800 -0.717709 -0.246092
v -0.414842 -0.716392 -0.162126
v -0.444428 -0.715477 0.000001
v -0.323131 -0.720768 -0.311030
v -0.520893 -0.637473 -0.199615
v -0.548912 -0.634241 0.000002
v -0.473575 -0.634913 -0.301548
v -0.573326 -0.543498 -0.222733
v -0.600042 -0.539889 0.000002
v -0.519517 -0.542777 -0.341152
v -0.580002 -0.443501 -0.237490
v -0.611592 -0.441791 0.000002
v -0.384632 -0.634119 -0.384369
v -0.579257 -0.342159 -0.238165
v -0.616202 -0.340130 -0.000107
v -0.528546 -0.443552 -0.357836
v -0.561606 -0.253692 -0.231239
v -0.596511 -0.251185 -0.000193
v -0.527675 -0.347496 -0.360378
v -0.509730 -0.256494 -0.348636
v -0.519741 -0.165650 -0.213011
v -0.554490 -0.161352 -0.000106
v -0.471133 -0.169799 -0.320187
v -0.464468 -0.087254 -0.186900
v -0.495014 -0.083332 -0.000134
v -0.420173 -0.093512 -0.280467
v -0.382797 -0.017582 -0.151736
v -0.408451 -0.017061 -0.000177
v -0.278920 0.043428 -0.108703
v -0.304607 0.049216 -0.000195
v -0.351485 -0.020973 -0.229681
v -0.193614 0.084574 -0.064082
v -0.209992 0.086719 -0.000202
v -0.255591 0.041914 -0.166038
v -0.278556 -0.026161 -0.288270
v -0.200341 0.036428 -0.197704
v -0.176318 0.084361 -0.104762
v -0.340276 -0.099309 -0.354099
v -0.141188 0.115208 -0.061163
v -0.158333 0.112927 -0.000193
v -0.103363 0.155435 -0.000128
v -0.144074 0.081374 -0.131856
v -0.111438 0.110001 -0.094662
v -0.097314 0.154408 -0.027113
v -0.082027 0.191203 -0.000100
v -0.078695 0.151617 -0.052071
v -0.079129 0.191302 -0.014545
v -0.072839 0.225092 -0.000090
v -0.069680 0.224872 -0.008886
v -0.063709 0.268042 -0.000079
v -0.067817 0.191991 -0.030197
v -0.048709 0.151293 -0.077208
v -0.080900 0.109103 -0.119877
v -0.105852 0.080129 -0.173088
v -0.045996 0.107578 -0.132796
v -0.140187 0.034435 -0.252801
v -0.049711 0.072874 -0.184694
v -0.189292 -0.030456 -0.343408
v -0.060528 0.030993 -0.273503
v 0.012028 0.102933 -0.137323
v 0.020795 0.073628 -0.206086
v -0.090609 -0.032404 -0.375279
v -0.232633 -0.103109 -0.413898
v 0.033720 0.029210 -0.297914
v -0.121583 -0.102193 -0.450187
v 0.047471 -0.033698 -0.399014
v 0.081691 0.070999 -0.198159
v -0.144625 -0.176656 -0.504398
v -0.266358 -0.173162 -0.466449
v -0.386921 -0.173572 -0.407125
v -0.303325 -0.261485 -0.507404
v -0.416235 -0.261295 -0.445900
v -0.237003 -0.352929 -0.564011
v -0.434470 -0.354796 -0.462550
v -0.335521 -0.357169 -0.525734
v -0.435465 -0.445507 -0.458472
v -0.339423 -0.448228 -0.518281
v -0.424082 -0.543886 -0.440187
v -0.326886 -0.545378 -0.493826
v -0.294902 -0.634388 -0.438399
v -0.238734 -0.445496 -0.558251
v -0.242054 -0.712724 -0.363716
v -0.200058 -0.633768 -0.471884
v -0.224576 -0.545935 -0.526955
v -0.136028 -0.329581 -0.580975
v 0.053346 0.103635 -0.132300
v 0.102046 0.103984 -0.102775
v 0.021297 0.145136 -0.074950
v 0.050685 0.145554 -0.058930
v -0.003716 0.145818 -0.078054
v -0.010621 0.197864 -0.036111
v 0.071493 0.147212 -0.032424
v 0.079035 0.148225 0.000098
v 0.000644 0.200208 -0.025779
v 0.007194 0.202085 -0.012470
v 0.008774 0.202837 0.000011
v -0.023319 0.232568 -0.017976
v -0.017113 0.235098 -0.006758
v -0.016805 0.235840 -0.000021
v -0.036024 0.274158 -0.004182
v -0.035979 0.274652 -0.000045
v -0.039470 0.272566 -0.009441
v -0.053481 0.319720 -0.001077
v -0.053470 0.319840 -0.000067
v -0.044090 0.270994 -0.012712
v -0.057240 0.327118 -0.000243
v -0.057238 0.327138 -0.000072
v -0.054321 0.319326 -0.002360
v -0.057926 0.327523 -0.000073
v -0.057382 0.327051 -0.000460
v -0.055446 0.318937 -0.003156
v -0.057573 0.326985 -0.000595
v -0.057944 0.326923 -0.000621
v -0.033434 0.229943 -0.024791
v -0.053101 0.269536 -0.013362
v -0.057642 0.318573 -0.003313
v -0.022649 0.196081 -0.040613
v -0.052604 0.227508 -0.024885
v -0.051522 0.193550 -0.039571
v -0.062703 0.225766 -0.019029
v -0.058337 0.268510 -0.010864
v -0.062415 0.268017 -0.005860
v -0.058918 0.318320 -0.002703
v -0.059912 0.318198 -0.001484
v -0.060228 0.318204 -0.000076
v -0.058160 0.326880 -0.000518
v -0.058328 0.326860 -0.000312
v -0.058382 0.326861 -0.000074
v 0.225515 -0.779770 0.085759
v 0.243387 -0.776506 -0.000002
v 0.348880 -0.757158 -0.000001
v -0.000038 -0.800627 -0.000002
v 0.321669 -0.756507 0.122021
v 0.460016 -0.708912 -0.000002
v 0.172790 -0.782409 0.158398
v 0.421728 -0.709093 0.154824
v 0.545087 -0.627443 -0.000002
v 0.246124 -0.759002 0.227100
v 0.503324 -0.629407 0.187825
v 0.592842 -0.543404 -0.000002
v 0.325736 -0.713043 0.291526
v 0.554829 -0.545882 0.213607
v 0.598546 -0.449413 -0.000002
v 0.394436 -0.634292 0.356500
v 0.132794 -0.766408 0.301699
v 0.566553 -0.443707 0.221342
v 0.117920 -0.776490 0.261386
v 0.561057 -0.344143 0.224003
v 0.597849 -0.352815 0.000054
v 0.579993 -0.254432 0.000112
v 0.452395 -0.442832 0.420612
v 0.434505 -0.549500 0.405684
v 0.221991 -0.558218 0.560690
v 0.449503 -0.337742 0.424691
v 0.533989 -0.247693 0.216803
v 0.492118 -0.161278 0.200312
v 0.540172 -0.170504 0.000103
v 0.487693 -0.100539 0.000131
v 0.258113 -0.437839 0.569400
v 0.449328 -0.093952 0.178039
v 0.421268 -0.035411 0.000182
v 0.403680 -0.162667 0.369461
v 0.439270 -0.240210 0.409249
v 0.386883 -0.032933 0.142905
v 0.317298 0.027550 0.000202
v 0.355545 -0.096000 0.329387
v 0.287087 0.029945 0.107810
v 0.223644 0.076956 0.000195
v 0.293266 -0.036072 0.278220
v 0.214380 -0.165250 0.496217
v 0.190185 -0.099707 0.440945
v 0.215060 0.028257 0.212662
v 0.230860 -0.243825 0.540522
v 0.203483 0.070635 0.079883
v 0.237253 -0.330898 0.567114
v 0.137319 0.105940 0.055853
v 0.151953 0.110042 0.000176
v 0.150743 0.069720 0.151652
v 0.071413 0.147212 0.032601
v 0.079035 0.148225 0.000098
v 0.101808 0.103985 0.103011
v 0.007164 0.202085 0.012489
v 0.008774 0.202837 0.000011
v 0.050539 0.145554 0.059056
v 0.000581 0.200208 0.025781
v -0.017130 0.235098 0.006717
v -0.016805 0.235840 -0.000021
v -0.023363 0.232568 0.017918
v -0.010711 0.197864 0.036085
v -0.036035 0.274158 0.004093
v -0.035979 0.274652 -0.000045
v -0.039494 0.272566 0.009342
v -0.053484 0.319720 0.000943
v -0.053470 0.319840 -0.000067
v -0.044121 0.270994 0.012602
v -0.057240 0.327118 0.000099
v -0.057238 0.327138 -0.000072
v -0.054327 0.319326 0.002223
v -0.057926 0.327523 -0.000073
v -0.057383 0.327051 0.000315
v -0.055454 0.318937 0.003017
v -0.057574 0.326986 0.000450
v -0.057945 0.326923 0.000475
v -0.033495 0.229943 0.024708
v -0.053135 0.269536 0.013229
v -0.057651 0.318573 0.003168
v -0.058161 0.326880 0.000371
v -0.058924 0.318320 0.002555
v -0.058364 0.268510 0.010718
v -0.058329 0.326860 0.000165
v -0.058382 0.326861 -0.000074
v -0.060228 0.318204 -0.000076
v -0.059915 0.318198 0.001333
v -0.063709 0.268042 -0.000079
v -0.062430 0.268017 0.005704
v -0.069702 0.224872 0.008714
v -0.072839 0.225092 -0.000090
v -0.062750 0.225766 0.018874
v -0.052665 0.227508 0.024754
v -0.079165 0.191302 0.014351
v -0.082027 0.191203 -0.000100
v -0.022749 0.196081 0.040557
v -0.051620 0.193550 0.039444
v -0.003909 0.145819 0.078045
v -0.067891 0.191991 0.030030
v -0.048900 0.151294 0.077088
v -0.078824 0.151617 0.051877
v -0.097381 0.154408 0.026873
v -0.103363 0.155435 -0.000128
v -0.141322 0.115208 0.060855
v -0.158333 0.112927 -0.000193
v -0.209992 0.086719 -0.000202
v -0.111657 0.110001 0.094404
v -0.193725 0.084574 0.063745
v -0.304607 0.049216 -0.000195
v -0.176503 0.084361 0.104450
v -0.279058 0.043428 0.108347
v -0.408451 -0.017061 -0.000177
v -0.255802 0.041914 0.165712
v -0.144297 0.081374 0.131612
v -0.382928 -0.017582 0.151404
v -0.495014 -0.083332 -0.000134
v -0.351684 -0.020973 0.229376
v -0.464569 -0.087254 0.186649
v -0.554490 -0.161352 -0.000106
v -0.420324 -0.093511 0.280240
v -0.519822 -0.165650 0.212812
v -0.596511 -0.251185 -0.000193
v -0.200590 0.036428 0.197451
v -0.561755 -0.253692 0.230876
v -0.616202 -0.340130 -0.000107
v -0.471255 -0.169799 0.320007
v -0.579340 -0.342159 0.237965
v -0.611592 -0.441791 0.000002
v -0.509955 -0.256494 0.348306
v -0.580000 -0.443501 0.237494
v -0.600042 -0.539889 0.000002
v -0.527800 -0.347496 0.360195
v -0.387077 -0.173571 0.406977
v -0.573324 -0.543498 0.222737
v -0.548912 -0.634241 0.000002
v -0.340467 -0.099309 0.353915
v -0.520891 -0.637474 0.199618
v -0.444428 -0.715477 0.000001
v -0.278805 -0.026161 0.288028
v -0.414841 -0.716393 0.162127
v -0.347181 -0.766796 -0.000000
v -0.473573 -0.634913 0.301551
v -0.320672 -0.765332 0.126117
v -0.241699 -0.776826 -0.000001
v -0.389799 -0.717710 0.246093
v -0.224443 -0.782209 0.086816
v -0.300902 -0.762083 0.184655
v -0.204659 -0.783877 0.148888
v -0.239504 -0.760574 0.224182
v -0.323129 -0.720768 0.311031
v -0.519514 -0.542777 0.341155
v -0.384629 -0.634119 0.384371
v -0.528544 -0.443552 0.357840
v -0.424079 -0.543886 0.440190
v -0.435461 -0.445507 0.458475
v -0.326882 -0.545378 0.493828
v -0.294899 -0.634388 0.438400
v -0.242051 -0.712724 0.363717
v -0.200055 -0.633768 0.471885
v -0.339420 -0.448228 0.518284
v -0.224572 -0.545935 0.526956
v -0.434630 -0.354796 0.462399
v -0.416523 -0.261295 0.445631
v -0.335703 -0.357169 0.525618
v -0.238729 -0.445496 0.558253
v -0.303652 -0.261485 0.507208
v -0.237198 -0.352929 0.563929
v -0.266536 -0.173161 0.466347
v -0.165260 -0.252874 0.555143
v -0.210378 -0.436886 0.567339
v -0.232856 -0.103108 0.413772
v -0.136024 -0.329580 0.580976
v -0.189590 -0.030456 0.343244
v -0.144818 -0.176655 0.504342
v -0.140506 0.034436 0.252624
v -0.090934 -0.032403 0.375200
v -0.106145 0.080129 0.172909
v -0.121826 -0.102192 0.450121
v -0.060873 0.030994 0.273426
v -0.050056 0.072874 0.184600
v -0.081177 0.109103 0.119689
v -0.046303 0.107578 0.132689
v 0.011710 0.102933 0.137351
v 0.020449 0.073628 0.206121
v 0.021111 0.145136 0.075003
v 0.053040 0.103635 0.132423
v 0.081311 0.071000 0.198315
v 0.033344 0.029210 0.297956
v 0.115761 0.030539 0.285018
v 0.047125 -0.033697 0.399054
v 0.159098 -0.033999 0.373813
v 0.057010 -0.101162 0.465737
v 0.061066 -0.170638 0.525675
v 0.064350 -0.238749 0.567480
v 0.062840 -0.281279 0.585438
v -0.101484 -0.359422 0.597897
v 0.063532 -0.320763 0.601790
v 0.185406 -0.366829 0.577120
v 0.063341 -0.372134 0.621539
v -0.063603 -0.396621 0.610704
v 0.167454 -0.453572 0.597793
v -0.110190 -0.447957 0.593938
v 0.205370 -0.439145 0.583787
v -0.156991 -0.441770 0.579764
v -0.104997 -0.547892 0.565328
v 0.173724 -0.554227 0.575296
v 0.132530 -0.551815 0.575146
v 0.076549 -0.598019 0.557098
v -0.179347 -0.546186 0.539638
v -0.141173 -0.545715 0.552069
v -0.110579 -0.632113 0.504750
v -0.083873 -0.598823 0.536086
v -0.064890 -0.589194 0.551177
v -0.028380 -0.626750 0.527296
v -0.024306 -0.615415 0.539345
v -0.162301 -0.708238 0.395595
v 0.033881 -0.641047 0.524399
v 0.038787 -0.621999 0.540453
v -0.024397 -0.670868 0.486527
v -0.082424 -0.707696 0.415922
v -0.164163 -0.760111 0.285429
v -0.127370 -0.742505 0.342123
v -0.160205 -0.772853 0.228496
v -0.121522 -0.769805 0.272661
v -0.123840 -0.777393 0.230780
v -0.136086 -0.781998 0.180191
v -0.101218 -0.783972 0.191177
v -0.062994 -0.787750 0.141748
v -0.057090 -0.788172 0.162247
v -0.074652 -0.782806 0.210789
v -0.044670 -0.785599 0.191292
v -0.015975 -0.788391 0.156535
v -0.019573 -0.786045 0.187419
v -0.025847 -0.782722 0.219266
v -0.091071 -0.778114 0.239971
v -0.047944 -0.781103 0.230424
v -0.000451 -0.782165 0.223162
v -0.090737 -0.774418 0.262014
v 0.007291 -0.785091 0.191614
v -0.056465 -0.777916 0.251372
v -0.098421 -0.762609 0.308675
v -0.073543 -0.769421 0.291072
v -0.068970 -0.739386 0.374036
v -0.054364 -0.758974 0.337603
v -0.010942 -0.741787 0.383394
v -0.007373 -0.722717 0.426521
v -0.017365 -0.760657 0.344779
v 0.031054 -0.678417 0.491938
v 0.051030 -0.751735 0.374077
v 0.065273 -0.727786 0.425222
v 0.089856 -0.675554 0.501661
v 0.087152 -0.636267 0.531344
v 0.141832 -0.640534 0.523062
v 0.206683 -0.639618 0.500981
v 0.171106 -0.722086 0.402682
v 0.096967 -0.767794 0.312941
v 0.034774 -0.766970 0.334261
v 0.075448 -0.773336 0.302042
v -0.018361 -0.768083 0.315899
v 0.017600 -0.772140 0.307973
v -0.043317 -0.766925 0.311016
v -0.025219 -0.773602 0.283947
v -0.047486 -0.774694 0.272385
v 0.000018 -0.775220 0.280629
v -0.017873 -0.778457 0.250049
v 0.044968 -0.776061 0.285591
v 0.016463 -0.777807 0.263471
v 0.016256 -0.780176 0.240573
v 0.027933 -0.783727 0.202263
v 0.049061 -0.780843 0.230156
v 0.053666 -0.778194 0.263955
v 0.088910 -0.776630 0.269686
v 0.082445 -0.780167 0.219151
v 0.107014 -0.780905 0.207440
v 0.050922 -0.784919 0.178072
v 0.069610 -0.785131 0.159334
v 0.023047 -0.788810 0.138613
v 0.017605 -0.787733 0.161736
v -0.009840 -0.789005 0.131049
v -0.062620 0.086678 0.345894
v -0.080644 0.103216 0.375551
v -0.064117 0.105561 0.380342
v -0.105212 0.081066 0.340985
v -0.072789 0.109550 0.390276
v -0.064356 0.108577 0.406876
v -0.110456 0.101457 0.372348
v -0.160489 0.075024 0.327559
v -0.072677 0.114922 0.412227
v -0.179199 0.097203 0.365720
v -0.200244 0.068925 0.309829
v -0.083365 0.119350 0.391118
v -0.093048 0.101959 0.420817
v -0.062338 0.083114 0.434803
v -0.078857 0.138559 0.412997
v -0.099873 0.118588 0.410551
v -0.145171 0.107836 0.400629
v -0.103815 0.054424 0.441574
v -0.060495 0.059865 0.448355
v -0.142877 0.090215 0.417435
v -0.169894 0.100632 0.391197
v -0.095315 -0.006796 0.439568
v -0.055452 -0.003758 0.447904
v -0.177044 0.052439 0.427707
v -0.191363 0.083529 0.400826
v -0.075280 -0.043458 0.433135
v -0.052834 -0.036792 0.441325
v -0.051324 -0.055844 0.443655
v -0.178507 0.113461 0.390092
v -0.070396 -0.049457 0.417146
v -0.051789 -0.049975 0.410698
v -0.052191 -0.044905 0.368597
v -0.187697 0.104659 0.392653
v -0.186995 0.122581 0.386947
v -0.089735 -0.051038 0.403240
v -0.094444 -0.043619 0.360622
v -0.196663 0.109981 0.384556
v -0.179861 0.109325 0.377440
v -0.214835 0.085950 0.391790
v -0.225690 0.092773 0.374059
v -0.214136 0.092207 0.343503
v -0.254575 0.095260 0.358199
v -0.250657 0.087702 0.312265
v -0.255590 0.061677 0.275354
v -0.252198 0.093626 0.346112
v -0.263483 0.077901 0.286537
v -0.305370 0.058275 0.231490
v -0.259622 0.091595 0.326669
v -0.251991 0.108836 0.304624
v -0.265307 0.092388 0.334048
v -0.253614 0.106157 0.315849
v -0.251731 0.109292 0.351624
v -0.285135 0.097125 0.334853
v -0.276488 0.095182 0.354481
v -0.256918 0.079823 0.375004
v -0.301862 0.076297 0.347990
v -0.254401 0.049770 0.395341
v -0.320737 0.045166 0.356633
v -0.244811 -0.008593 0.402317
v -0.309285 0.087683 0.328428
v -0.163299 -0.003992 0.429334
v -0.339845 0.066998 0.325450
v -0.110473 -0.035040 0.433980
v -0.085713 -0.059718 0.435745
v -0.116565 -0.047498 0.419528
v -0.144478 -0.048584 0.399568
v -0.143945 -0.046729 0.352125
v -0.146197 -0.039262 0.417388
v -0.169537 -0.031885 0.420781
v -0.159146 -0.068507 0.427365
v -0.161789 -0.052560 0.428389
v -0.151996 -0.054417 0.427366
v -0.169915 -0.053558 0.417259
v -0.163941 -0.055787 0.399997
v -0.194644 -0.043968 0.408639
v -0.189148 -0.051812 0.394953
v -0.200375 -0.056544 0.387882
v -0.210519 -0.048733 0.323478
v -0.234443 -0.034053 0.395465
v -0.187158 -0.059222 0.422775
v -0.207348 -0.047745 0.407640
v -0.218857 -0.056176 0.395242
v -0.240928 -0.053742 0.385365
v -0.283228 -0.037681 0.368200
v -0.235091 -0.058818 0.371559
v -0.257392 -0.053862 0.382687
v -0.239048 -0.068526 0.390923
v -0.247063 -0.060641 0.362628
v -0.256497 -0.065348 0.372264
v -0.283524 -0.063741 0.331436
v -0.268222 -0.046897 0.276887
v -0.287900 -0.058457 0.345774
v -0.322006 -0.062914 0.302809
v -0.326499 -0.051820 0.217817
v -0.317346 -0.009410 0.360097
v -0.332626 -0.052402 0.320559
v -0.382610 0.042554 0.300047
v -0.376630 -0.017292 0.299858
v -0.334053 -0.070699 0.316172
v -0.354364 0.077127 0.291965
v -0.367068 -0.068991 0.268264
v -0.310716 0.095691 0.305704
v -0.389147 -0.070375 0.242615
v -0.281866 0.108147 0.312572
v -0.417284 -0.064500 0.193574
v -0.361759 -0.057621 0.164261
v -0.274831 0.105394 0.329121
v -0.264270 0.102310 0.326125
v -0.256315 0.115948 0.328837
v -0.259323 0.112579 0.303598
v -0.294798 0.094830 0.283254
v -0.287932 0.082176 0.273216
v -0.313634 0.084662 0.271996
v -0.329859 0.077669 0.242253
v -0.350691 0.060063 0.177669
v -0.346246 0.084043 0.267850
v -0.374822 0.076721 0.186796
v -0.386780 0.069222 0.132661
v -0.370710 0.085344 0.231551
v -0.363322 0.081764 0.265438
v -0.374090 0.087622 0.267915
v -0.375555 0.081095 0.251002
v -0.377272 0.062905 0.289623
v -0.388480 0.092865 0.250931
v -0.384918 0.078326 0.267672
v -0.394013 0.078828 0.247428
v -0.408042 0.061496 0.255014
v -0.402416 0.094724 0.211286
v -0.388444 0.091303 0.201881
v -0.414113 0.039224 0.264656
v -0.411473 0.099304 0.169125
v -0.416296 0.088241 0.218094
v -0.433584 0.037049 0.233361
v -0.408866 -0.013331 0.272968
v -0.393410 0.089509 0.178153
v -0.409752 0.092583 0.167625
v -0.419328 0.091435 0.177425
v -0.424895 0.077246 0.207629
v -0.427911 0.083137 0.172665
v -0.403819 0.079612 0.168540
v -0.407429 0.082184 0.142317
v -0.431952 0.064000 0.201242
v -0.434978 0.088817 0.147372
v -0.421454 0.085882 0.104287
v -0.400952 0.069767 0.099970
v -0.433138 0.089787 0.096425
v -0.430751 0.078185 0.088398
v -0.446772 0.085254 0.092454
v -0.453974 0.071665 0.092272
v -0.460398 0.070472 0.149707
v -0.453737 0.075957 0.009949
v -0.422461 0.071505 0.009733
v -0.465059 0.033645 0.184245
v -0.462154 0.058216 0.116964
v -0.471374 0.067412 0.052859
v -0.484563 0.034415 0.103436
v -0.464805 -0.017877 0.185862
v -0.437245 -0.013350 0.234008
v -0.488371 -0.006460 0.125832
v -0.461645 -0.034285 0.181011
v -0.476102 -0.047415 0.145406
v -0.445627 -0.045505 0.192224
v -0.482747 -0.032330 0.114034
v -0.459041 -0.056144 0.157357
v -0.468981 -0.076165 0.096856
v -0.495499 -0.008213 0.074192
v -0.475108 -0.058537 0.092597
v -0.460415 -0.074390 0.121369
v -0.504907 -0.013764 0.005739
v -0.449761 -0.075263 0.116810
v -0.448576 -0.066013 0.143920
v -0.444957 -0.074184 0.156738
v -0.436171 -0.070203 0.148810
v -0.456838 -0.075329 0.090877
v -0.384488 -0.059203 0.113068
v -0.396350 -0.059340 0.066235
v -0.432790 -0.059377 0.195688
v -0.406301 -0.056652 0.227285
v -0.418846 -0.041170 0.231407
v -0.406473 -0.057536 0.246832
v -0.395719 -0.070123 0.265931
v -0.404953 -0.043072 0.260783
v -0.385378 -0.052384 0.269304
v -0.366923 -0.042076 0.295782
v -0.359930 -0.073610 0.311038
v -0.354981 -0.077776 0.305907
v -0.352290 -0.060635 0.313813
v -0.346144 -0.080027 0.330518
v -0.343023 -0.062964 0.326771
v -0.459490 -0.077341 0.029439
v -0.449456 -0.076210 -0.016254
v -0.396452 -0.055140 -0.013548
v -0.466880 -0.070703 0.056323
v -0.432288 -0.075994 -0.096056
v -0.377994 -0.054980 -0.100891
v -0.470145 -0.065063 0.087133
v -0.403907 -0.075120 -0.176919
v -0.480018 -0.056035 0.051792
v -0.390043 -0.072947 -0.220212
v -0.490382 -0.031858 0.042263
v -0.491492 -0.036468 0.011434
v -0.479385 -0.078816 0.055087
v -0.487649 -0.064037 0.038751
v -0.478595 -0.072029 0.022046
v -0.476862 -0.054036 -0.013770
v -0.492036 -0.037439 -0.038953
v -0.458630 -0.071301 -0.047802
v -0.474316 -0.064603 -0.052136
v -0.468398 -0.061569 -0.080889
v -0.478291 -0.056185 -0.080472
v -0.498467 -0.017921 -0.054146
v -0.468432 -0.065557 -0.108651
v -0.476939 -0.061455 -0.105121
v -0.445062 -0.064118 -0.136945
v -0.477272 -0.058502 -0.129359
v -0.465118 -0.057228 -0.124537
v -0.482236 -0.047803 -0.105586
v -0.486645 -0.038311 -0.082313
v -0.477523 -0.042528 -0.116546
v -0.470255 -0.042569 -0.123181
v -0.488022 -0.022790 -0.100780
v -0.453378 -0.049388 -0.157576
v -0.491744 0.033799 -0.091873
v -0.426761 -0.059945 -0.197511
v -0.470588 -0.021572 -0.169026
v -0.406270 -0.069152 -0.235779
v -0.429650 -0.050534 -0.221541
v -0.400322 -0.065406 -0.241575
v -0.413433 -0.068674 -0.244399
v -0.404265 -0.056457 -0.248076
v -0.411220 -0.041689 -0.244077
v -0.446756 -0.035823 -0.199978
v -0.425080 -0.020453 -0.248073
v -0.424524 0.039311 -0.248370
v -0.467936 0.035999 -0.168100
v -0.382035 0.076963 -0.265222
v -0.468894 0.064364 -0.104074
v -0.345395 0.085002 -0.280866
v -0.456704 0.070394 -0.128667
v -0.338261 0.085222 -0.306841
v -0.456680 0.087151 -0.122523
v -0.292048 0.088117 -0.325634
v -0.434003 0.080174 -0.146385
v -0.283238 0.094189 -0.341665
v -0.421006 0.087477 -0.175473
v -0.278575 0.103984 -0.344857
v -0.265911 0.097803 -0.356158
v -0.267250 0.090645 -0.337331
v -0.299848 0.090302 -0.307040
v -0.290809 0.082924 -0.282097
v -0.328854 0.102184 -0.279723
v -0.306465 0.080916 -0.261757
v -0.313622 0.102471 -0.280798
v -0.326763 0.061641 -0.212185
v -0.328961 0.099846 -0.264978
v -0.321906 0.118411 -0.259386
v -0.312900 0.102130 -0.259284
v -0.322156 0.100626 -0.257975
v -0.326286 0.082761 -0.257107
v -0.335551 0.106101 -0.258083
v -0.337026 0.077438 -0.235193
v -0.345243 0.104526 -0.268084
v -0.338558 0.099029 -0.248685
v -0.359759 0.095903 -0.264676
v -0.343741 0.116974 -0.261532
v -0.358500 0.097649 -0.253001
v -0.359275 0.084591 -0.230746
v -0.378542 0.083654 -0.242236
v -0.387520 0.081585 -0.192683
v -0.362055 0.065353 -0.170893
v -0.394770 0.079283 -0.228621
v -0.429016 0.065008 -0.202310
v -0.411000 0.088658 -0.205155
v -0.409474 0.101610 -0.201500
v -0.399039 0.087601 -0.215048
v -0.399885 0.107989 -0.213554
v -0.390683 0.099690 -0.203619
v -0.433082 0.079852 -0.118663
v -0.401281 0.070214 -0.104043
v -0.415161 0.070948 -0.061428
v -0.461464 0.072490 -0.093682
v -0.444523 0.075845 -0.091355
v -0.475917 0.060119 -0.052411
v -0.465639 0.070089 -0.074124
v -0.454521 0.074939 -0.064412
v -0.456272 0.078365 -0.016135
v -0.468147 0.087687 -0.076480
v -0.465949 0.077793 -0.041434
v -0.472928 0.071170 -0.047258
v -0.469476 0.074436 -0.024356
v -0.485350 0.060093 -0.008887
v -0.474628 0.076288 -0.017146
v -0.468585 0.084846 -0.018393
v -0.500079 0.035645 0.013133
v -0.481478 0.068106 0.007204
v -0.490188 0.055144 0.030253
v -0.468191 0.076509 0.014972
v 0.234226 0.298921 -0.315050
v 0.233361 0.307449 -0.326237
v 0.205021 0.292903 -0.294307
v 0.228847 0.270025 -0.316221
v 0.211351 0.286721 -0.289487
v 0.182438 0.270462 -0.266794
v 0.231520 0.269178 -0.308024
v 0.190730 0.267318 -0.264263
v 0.184495 0.115311 -0.247550
v 0.231731 0.121557 -0.287784
v 0.229681 0.112143 -0.295246
v 0.192532 0.124168 -0.246409
v 0.205021 0.292903 -0.294307
v 0.233361 0.307449 -0.326237
v 0.223806 0.297645 -0.325636
v 0.228847 0.270025 -0.316221
v 0.201155 0.285294 -0.300149
v 0.182438 0.270462 -0.266794
v 0.220828 0.267967 -0.318331
v 0.180272 0.266039 -0.274810
v 0.182104 0.122892 -0.256985
v 0.184495 0.115311 -0.247550
v 0.229681 0.112143 -0.295246
v 0.221299 0.120398 -0.298351
v -0.073556 0.274443 -0.446242
v -0.081532 0.282613 -0.454474
v -0.081774 0.270216 -0.411112
v -0.078608 0.245736 -0.442133
v -0.073893 0.263970 -0.411377
v -0.080690 0.249568 -0.374471
v -0.071188 0.245070 -0.437717
v -0.072827 0.246207 -0.377897
v -0.067735 0.095157 -0.353718
v -0.058894 0.098282 -0.415372
v -0.065447 0.088700 -0.419141
v -0.060880 0.103746 -0.358612
v -0.081774 0.270216 -0.411112
v -0.081532 0.282613 -0.454474
v -0.088380 0.273193 -0.447225
v -0.078608 0.245736 -0.442133
v -0.088601 0.262558 -0.412557
v -0.080690 0.249568 -0.374471
v -0.086032 0.243904 -0.438314
v -0.087654 0.244957 -0.378825
v -0.075705 0.102497 -0.359582
v -0.067735 0.095157 -0.353718
v -0.065447 0.088700 -0.419141
v -0.073714 0.097151 -0.416338
v -0.365823 0.247658 -0.292944
v -0.396101 0.257557 -0.324874
v -0.395611 0.248999 -0.313687
v -0.385747 0.221312 -0.314858
v -0.371100 0.240555 -0.288124
v -0.339987 0.229054 -0.265431
v -0.388254 0.220054 -0.306660
v -0.347679 0.224643 -0.262900
v -0.317577 0.075517 -0.246186
v -0.365207 0.074243 -0.286420
v -0.361700 0.065270 -0.293883
v -0.326909 0.082997 -0.245045
v -0.385121 0.249381 -0.324272
v -0.396101 0.257557 -0.324874
v -0.365823 0.247658 -0.292944
v -0.385747 0.221312 -0.314858
v -0.360807 0.240752 -0.298785
v -0.339987 0.229054 -0.265431
v -0.377504 0.220543 -0.316968
v -0.337151 0.225027 -0.273446
v -0.316409 0.083379 -0.255622
v -0.317577 0.075517 -0.246186
v -0.361700 0.065270 -0.293883
v -0.354723 0.074742 -0.296987
v -0.525266 0.238578 -0.005694
v -0.533904 0.246740 0.001843
v -0.489682 0.237887 0.001577
v -0.518665 0.210843 0.001658
v -0.489663 0.230971 -0.005723
v -0.451515 0.220193 0.000944
v -0.514428 0.209879 -0.005832
v -0.454882 0.215893 -0.006471
v -0.418531 0.067375 0.000585
v -0.480467 0.064815 -0.006247
v -0.483241 0.055578 0.001240
v -0.424314 0.074914 -0.006801
v -0.489682 0.237887 0.001577
v -0.533904 0.246740 0.001843
v -0.525708 0.238562 0.009208
v -0.518665 0.210843 0.001658
v -0.490291 0.230769 0.009085
v -0.451515 0.220193 0.000944
v -0.514493 0.209979 0.009069
v -0.455269 0.215882 0.008432
v -0.424743 0.074899 0.008102
v -0.418531 0.067375 0.000585
v -0.483241 0.055578 0.001240
v -0.480901 0.064918 0.008641
v -0.395587 0.249003 0.314162
v -0.396076 0.257561 0.325349
v -0.365798 0.247661 0.293419
v -0.385723 0.221315 0.315333
v -0.371076 0.240559 0.288599
v -0.339963 0.229057 0.265906
v -0.388229 0.220057 0.307136
v -0.347655 0.224646 0.263375
v -0.317553 0.075520 0.246662
v -0.365183 0.074246 0.286896
v -0.361675 0.065273 0.294359
v -0.326885 0.083000 0.245521
v -0.365798 0.247661 0.293419
v -0.396076 0.257561 0.325349
v -0.385096 0.249384 0.324747
v -0.385723 0.221315 0.315333
v -0.360782 0.240756 0.299260
v -0.339963 0.229057 0.265906
v -0.377480 0.220546 0.317443
v -0.337127 0.225031 0.273921
v -0.316385 0.083382 0.256098
v -0.317553 0.075520 0.246662
v -0.361675 0.065273 0.294359
v -0.354698 0.074745 0.297463
v -0.081774 0.270218 0.411111
v -0.081532 0.282616 0.454473
v -0.073556 0.274445 0.446241
v -0.078608 0.245738 0.442132
v -0.073893 0.263972 0.411376
v -0.080690 0.249570 0.374470
v -0.071188 0.245072 0.437716
v -0.072827 0.246209 0.377896
v -0.067735 0.095158 0.353718
v -0.058894 0.098285 0.415372
v -0.065447 0.088703 0.419141
v -0.060880 0.103748 0.358612
v -0.088380 0.273196 0.447224
v -0.081532 0.282616 0.454473
v -0.081774 0.270218 0.411111
v -0.078608 0.245738 0.442132
v -0.088601 0.262560 0.412556
v -0.080690 0.249570 0.374470
v -0.086032 0.243907 0.438313
v -0.087654 0.244959 0.378824
v -0.075705 0.102499 0.359582
v -0.067735 0.095158 0.353718
v -0.065447 0.088703 0.419141
v -0.073713 0.097153 0.416338
v 0.205021 0.292905 0.294306
v 0.233361 0.307451 0.326236
v 0.234226 0.298923 0.315049
v 0.228847 0.270027 0.316220
v 0.211351 0.286723 0.289486
v 0.182438 0.270464 0.266793
v 0.231520 0.269180 0.308023
v 0.190730 0.267320 0.264262
v 0.184495 0.115313 0.247549
v 0.231732 0.121558 0.287784
v 0.229681 0.112145 0.295246
v 0.192532 0.124170 0.246408
v 0.223806 0.297647 0.325635
v 0.233361 0.307451 0.326236
v 0.205021 0.292905 0.294306
v 0.228847 0.270027 0.316220
v 0.201155 0.285295 0.300148
v 0.182438 0.270464 0.266793
v 0.220828 0.267969 0.318330
v 0.180272 0.266041 0.274808
v 0.182104 0.122893 0.256985
v 0.184495 0.115313 0.247549
v 0.229681 0.112145 0.295246
v 0.221299 0.120400 0.298350
v -0.159194 0.096301 -0.364791
v -0.171742 0.080707 -0.356365
v -0.185734 0.088105 -0.364997
v -0.232213 0.075046 -0.333309
v -0.176338 0.099739 -0.371047
v -0.170712 0.166528 -0.377758
v -0.185567 0.156007 -0.381437
v -0.187926 0.179383 -0.374585
v -0.198429 0.165505 -0.379289
v -0.228862 0.084067 -0.348554
v -0.241556 0.161468 -0.362845
v -0.248397 0.173722 -0.351529
v -0.261025 0.158073 -0.343325
v -0.241633 0.093627 -0.346152
v -0.249507 0.087847 -0.330358
v -0.250861 0.149895 -0.356542
v -0.382577 0.080526 -0.188027
v -0.384349 0.065868 -0.172102
v -0.400352 0.073095 -0.168017
v -0.407822 0.063423 -0.111575
v -0.398832 0.084045 -0.179765
v -0.401890 0.150080 -0.192708
v -0.414306 0.139774 -0.183515
v -0.411485 0.163598 -0.178678
v -0.421637 0.149754 -0.173175
v -0.417093 0.071351 -0.124850
v -0.438378 0.148010 -0.130009
v -0.434958 0.161153 -0.118152
v -0.436946 0.146429 -0.102313
v -0.424178 0.081406 -0.114411
v -0.417634 0.076875 -0.097633
v -0.439651 0.137134 -0.118162
v 0.099827 0.112445 0.342791
v 0.103853 0.104753 0.326991
v 0.118309 0.120629 0.323738
v 0.044853 0.098296 0.353407
v 0.110469 0.124282 0.340172
v 0.117556 0.191263 0.339322
v 0.109867 0.180877 0.352659
v 0.102796 0.204000 0.348889
v 0.098998 0.190294 0.359967
v 0.057749 0.107840 0.361630
v 0.056920 0.185690 0.378806
v 0.043796 0.197544 0.375304
v 0.029442 0.181621 0.378773
v 0.046764 0.117311 0.368694
v 0.030194 0.110987 0.363188
v 0.046161 0.173905 0.381181
v -0.185734 0.088107 0.364997
v -0.171742 0.080709 0.356365
v -0.159194 0.096303 0.364791
v -0.232213 0.075048 0.333309
v -0.176338 0.099741 0.371047
v -0.170712 0.166530 0.377758
v -0.185567 0.156009 0.381436
v -0.187926 0.179385 0.374584
v -0.198429 0.165507 0.379288
v -0.228862 0.084069 0.348554
v -0.241556 0.161470 0.362845
v -0.248397 0.173723 0.351528
v -0.261025 0.158075 0.343324
v -0.241633 0.093629 0.346152
v -0.249507 0.087849 0.330358
v -0.250861 0.149897 0.356541
v -0.400352 0.073096 0.168017
v -0.384349 0.065869 0.172102
v -0.382577 0.080527 0.188027
v -0.407822 0.063424 0.111576
v -0.398832 0.084046 0.179765
v -0.401890 0.150081 0.192707
v -0.414306 0.139775 0.183515
v -0.411485 0.163599 0.178678
v -0.421637 0.149755 0.173175
v -0.417093 0.071352 0.124850
v -0.438378 0.148011 0.130008
v -0.434958 0.161154 0.118151
v -0.436946 0.146429 0.102313
v -0.424178 0.081406 0.114412
v -0.417634 0.076876 0.097633
v -0.439651 0.137135 0.118161
v 0.118309 0.120628 -0.323738
v 0.103853 0.104751 -0.326992
v 0.099827 0.112443 -0.342792
v 0.044853 0.098294 -0.353407
v 0.110469 0.124281 -0.340172
v 0.117556 0.191262 -0.339323
v 0.109867 0.180875 -0.352659
v 0.102796 0.203999 -0.348889
v 0.098997 0.190292 -0.359968
v 0.057749 0.107838 -0.361630
v 0.056919 0.185688 -0.378807
v 0.043796 0.197542 -0.375305
v 0.029442 0.181619 -0.378773
v 0.046764 0.117309 -0.368694
v 0.030194 0.110985 -0.363189
v 0.046161 0.173903 -0.381181
vn -0.6212 0.7669 -0.1610
vn -0.7845 0.5460 0.2939
vn -0.4491 0.8311 -0.3280
vn -0.3257 0.4330 -0.8405
vn 0.1943 0.5472 -0.8141
vn 0.1881 0.5493 -0.8142
vn 0.3126 0.8915 -0.3279
vn 0.6887 0.6628 0.2939
vn 0.4926 0.8552 -0.1610
vn -0.2722 0.5129 -0.8141
vn -0.2781 0.5097 -0.8142
vn 0.2534 0.4789 -0.8405
vn 0.5581 0.2156 -0.8013
vn 0.5570 0.2125 -0.8029
vn 0.8546 0.3186 -0.4100
vn 0.2925 0.0509 0.9549
vn -0.2514 0.0435 0.9669
vn -0.2299 0.0704 0.9707
vn -0.4559 -0.2924 0.8406
vn -0.8819 -0.1064 0.4592
vn -0.8678 -0.0640 0.4929
vn -0.8941 0.1801 -0.4100
vn -0.5835 0.1222 -0.8029
vn -0.5851 0.1250 -0.8013
vn -0.8678 -0.0640 -0.4928
vn -0.8819 -0.1065 -0.4592
vn -0.4560 -0.2923 -0.8406
vn -0.2299 0.0704 -0.9707
vn -0.2515 0.0436 -0.9669
vn 0.2925 0.0508 -0.9549
vn -0.2969 0.0042 -0.9549
vn 0.2414 0.0826 -0.9669
vn 0.2159 0.1057 -0.9707
vn 0.2160 0.1059 0.9706
vn 0.2412 0.0822 0.9670
vn -0.2969 0.0041 0.9549
vn 0.9353 0.0586 -0.3490
vn 0.9476 0.0740 -0.3107
vn 0.9353 0.0584 -0.3491
vn 0.9343 0.0496 -0.3530
vn 0.9311 0.0073 -0.3648
vn 0.9288 0.0038 -0.3706
vn -0.0328 0.9995 -0.0001
vn -0.0286 0.9996 -0.0000
vn -0.0562 0.9984 -0.0055
vn -0.0589 0.9982 -0.0073
vn -0.0577 0.9983 -0.0121
vn -0.0397 0.9985 -0.0390
vn 0.2803 0.9193 -0.2763
vn -0.8788 0.2753 0.3897
vn -0.8527 0.3577 0.3807
vn -0.9277 0.1185 0.3540
vn -0.9293 0.1089 0.3528
vn -0.9679 0.1062 0.2277
vn -0.9795 0.0762 0.1863
vn -0.9994 0.0333 -0.0000
vn -0.9999 0.0141 -0.0000
vn -0.9982 0.0604 -0.0000
vn -0.9972 0.0753 -0.0000
vn -0.9729 0.0751 -0.2187
vn -0.9597 0.0601 -0.2747
vn -0.8922 0.0863 -0.4434
vn -0.8610 0.0744 -0.5031
vn -0.7567 0.1112 -0.6443
vn -0.7100 0.1001 -0.6970
vn -0.5582 0.1323 -0.8191
vn -0.5056 0.1168 -0.8548
vn -0.3163 0.1468 -0.9372
vn -0.2611 0.1549 -0.9528
vn -0.0135 0.1795 -0.9837
vn -0.0510 0.1715 -0.9839
vn 0.2293 0.2018 -0.9522
vn 0.2664 0.1896 -0.9450
vn 0.4720 0.2098 -0.8563
vn 0.5080 0.1968 -0.8385
vn 0.6707 0.2188 -0.7087
vn 0.6962 0.2083 -0.6870
vn 0.8301 0.2301 -0.5079
vn 0.8505 0.2191 -0.4782
vn 0.9343 0.2390 -0.2646
vn 0.9469 0.2262 -0.2286
vn 0.9714 0.2376 -0.0000
vn 0.9754 0.2204 -0.0000
vn -0.0397 0.9985 0.0390
vn 0.2803 0.9193 0.2763
vn -0.0577 0.9983 0.0121
vn -0.0589 0.9982 0.0073
vn -0.0562 0.9984 0.0055
vn -0.0328 0.9995 -0.0000
vn -0.0286 0.9996 0.0001
vn -0.9995 0.0323 -0.0000
vn -0.9795 0.0762 -0.1863
vn -0.9679 0.1062 -0.2277
vn -0.9293 0.1089 -0.3528
vn -0.9277 0.1185 -0.3540
vn -0.8789 0.2750 -0.3897
vn -0.8526 0.3581 -0.3806
vn -0.9308 0.3642 -0.0297
vn -0.9990 0.0370 -0.0252
vn -0.9253 0.3785 -0.0246
vn -0.5969 0.8022 -0.0147
vn -0.5944 0.8041 -0.0095
vn -0.9995 -0.0308 -0.0041
vn -0.9990 0.0414 0.0180
vn -0.7224 -0.6907 0.0326
vn -0.6837 -0.7295 0.0201
vn -0.9669 -0.2527 0.0346
vn -0.9513 -0.3083 0.0007
vn -0.9805 0.1964 0.0024
vn -0.9838 0.1787 0.0105
vn -0.8747 0.4846 0.0044
vn -0.8766 0.4812 0.0018
vn -0.7233 0.6906 -0.0014
vn 0.2941 -0.5049 0.8115
vn 0.5911 -0.8063 0.0237
vn 0.3819 -0.9238 0.0259
vn 0.1628 -0.6033 0.7807
vn 0.0798 -0.9968 0.0072
vn 0.1077 -0.0645 0.9921
vn -0.0734 -0.9973 -0.0043
vn 0.0046 0.0741 0.9972
vn 0.0196 0.0825 0.9964
vn -0.2661 -0.9639 -0.0025
vn -0.4891 -0.8722 0.0040
vn 0.0542 0.9985 -0.0043
vn 0.2662 0.5060 0.8204
vn 0.2688 0.9632 0.0077
vn 0.3636 0.9313 -0.0211
vn 0.3913 0.3325 0.8581
vn 0.4693 0.2802 0.8374
vn 0.0620 0.9980 0.0111
vn 0.7539 0.6540 -0.0629
vn 0.5684 0.2200 0.7928
vn 0.8547 0.3185 -0.4100
vn 0.4175 0.3705 -0.8297
vn 0.2978 0.4899 -0.8193
vn 0.1286 -0.0393 -0.9909
vn 0.0001 0.0799 -0.9968
vn 0.0798 -0.9968 0.0074
vn 0.3819 -0.9238 0.0260
vn -0.0734 -0.9973 -0.0042
vn 0.1609 -0.6166 -0.7707
vn 0.3480 -0.5152 -0.7832
vn -0.2658 -0.9640 -0.0024
vn 0.0295 0.1187 -0.9925
vn 0.0598 0.0889 -0.9942
vn -0.4889 -0.8723 0.0040
vn -0.7451 -0.6669 0.0074
vn 0.5060 0.8625 0.0017
vn 0.0811 0.0773 -0.9937
vn 0.0953 0.0268 -0.9951
vn -0.9397 -0.3419 -0.0095
vn -0.9931 -0.1143 -0.0266
vn 0.7455 0.6665 0.0027
vn 0.0524 0.0910 0.9945
vn 0.0800 0.0793 0.9936
vn -0.9397 -0.3418 -0.0095
vn 0.9282 0.3718 0.0147
vn 0.0772 0.0172 0.9969
vn 0.0391 0.0001 0.9992
vn -0.9931 -0.1142 -0.0266
vn 0.0690 -0.0026 -0.9976
vn -0.9971 0.0761 -0.0055
vn 0.9941 0.1070 0.0187
vn -0.0233 0.0062 -0.9997
vn -0.9905 0.1377 -0.0003
vn -0.0844 -0.0126 -0.9964
vn 0.9963 -0.0838 0.0204
vn 0.9862 -0.1641 0.0217
vn -0.0435 -0.0207 0.9988
vn -0.0637 0.0181 0.9978
vn -0.9905 0.1377 -0.0007
vn -0.0709 0.4561 0.8871
vn -0.0212 -0.0523 0.9984
vn -0.0656 0.4763 0.8768
vn -0.0885 0.9021 0.4223
vn -0.0823 0.9047 0.4180
vn -0.0183 0.1697 0.9853
vn -0.0010 0.2443 0.9697
vn 0.0749 -0.5260 0.8472
vn 0.0659 -0.5738 0.8163
vn 0.0370 -0.0110 0.9993
vn 0.0063 -0.0710 0.9975
vn -0.0416 0.5625 0.8257
vn -0.0322 0.5409 0.8405
vn -0.0647 0.8664 0.4952
vn -0.0641 0.8686 0.4914
vn -0.0734 0.9396 0.3343
vn 0.8591 -0.4691 -0.2048
vn 0.0891 -0.8243 -0.5591
vn 0.0978 -0.9732 -0.2080
vn 0.8287 -0.5585 -0.0372
vn 0.0853 -0.9881 0.1279
vn 0.9958 -0.0026 -0.0913
vn 0.0726 -0.9639 0.2563
vn 0.9897 0.1424 -0.0166
vn 0.9871 0.1562 -0.0352
vn 0.0682 -0.8944 0.4421
vn 0.0646 -0.7588 0.6481
vn -0.0738 0.9688 -0.2368
vn 0.7891 0.5012 -0.3553
vn -0.0606 0.8885 -0.4548
vn -0.0813 0.8068 -0.5852
vn 0.8450 0.2998 -0.4428
vn 0.8632 0.1424 -0.4844
vn -0.0613 0.9659 -0.2515
vn -0.0368 0.1139 -0.9928
vn 0.8444 -0.1059 -0.5251
vn -0.4561 -0.2924 -0.8405
vn -0.8686 0.1838 -0.4601
vn -0.8564 0.3494 -0.3800
vn -0.9829 -0.1468 -0.1110
vn -0.9998 -0.0130 -0.0133
vn 0.0854 -0.9881 0.1279
vn 0.0978 -0.9733 -0.2079
vn -0.7129 -0.6998 -0.0453
vn -0.7463 -0.6130 -0.2593
vn 0.0683 -0.8944 0.4420
vn -0.9981 0.0286 -0.0541
vn -0.9973 -0.0023 -0.0736
vn 0.0509 -0.5635 0.8246
vn -0.0577 0.7498 -0.6591
vn -0.9970 -0.0274 -0.0718
vn -0.9938 -0.0551 -0.0961
vn 0.0134 -0.3006 0.9537
vn -0.0219 -0.0632 0.9978
vn -0.0412 0.5735 -0.8182
vn 0.9852 0.1577 -0.0670
vn 0.9896 0.1271 -0.0669
vn 0.0508 -0.5634 0.8246
vn 0.0133 -0.3005 0.9537
vn -0.0107 0.3226 -0.9465
vn 0.9925 0.0944 -0.0778
vn 0.9958 0.0755 -0.0514
vn -0.0222 -0.0631 0.9978
vn -0.9931 -0.0862 -0.0793
vn -0.0189 0.1738 0.9846
vn 0.0146 0.0459 -0.9988
vn -0.9970 -0.0778 0.0023
vn -0.0216 0.2628 0.9646
vn -0.9919 -0.0706 0.1058
vn 0.0332 -0.1742 -0.9842
vn 0.0425 -0.2830 -0.9582
vn 0.9981 0.0566 0.0248
vn 0.9903 0.1101 0.0845
vn -0.0189 0.1739 0.9846
vn -0.0216 0.2625 0.9647
vn -0.6610 0.4857 0.5719
vn -0.7237 0.1928 0.6626
vn -0.6504 0.5061 0.5665
vn -0.4094 0.8554 0.3173
vn -0.4023 0.8586 0.3178
vn -0.7180 0.0502 0.6943
vn -0.6997 0.1250 0.7034
vn -0.5072 -0.6281 0.5902
vn -0.4887 -0.6713 0.5573
vn -0.6736 -0.1599 0.7216
vn -0.6870 -0.2221 0.6919
vn -0.6770 0.3419 0.6518
vn -0.6824 0.3171 0.6586
vn -0.5628 0.6289 0.5364
vn -0.5424 0.6478 0.5349
vn -0.4910 0.7274 0.4795
vn 0.7442 -0.4846 0.4597
vn 0.3748 -0.8801 -0.2915
vn 0.2482 -0.9576 -0.1465
vn 0.6498 -0.5522 0.5223
vn 0.0667 -0.9974 0.0278
vn 0.7708 -0.0059 0.6371
vn -0.0456 -0.9918 0.1191
vn 0.7025 0.1140 0.7025
vn 0.7122 0.1523 0.6852
vn -0.1970 -0.9450 0.2609
vn -0.3573 -0.8354 0.4177
vn 0.0386 0.9937 -0.1057
vn 0.7744 0.5288 0.3473
vn 0.2132 0.9429 -0.2559
vn 0.2787 0.8858 -0.3710
vn 0.8901 0.3400 0.3034
vn 0.9360 0.2348 0.2624
vn 0.0617 0.9921 -0.1088
vn 0.6048 0.4094 -0.6831
vn 0.9759 0.0955 0.1964
vn -0.2298 0.0704 -0.9707
vn -0.2845 0.2708 -0.9196
vn -0.3447 0.4238 -0.8376
vn -0.6069 -0.0812 -0.7907
vn -0.6975 0.0122 -0.7165
vn 0.0670 -0.9974 0.0277
vn -0.0453 -0.9919 0.1190
vn -0.4596 -0.6433 -0.6123
vn -0.3382 -0.5594 -0.7567
vn -0.1967 -0.9451 0.2609
vn -0.6674 0.0806 -0.7403
vn -0.6543 0.0318 -0.7555
vn -0.3571 -0.8355 0.4177
vn -0.5018 -0.6671 0.5506
vn 0.3674 0.8317 -0.4163
vn -0.6525 0.0093 -0.7577
vn -0.6379 -0.0038 -0.7701
vn -0.6329 -0.4373 0.6389
vn -0.7182 -0.1678 0.6753
vn 0.5058 0.6730 -0.5397
vn 0.7307 0.1418 0.6677
vn 0.7389 0.1082 0.6651
vn -0.5021 -0.6669 0.5506
vn -0.6331 -0.4371 0.6389
vn 0.6337 0.4487 -0.6302
vn 0.7474 0.0758 0.6601
vn 0.7573 0.0561 0.6507
vn -0.7183 -0.1676 0.6752
vn -0.6104 -0.0417 -0.7910
vn -0.7229 0.1116 0.6819
vn 0.7134 0.1466 -0.6853
vn -0.6897 -0.0583 -0.7217
vn -0.7111 0.2027 0.6732
vn -0.7692 -0.0530 -0.6368
vn 0.7286 -0.1190 -0.6745
vn 0.7192 -0.2293 -0.6558
vn 0.6897 0.0286 0.7235
vn 0.6333 0.0766 0.7701
vn -0.7229 0.1118 0.6818
vn -0.7112 0.2027 0.6731
vn 0.5763 0.5838 -0.5719
vn 0.6843 0.3044 -0.6626
vn 0.5625 0.6022 -0.5664
vn 0.2695 0.9092 -0.3174
vn 0.2620 0.9112 -0.3178
vn 0.7011 0.1626 -0.6943
vn 0.6713 0.2337 -0.7034
vn 0.5998 -0.5403 -0.5902
vn 0.5883 -0.5859 -0.5573
vn 0.6904 -0.0518 -0.7216
vn 0.7135 -0.1111 -0.6918
vn 0.6147 0.4442 -0.6518
vn 0.6239 0.4206 -0.6587
vn 0.4566 0.7097 -0.5364
vn 0.4336 0.7252 -0.5349
vn 0.3703 0.7956 -0.4795
vn -0.6586 -0.5957 -0.4597
vn -0.2315 -0.9281 0.2915
vn -0.0942 -0.9847 0.1465
vn -0.5547 -0.6477 -0.5223
vn 0.0911 -0.9955 -0.0278
vn -0.7602 -0.1272 -0.6371
vn 0.2013 -0.9723 -0.1190
vn -0.7116 0.0019 -0.7025
vn -0.7274 0.0382 -0.6852
vn 0.3433 -0.9023 -0.2609
vn 0.4844 -0.7687 -0.4177
vn -0.1946 0.9752 0.1057
vn -0.8481 0.4002 -0.3473
vn -0.3591 0.8975 0.2559
vn -0.4148 0.8309 0.3710
vn -0.9326 0.1955 -0.3034
vn -0.9613 0.0845 -0.2623
vn -0.2172 0.9700 0.1088
vn -0.6617 0.3091 0.6831
vn -0.9787 -0.0594 -0.1964
vn -0.2969 0.0042 0.9549
vn 0.2159 0.1058 0.9707
vn 0.2383 0.3123 0.9196
vn 0.2737 0.4728 0.8376
vn 0.6121 0.0154 0.7907
vn 0.6868 0.1219 0.7165
vn 0.0908 -0.9955 -0.0277
vn -0.0944 -0.9847 0.1465
vn 0.2012 -0.9723 -0.1190
vn 0.5552 -0.5628 0.6124
vn 0.4221 -0.4991 0.7568
vn 0.3432 -0.9023 -0.2609
vn 0.6464 0.1847 0.7403
vn 0.6411 0.1345 0.7556
vn 0.6007 -0.5796 -0.5507
vn -0.4939 0.7634 0.4163
vn 0.6429 0.1120 0.7577
vn 0.6305 0.0967 0.7701
vn 0.6939 -0.3322 -0.6389
vn 0.7357 -0.0525 -0.6753
vn -0.6055 0.5849 0.5397
vn -0.7440 0.0249 -0.6677
vn -0.7467 -0.0096 -0.6651
vn 0.6009 -0.5794 -0.5506
vn 0.6940 -0.3320 -0.6389
vn -0.6965 0.3432 0.6302
vn -0.7500 -0.0429 -0.6601
vn -0.7567 -0.0639 -0.6507
vn 0.7357 -0.0525 -0.6752
vn 0.6094 0.0550 0.7909
vn 0.6962 0.2241 -0.6819
vn -0.7275 0.0324 0.6853
vn 0.6903 0.0511 0.7217
vn 0.6703 0.3122 -0.6733
vn 0.7680 0.0689 0.6367
vn -0.7008 -0.2323 0.6745
vn -0.6741 -0.3397 0.6558
vn -0.6856 -0.0804 -0.7235
vn -0.6375 -0.0241 -0.7701
vn 0.6963 0.2242 -0.6818
vn 0.6703 0.3122 -0.6732
vn 0.9353 0.0584 0.3491
vn 0.9476 0.0740 0.3107
vn 0.9353 0.0586 0.3490
vn 0.9343 0.0495 0.3530
vn 0.9311 0.0074 0.3647
vn 0.9288 0.0038 0.3705
vn -0.9729 0.0751 0.2187
vn -0.9597 0.0601 0.2747
vn -0.8922 0.0863 0.4434
vn -0.8610 0.0744 0.5031
vn -0.7567 0.1112 0.6443
vn -0.7100 0.1001 0.6970
vn -0.5582 0.1323 0.8191
vn -0.5056 0.1168 0.8548
vn -0.3163 0.1468 0.9372
vn -0.2611 0.1549 0.9528
vn -0.0135 0.1795 0.9837
vn -0.0510 0.1715 0.9839
vn 0.2293 0.2018 0.9522
vn 0.2664 0.1896 0.9450
vn 0.4720 0.2098 0.8563
vn 0.5080 0.1968 0.8385
vn 0.6707 0.2188 0.7087
vn 0.6962 0.2083 0.6870
vn 0.8301 0.2301 0.5079
vn 0.8505 0.2191 0.4782
vn 0.9343 0.2390 0.2646
vn 0.9469 0.2262 0.2286
vn 0.9717 0.2362 -0.0000
vn 0.9752 0.2214 -0.0000
vn 0.9995 0.0302 0.0001
vn 0.9712 -0.2185 0.0948
vn 0.9941 -0.0658 -0.0865
vn 0.7618 -0.6464 0.0425
vn 0.6608 -0.7504 0.0144
vn -0.6610 0.4858 -0.5719
vn -0.6504 0.5061 -0.5665
vn -0.7237 0.1928 -0.6626
vn -0.4094 0.8554 -0.3173
vn -0.4023 0.8586 -0.3178
vn -0.7180 0.0502 -0.6943
vn -0.6998 0.1250 -0.7034
vn -0.5072 -0.6280 -0.5902
vn -0.4887 -0.6713 -0.5573
vn -0.6736 -0.1599 -0.7216
vn -0.6870 -0.2221 -0.6918
vn -0.6770 0.3419 -0.6518
vn -0.6824 0.3171 -0.6586
vn -0.5627 0.6289 -0.5364
vn -0.5424 0.6478 -0.5349
vn -0.4910 0.7273 -0.4795
vn 0.7442 -0.4845 -0.4597
vn 0.2482 -0.9576 0.1466
vn 0.3749 -0.8800 0.2916
vn 0.6498 -0.5522 -0.5223
vn 0.0669 -0.9974 -0.0277
vn 0.7708 -0.0059 -0.6371
vn -0.0455 -0.9919 -0.1188
vn 0.7025 0.1140 -0.7025
vn 0.0386 0.9937 0.1057
vn 0.7744 0.5288 -0.3473
vn 0.7123 0.1523 -0.6852
vn -0.1968 -0.9452 -0.2607
vn -0.3572 -0.8354 -0.4177
vn 0.2132 0.9429 0.2559
vn 0.7308 0.1418 -0.6677
vn 0.0617 0.9921 0.1088
vn 0.7389 0.1082 -0.6651
vn -0.5020 -0.6670 -0.5505
vn -0.6330 -0.4374 -0.6388
vn 0.3674 0.8317 0.4163
vn 0.7474 0.0758 -0.6601
vn -0.6674 0.0806 0.7403
vn 0.5058 0.6730 0.5397
vn 0.6337 0.4487 0.6302
vn 0.7573 0.0561 -0.6507
vn -0.7183 -0.1677 -0.6752
vn -0.6525 0.0093 0.7577
vn 0.6897 0.0286 -0.7235
vn -0.7230 0.1117 -0.6818
vn 0.6333 0.0766 -0.7701
vn -0.7112 0.2027 -0.6731
vn 0.7192 -0.2293 0.6558
vn 0.7286 -0.1190 0.6745
vn -0.7693 -0.0530 0.6367
vn 0.7134 0.1466 0.6853
vn -0.6897 -0.0583 0.7217
vn -0.7111 0.2027 -0.6732
vn -0.7229 0.1117 -0.6819
vn -0.6105 -0.0417 0.7910
vn -0.7182 -0.1677 -0.6753
vn -0.6379 -0.0038 0.7701
vn -0.6329 -0.4372 -0.6390
vn -0.5020 -0.6669 -0.5507
vn -0.6543 0.0318 0.7556
vn -0.3572 -0.8353 -0.4178
vn -0.1968 -0.9450 -0.2611
vn -0.6975 0.0122 0.7165
vn -0.0456 -0.9918 -0.1193
vn 0.0669 -0.9974 -0.0278
vn -0.6068 -0.0812 0.7907
vn 0.2482 -0.9576 0.1465
vn -0.3382 -0.5594 0.7567
vn 0.3748 -0.8801 0.2915
vn -0.4596 -0.6433 0.6123
vn 0.2787 0.8858 0.3710
vn -0.3447 0.4238 0.8376
vn 0.8901 0.3400 -0.3034
vn -0.2845 0.2708 0.9196
vn 0.9360 0.2348 -0.2624
vn 0.6048 0.4095 0.6831
vn -0.2298 0.0704 0.9707
vn 0.9759 0.0955 -0.1964
vn -0.0709 0.4561 -0.8871
vn -0.0656 0.4763 -0.8768
vn -0.0212 -0.0523 -0.9984
vn -0.0885 0.9021 -0.4223
vn -0.0823 0.9047 -0.4180
vn -0.0183 0.1697 -0.9853
vn -0.0010 0.2444 -0.9697
vn 0.0749 -0.5260 -0.8472
vn 0.0659 -0.5738 -0.8163
vn 0.0370 -0.0110 -0.9993
vn 0.0063 -0.0710 -0.9975
vn -0.0416 0.5625 -0.8257
vn -0.0322 0.5409 -0.8405
vn -0.0647 0.8664 -0.4952
vn -0.0641 0.8686 -0.4913
vn -0.0733 0.9396 -0.3343
vn 0.8591 -0.4691 0.2048
vn 0.0978 -0.9733 0.2078
vn 0.0891 -0.8243 0.5591
vn 0.8287 -0.5585 0.0372
vn 0.0853 -0.9881 -0.1279
vn 0.9958 -0.0027 0.0913
vn 0.0726 -0.9639 -0.2563
vn 0.9897 0.1424 0.0166
vn -0.0738 0.9688 0.2368
vn 0.7891 0.5012 0.3553
vn 0.9871 0.1562 0.0352
vn 0.0682 -0.8944 -0.4420
vn 0.0646 -0.7588 -0.6481
vn -0.0606 0.8885 0.4548
vn 0.9852 0.1577 0.0670
vn -0.0613 0.9659 0.2515
vn 0.9896 0.1271 0.0669
vn 0.0508 -0.5635 -0.8245
vn 0.0133 -0.3006 -0.9536
vn -0.0578 0.7498 0.6591
vn 0.9925 0.0944 0.0778
vn -0.9981 0.0286 0.0541
vn -0.0412 0.5735 0.8182
vn -0.0107 0.3226 0.9465
vn 0.9958 0.0755 0.0514
vn -0.0222 -0.0632 -0.9978
vn -0.9970 -0.0274 0.0718
vn 0.9981 0.0566 -0.0248
vn -0.0189 0.1738 -0.9846
vn 0.9903 0.1102 -0.0845
vn -0.0216 0.2628 -0.9646
vn 0.0425 -0.2829 0.9582
vn 0.0332 -0.1742 0.9842
vn -0.9919 -0.0706 -0.1058
vn 0.0146 0.0459 0.9988
vn -0.9970 -0.0778 -0.0023
vn -0.0216 0.2627 -0.9646
vn -0.0189 0.1739 -0.9846
vn -0.9931 -0.0862 0.0793
vn -0.0221 -0.0631 -0.9978
vn -0.9938 -0.0551 0.0961
vn 0.0134 -0.3005 -0.9537
vn 0.0509 -0.5633 -0.8247
vn -0.9973 -0.0023 0.0735
vn 0.0683 -0.8943 -0.4422
vn -0.9998 -0.0130 0.0133
vn 0.0855 -0.9881 -0.1279
vn -0.9829 -0.1468 0.1110
vn 0.0978 -0.9733 0.2079
vn -0.7464 -0.6130 0.2593
vn 0.0891 -0.8243 0.5592
vn -0.7129 -0.6998 0.0453
vn -0.0813 0.8068 0.5852
vn -0.8564 0.3494 0.3800
vn 0.8450 0.2998 0.4427
vn -0.8686 0.1839 0.4601
vn 0.8632 0.1424 0.4844
vn -0.0368 0.1138 0.9928
vn -0.8678 -0.0640 0.4928
vn 0.8444 -0.1059 0.5251
vn -0.4560 -0.2924 0.8406
vn 0.8618 0.5063 -0.0297
vn 0.8541 0.5195 -0.0246
vn 0.9807 0.1939 -0.0252
vn 0.4630 0.8862 -0.0147
vn 0.4603 0.8877 -0.0095
vn 0.9919 0.1271 -0.0041
vn 0.9800 0.1983 0.0180
vn 0.8222 -0.5683 0.0325
vn 0.7901 -0.6127 0.0201
vn 0.9947 -0.0972 0.0346
vn 0.9880 -0.1546 0.0007
vn 0.9373 0.3485 0.0024
vn 0.9434 0.3315 0.0105
vn 0.7875 0.6163 0.0044
vn 0.7898 0.6133 0.0018
vn 0.6055 0.7959 -0.0014
vn -0.2109 -0.5450 0.8115
vn -0.2316 -0.9725 0.0259
vn -0.4567 -0.8893 0.0237
vn -0.0657 -0.6215 0.7807
vn 0.0781 -0.9969 0.0070
vn -0.0962 -0.0807 0.9921
vn 0.2295 -0.9733 -0.0044
vn -0.0162 0.0724 0.9972
vn -0.2109 0.9775 -0.0043
vn -0.3426 0.4577 0.8204
vn -0.0323 0.0784 0.9964
vn 0.4144 -0.9101 -0.0026
vn 0.6202 -0.7844 0.0040
vn -0.4172 0.9088 0.0077
vn -0.0661 0.0816 0.9945
vn -0.2184 0.9758 0.0111
vn -0.0915 0.0657 0.9936
vn 0.8409 -0.5412 0.0074
vn 0.9818 -0.1897 -0.0095
vn -0.6356 0.7720 0.0017
vn -0.0790 0.0048 0.9969
vn -0.0478 0.1125 -0.9925
vn -0.8412 0.5408 0.0027
vn -0.9752 0.2209 0.0147
vn -0.0386 -0.0060 0.9992
vn 0.9987 0.0436 -0.0266
vn -0.0923 0.0636 -0.9937
vn 0.0462 -0.0136 0.9988
vn 0.9727 0.2322 -0.0055
vn 0.0601 0.0280 0.9978
vn 0.9564 0.2921 -0.0007
vn -0.9481 -0.3174 0.0217
vn -0.9706 -0.2397 0.0204
vn 0.0853 0.0009 -0.9964
vn -0.9985 -0.0509 0.0188
vn 0.0220 0.0098 -0.9997
vn 0.9564 0.2920 -0.0005
vn 0.9726 0.2323 -0.0053
vn -0.0677 -0.0134 -0.9976
vn 0.9987 0.0437 -0.0266
vn -0.0983 0.0114 -0.9951
vn 0.9818 -0.1895 -0.0095
vn -0.0731 0.0783 -0.9942
vn 0.6204 -0.7843 0.0040
vn 0.4145 -0.9100 -0.0024
vn -0.0127 0.0789 -0.9968
vn 0.2296 -0.9733 -0.0042
vn 0.0782 -0.9969 0.0074
vn -0.1208 -0.0591 -0.9909
vn -0.2315 -0.9725 0.0260
vn -0.2625 -0.5636 -0.7832
vn -0.0617 -0.6342 -0.7707
vn -0.5058 0.8624 -0.0211
vn -0.3712 0.4369 -0.8193
vn -0.4388 0.2667 0.8581
vn -0.4707 0.3001 -0.8297
vn -0.5076 0.2028 0.8374
vn -0.8475 0.5271 -0.0629
vn -0.5960 0.1277 0.7928
vn -0.8942 0.1800 -0.4100
vn 0.5762 0.5838 0.5719
vn 0.5625 0.6022 0.5664
vn 0.6843 0.3044 0.6626
vn 0.2695 0.9092 0.3173
vn 0.2620 0.9112 0.3178
vn 0.7011 0.1626 0.6943
vn 0.6713 0.2337 0.7034
vn 0.5998 -0.5403 0.5902
vn 0.5883 -0.5859 0.5573
vn 0.6904 -0.0518 0.7216
vn 0.7134 -0.1111 0.6919
vn 0.6147 0.4442 0.6518
vn 0.6239 0.4206 0.6586
vn 0.4567 0.7097 0.5364
vn 0.4336 0.7252 0.5349
vn 0.3702 0.7956 0.4795
vn -0.6586 -0.5957 0.4597
vn -0.0942 -0.9847 -0.1466
vn -0.2316 -0.9281 -0.2916
vn -0.5547 -0.6477 0.5223
vn 0.0910 -0.9955 0.0277
vn -0.7602 -0.1272 0.6371
vn 0.2012 -0.9723 0.1190
vn -0.7116 0.0019 0.7025
vn -0.1946 0.9752 -0.1057
vn -0.8481 0.4002 0.3473
vn -0.7274 0.0382 0.6852
vn 0.3433 -0.9023 0.2608
vn 0.4844 -0.7687 0.4177
vn -0.3591 0.8975 -0.2559
vn -0.7440 0.0249 0.6678
vn -0.2172 0.9700 -0.1088
vn -0.7467 -0.0096 0.6651
vn 0.6008 -0.5796 0.5505
vn 0.6939 -0.3321 0.6389
vn -0.4939 0.7634 -0.4163
vn -0.7500 -0.0429 0.6601
vn 0.6464 0.1847 -0.7403
vn -0.6055 0.5849 -0.5397
vn -0.6965 0.3432 -0.6302
vn -0.7567 -0.0639 0.6507
vn 0.7357 -0.0526 0.6752
vn 0.6429 0.1120 -0.7577
vn -0.6856 -0.0804 0.7235
vn 0.6964 0.2242 0.6818
vn -0.6375 -0.0241 0.7701
vn 0.6703 0.3122 0.6732
vn -0.6741 -0.3398 -0.6558
vn -0.7007 -0.2323 -0.6745
vn 0.7680 0.0689 -0.6367
vn -0.7276 0.0324 -0.6853
vn 0.6903 0.0511 -0.7217
vn 0.6702 0.3122 0.6733
vn 0.6962 0.2242 0.6819
vn 0.6094 0.0550 -0.7910
vn 0.7357 -0.0524 0.6753
vn 0.6305 0.0967 -0.7701
vn 0.6939 -0.3321 0.6390
vn 0.6008 -0.5795 0.5507
vn 0.6411 0.1345 -0.7556
vn 0.3433 -0.9023 0.2609
vn 0.6868 0.1219 -0.7165
vn 0.2012 -0.9723 0.1192
vn 0.0911 -0.9955 0.0278
vn 0.6121 0.0154 -0.7907
vn -0.0942 -0.9847 -0.1465
vn 0.4221 -0.4991 -0.7568
vn -0.2315 -0.9281 -0.2915
vn 0.5552 -0.5628 -0.6123
vn -0.4148 0.8309 -0.3710
vn 0.2736 0.4729 -0.8376
vn -0.9326 0.1955 0.3034
vn 0.2382 0.3123 -0.9196
vn -0.9613 0.0845 0.2623
vn -0.6617 0.3091 -0.6831
vn 0.2159 0.1058 -0.9707
vn -0.9787 -0.0594 0.1964
vn 0.8319 0.0360 -0.5537
vn 0.8295 0.0796 -0.5528
vn 0.8485 0.0757 -0.5238
vn 0.8313 0.0333 -0.5549
vn 0.8380 -0.0053 -0.5456
vn 0.8418 -0.0042 -0.5398
vn 0.8485 0.0757 0.5238
vn 0.8295 0.0795 0.5528
vn 0.8319 0.0361 0.5537
vn 0.8312 0.0333 0.5549
vn 0.8380 -0.0052 0.5456
vn 0.8418 -0.0042 0.5398
vn 0.7840 0.5143 -0.3476
vn 0.7484 0.4643 -0.4736
vn 0.7403 0.5150 -0.4321
vn 0.7814 0.5172 -0.3492
vn 0.7296 0.5580 -0.3955
vn 0.8354 0.4654 -0.2925
vn 0.8373 0.4660 -0.2861
vn 0.9046 0.3399 -0.2572
vn 0.8806 0.4264 -0.2066
vn 0.9264 0.3050 -0.2207
vn 0.9480 0.2080 -0.2407
vn 0.8960 0.2685 -0.3537
vn 0.8764 0.2981 -0.3783
vn 0.8673 0.2566 -0.4265
vn 0.8770 0.2214 -0.4264
vn 0.8427 0.2414 -0.4812
vn 0.7858 0.3533 -0.5077
vn 0.8853 0.0900 -0.4561
vn 0.7840 0.5143 0.3476
vn 0.7403 0.5150 0.4321
vn 0.7484 0.4643 0.4736
vn 0.7814 0.5172 0.3492
vn 0.7296 0.5580 0.3955
vn 0.8354 0.4654 0.2925
vn 0.8373 0.4660 0.2861
vn 0.9046 0.3399 0.2572
vn 0.8806 0.4264 0.2065
vn 0.9264 0.3050 0.2207
vn 0.9480 0.2080 0.2407
vn 0.8960 0.2685 0.3537
vn 0.8764 0.2981 0.3783
vn 0.8673 0.2566 0.4265
vn 0.8770 0.2214 0.4265
vn 0.8427 0.2414 0.4812
vn 0.7858 0.3533 0.5077
vn 0.8853 0.0900 0.4562
vn -0.8778 0.4791 -0.0000
vn -0.2386 0.9711 -0.0000
vn -0.2792 0.9588 -0.0527
vn -0.8645 0.4566 -0.2100
vn -0.9631 -0.2690 -0.0001
vn -0.9329 -0.2673 -0.2412
vn -0.2731 0.9554 -0.1122
vn -0.8406 -0.2605 -0.4749
vn -0.7898 0.4535 -0.4130
vn -0.2011 0.9740 -0.1045
vn -0.6441 0.4981 -0.5806
vn -0.6911 -0.2517 -0.6776
vn -0.1705 0.9731 -0.1549
vn -0.4805 -0.2399 -0.8435
vn -0.4728 0.4937 -0.7299
vn -0.1244 0.9843 -0.1251
vn -0.2703 0.5384 -0.7981
vn -0.2424 -0.2113 -0.9469
vn -0.0805 0.9916 -0.1012
vn -0.0555 0.5719 -0.8184
vn 0.0063 -0.1763 -0.9843
vn -0.0450 0.9923 -0.1157
vn 0.2845 -0.1611 -0.9450
vn 0.1648 0.5710 -0.8042
vn 0.0035 0.9913 -0.1320
vn 0.5141 -0.1531 -0.8440
vn 0.3817 0.5698 -0.7277
vn 0.0164 0.9952 -0.0961
vn 0.5417 0.6030 -0.5856
vn 0.7125 -0.1342 -0.6887
vn 0.7953 -0.1203 -0.5941
vn -0.2792 0.9588 0.0527
vn -0.8646 0.4566 0.2100
vn -0.9631 -0.2690 0.0001
vn -0.9329 -0.2673 0.2412
vn -0.2731 0.9554 0.1122
vn -0.8406 -0.2605 0.4749
vn -0.7898 0.4535 0.4130
vn -0.2011 0.9740 0.1045
vn -0.6441 0.4981 0.5806
vn -0.6911 -0.2516 0.6776
vn -0.1705 0.9731 0.1549
vn -0.4805 -0.2399 0.8435
vn -0.4728 0.4937 0.7299
vn -0.1244 0.9843 0.1251
vn -0.2703 0.5384 0.7981
vn -0.2424 -0.2113 0.9469
vn -0.0805 0.9916 0.1012
vn -0.0555 0.5719 0.8184
vn 0.0063 -0.1763 0.9843
vn -0.0450 0.9923 0.1156
vn 0.2845 -0.1611 0.9450
vn 0.1648 0.5710 0.8042
vn 0.0035 0.9913 0.1319
vn 0.5141 -0.1531 0.8440
vn 0.3817 0.5698 0.7277
vn 0.0165 0.9952 0.0962
vn 0.5417 0.6030 0.5856
vn 0.7125 -0.1342 0.6887
vn 0.7953 -0.1203 0.5941
vn 0.2804 0.9192 0.2763
vn 0.9941 -0.0657 -0.0865
vn 0.9712 -0.2185 0.0950
vn 0.9959 -0.0904 0.0002
vn 0.9943 -0.0729 -0.0783
vn 0.7508 0.6605 -0.0001
vn 0.2410 -0.9705 -0.0000
vn 0.2522 -0.9674 0.0215
vn 0.6726 0.3895 0.6292
vn 0.9623 0.2719 -0.0000
vn 0.4423 -0.8124 0.3800
vn 0.2494 -0.9662 0.0648
vn 0.8651 -0.4098 -0.2893
vn 0.6198 -0.5921 0.5150
vn 0.5433 0.1307 0.8293
vn 0.3784 -0.5332 0.7567
vn 0.0621 -0.8015 0.5948
vn 0.6900 0.0300 0.7232
vn 0.6092 0.4084 0.6798
vn 0.9891 0.1475 -0.0000
vn 0.3046 0.1993 0.9314
vn -0.3235 -0.0864 0.9423
vn -0.3120 0.3378 0.8880
vn 0.8898 0.3566 0.2847
vn 0.7664 0.6423 -0.0002
vn 0.6469 0.6409 0.4132
vn 0.4254 0.8917 0.1548
vn 0.2075 0.9213 0.3290
vn 0.6113 0.7914 -0.0000
vn 0.4363 0.2058 0.8759
vn 0.4032 -0.2840 0.8699
vn 0.6996 -0.2774 0.6585
vn 0.7028 0.1423 0.6970
vn 0.9647 -0.2632 0.0001
vn 0.4170 0.3264 0.8482
vn 0.9865 0.1636 0.0006
vn 0.6995 -0.2773 -0.6587
vn 0.6718 0.3231 0.6666
vn 0.7085 0.1349 -0.6927
vn 0.4034 -0.2841 -0.8698
vn 0.4157 0.1903 -0.8894
vn 0.9390 0.3440 0.0008
vn 0.6781 0.3341 -0.6546
vn 0.3884 0.3501 -0.8524
vn 0.4249 -0.3822 -0.8206
vn 0.6830 -0.3717 -0.6287
vn 0.9317 -0.3631 0.0001
vn 0.6831 -0.3719 0.6286
vn 0.4249 -0.3828 0.8203
vn 0.4377 -0.0430 0.8981
vn 0.7169 -0.0306 0.6965
vn 0.2169 0.7873 0.5771
vn 1.0000 -0.0074 0.0001
vn 0.7167 -0.0306 -0.6967
vn 0.4380 -0.0432 -0.8979
vn 0.2169 0.7873 -0.5771
vn 0.5418 0.8405 -0.0000
vn 0.3678 0.8314 0.4165
vn 0.1658 0.8594 0.4836
vn 0.3679 0.8314 -0.4165
vn 0.3150 0.8732 0.3718
vn 0.4441 0.8960 -0.0000
vn 0.3150 0.8732 -0.3718
vn 0.1659 0.8595 -0.4836
vn 0.3863 0.3453 -0.8553
vn 0.6509 0.3791 -0.6577
vn 0.3535 0.4700 -0.8088
vn 0.9141 0.4054 -0.0000
vn 0.5947 0.5172 -0.6155
vn 0.5217 0.8531 -0.0032
vn 0.8427 0.5384 0.0004
vn 0.5934 0.5191 0.6151
vn 0.3527 0.4725 0.8077
vn 0.6509 0.3791 0.6577
vn 0.3863 0.3453 0.8553
vn -0.6444 -0.3839 0.6613
vn -0.3462 -0.3444 0.8726
vn -0.4539 0.1212 0.8828
vn -0.7144 0.0293 0.6991
vn -0.9112 -0.4120 0.0001
vn -0.4605 0.2553 0.8501
vn -1.0000 0.0061 0.0006
vn -0.6442 -0.3838 -0.6616
vn -0.7143 0.2133 0.6665
vn -0.7181 0.0221 -0.6956
vn -0.3467 -0.3443 -0.8725
vn -0.4345 0.1112 -0.8938
vn -0.9814 0.1918 0.0008
vn -0.7212 0.2219 -0.6563
vn -0.4389 0.2805 -0.8537
vn -0.3594 -0.4443 -0.8206
vn -0.6159 -0.4747 -0.6287
vn -0.8629 -0.5053 0.0001
vn -0.6160 -0.4748 0.6286
vn -0.3593 -0.4450 0.8203
vn -0.4254 -0.1114 0.8981
vn -0.7032 -0.1432 0.6965
vn -0.3382 0.7434 0.5771
vn -0.9863 -0.1648 0.0001
vn -0.7029 -0.1432 -0.6967
vn -0.4257 -0.1116 -0.8979
vn -0.3382 0.7433 -0.5771
vn -0.6675 0.7446 -0.0000
vn -0.4942 0.7631 0.4165
vn -0.2992 0.8226 0.4836
vn -0.4942 0.7631 -0.4165
vn -0.4486 0.8127 0.3718
vn -0.4486 0.8127 -0.3718
vn -0.2992 0.8226 -0.4836
vn -0.4359 0.2801 -0.8553
vn -0.5797 0.8148 -0.0000
vn -0.7025 0.2718 -0.6577
vn -0.4231 0.4084 -0.8088
vn -0.9666 0.2564 -0.0000
vn -0.6687 0.4171 -0.6155
vn -0.6496 0.7602 -0.0032
vn -0.9170 0.3989 0.0004
vn -0.6678 0.4192 0.6151
vn -0.4227 0.4110 0.8077
vn -0.7025 0.2718 0.6577
vn -0.4359 0.2802 0.8553
vn 0.4691 -0.8463 -0.2525
vn 0.1812 -0.9670 -0.1792
vn 0.2329 -0.9126 0.3360
vn 0.5846 -0.6196 0.5238
vn 0.1917 -0.8521 0.4870
vn 0.8416 -0.5298 0.1050
vn 0.4767 -0.4621 -0.7478
vn 0.5698 -0.6764 0.4667
vn 0.2108 -0.8168 0.5371
vn 0.8486 -0.4804 0.2215
vn 0.6532 -0.1076 -0.7495
vn 0.3704 -0.0321 -0.9283
vn 0.1214 0.3186 -0.9401
vn 0.8357 -0.0372 -0.5479
vn 0.1808 0.3651 -0.9132
vn -0.2672 0.1896 -0.9448
vn 0.8920 -0.1068 -0.4393
vn -0.3516 0.2865 -0.8912
vn -0.4183 -0.1029 -0.9025
vn 0.2443 0.3728 -0.8952
vn -0.6081 -0.1008 -0.7874
vn -0.3515 -0.4373 -0.8278
vn -0.3937 0.2942 -0.8709
vn -0.5990 -0.4949 -0.6295
vn -0.2831 -0.6246 -0.7278
vn -0.7741 -0.0788 -0.6281
vn -0.5097 -0.7328 -0.4507
vn -0.3343 -0.8430 -0.4214
vn -0.8204 -0.5128 -0.2528
vn -0.3781 -0.9163 0.1320
vn 0.2326 -0.9127 0.3360
vn -0.7112 -0.7029 -0.0080
vn -0.3795 -0.8826 0.2775
vn 0.1916 -0.8521 0.4870
vn -0.8072 -0.5743 -0.1362
vn -0.3513 -0.8642 0.3603
vn 0.2103 -0.8169 0.5371
vn -0.7405 -0.6562 -0.1454
vn -0.7413 -0.2071 -0.6384
vn -0.6443 -0.3248 -0.6924
vn -0.3187 0.1263 -0.9394
vn -0.5052 -0.5422 -0.6714
vn 0.3022 0.2423 -0.9219
vn -0.2065 -0.0730 -0.9757
vn 0.3537 0.0356 -0.9347
vn 0.8943 -0.2192 -0.3901
vn 0.8255 -0.5094 0.2431
vn 0.8848 -0.3916 -0.2526
vn 0.5718 -0.6707 0.4725
vn 0.2760 -0.8285 0.4873
vn 0.7054 -0.6450 0.2940
vn 0.5726 -0.8054 0.1531
vn 0.2935 -0.9129 0.2837
vn 0.7117 -0.6461 -0.2758
vn 0.4222 -0.9038 -0.0702
vn 0.2886 -0.9574 -0.0000
vn 0.2547 -0.9174 -0.3059
vn 0.5034 -0.8131 -0.2924
vn 0.3307 -0.7485 -0.5748
vn 0.4123 -0.5096 -0.7552
vn 0.4549 -0.1931 -0.8693
vn -0.1073 -0.3600 -0.9267
vn 0.0568 -0.6382 -0.7677
vn 0.1505 -0.8007 -0.5799
vn -0.2201 -0.7520 -0.6214
vn 0.0383 -0.8775 -0.4781
vn -0.0329 -0.9678 -0.2498
vn -0.3082 -0.9305 -0.1981
vn 0.1141 -0.9917 -0.0594
vn 0.2885 -0.9575 -0.0000
vn -0.5526 -0.8190 -0.1543
vn -0.0433 -0.9831 0.1777
vn 0.2932 -0.9130 0.2837
vn -0.1967 -0.9178 0.3448
vn 0.2757 -0.8285 0.4873
vn 0.2328 -0.9126 -0.3360
vn 0.1812 -0.9670 0.1793
vn 0.4692 -0.8461 0.2528
vn 0.5846 -0.6196 -0.5237
vn 0.1917 -0.8521 -0.4870
vn 0.8416 -0.5299 -0.1049
vn 0.4766 -0.4621 0.7479
vn 0.5698 -0.6764 -0.4667
vn 0.2108 -0.8168 -0.5371
vn 0.8486 -0.4805 -0.2215
vn 0.6532 -0.1076 0.7495
vn 0.3704 -0.0321 0.9283
vn 0.1214 0.3187 0.9401
vn 0.8357 -0.0372 0.5479
vn 0.1809 0.3651 0.9132
vn -0.2672 0.1896 0.9448
vn 0.8920 -0.1068 0.4393
vn -0.3516 0.2866 0.8912
vn -0.4183 -0.1029 0.9025
vn 0.2443 0.3728 0.8952
vn -0.6081 -0.1008 0.7874
vn -0.3515 -0.4373 0.8278
vn -0.3937 0.2942 0.8709
vn -0.5990 -0.4949 0.6295
vn -0.2831 -0.6246 0.7278
vn -0.7741 -0.0788 0.6281
vn -0.5097 -0.7328 0.4507
vn -0.3343 -0.8431 0.4212
vn -0.8205 -0.5128 0.2528
vn -0.3781 -0.9163 -0.1320
vn 0.1812 -0.9670 0.1792
vn 0.2326 -0.9127 -0.3360
vn -0.7112 -0.7029 0.0079
vn -0.8072 -0.5743 0.1362
vn -0.3795 -0.8826 -0.2775
vn 0.1914 -0.8522 -0.4870
vn -0.7413 -0.2070 0.6384
vn -0.3513 -0.8642 -0.3603
vn 0.2105 -0.8168 -0.5371
vn -0.7405 -0.6562 0.1454
vn -0.6443 -0.3248 0.6924
vn -0.3187 0.1263 0.9394
vn -0.5053 -0.5422 0.6714
vn 0.3022 0.2423 0.9219
vn -0.2065 -0.0730 0.9757
vn 0.3537 0.0356 0.9347
vn 0.8943 -0.2193 0.3901
vn 0.8255 -0.5094 -0.2431
vn 0.5718 -0.6707 -0.4725
vn 0.2760 -0.8285 -0.4873
vn 0.7054 -0.6450 -0.2940
vn 0.5726 -0.8054 -0.1531
vn 0.2935 -0.9129 -0.2837
vn 0.8848 -0.3916 0.2526
vn 0.7117 -0.6461 0.2758
vn 0.4222 -0.9038 0.0701
vn 0.2886 -0.9575 -0.0000
vn 0.2547 -0.9174 0.3059
vn 0.5034 -0.8131 0.2924
vn 0.3307 -0.7485 0.5748
vn 0.4123 -0.5096 0.7552
vn 0.4549 -0.1931 0.8693
vn -0.1073 -0.3600 0.9267
vn 0.0568 -0.6382 0.7677
vn 0.1505 -0.8007 0.5799
vn -0.2201 -0.7520 0.6214
vn 0.0383 -0.8775 0.4781
vn -0.0329 -0.9678 0.2498
vn -0.3082 -0.9305 0.1981
vn 0.1141 -0.9917 0.0594
vn 0.2884 -0.9575 -0.0000
vn -0.5526 -0.8190 0.1543
vn -0.0433 -0.9831 -0.1778
vn 0.2932 -0.9130 -0.2838
vn -0.1967 -0.9178 -0.3448
vn 0.2758 -0.8285 -0.4873
vn 0.2075 0.9212 -0.3290
vn 0.6114 0.7913 -0.0000
vn 0.7664 0.6424 0.0002
vn 0.8898 0.3565 -0.2848
vn 0.9891 0.1474 -0.0000
vn 0.6469 0.6409 -0.4132
vn 0.4254 0.8917 -0.1548
vn -0.3120 0.3378 -0.8880
vn 0.6091 0.4084 -0.6798
vn 0.3046 0.1993 -0.9314
vn -0.3235 -0.0864 -0.9423
vn 0.0621 -0.8015 -0.5948
vn 0.6900 0.0300 -0.7232
vn 0.3784 -0.5332 -0.7567
vn 0.2494 -0.9662 -0.0648
vn 0.4423 -0.8124 -0.3800
vn 0.2522 -0.9674 -0.0215
vn 0.5433 0.1307 -0.8293
vn 0.6726 0.3895 -0.6292
vn 0.7507 0.6606 0.0001
vn 0.9943 -0.0729 0.0783
vn 0.9959 -0.0904 -0.0002
vn 0.6198 -0.5921 -0.5150
vn 0.8651 -0.4098 0.2893
vn 0.6482 -0.7604 0.0404
vn 0.6608 -0.7504 0.0143
vn 0.9995 0.0302 -0.0002
vn 0.9670 -0.0920 0.2377
vn 0.0708 -0.9974 -0.0142
vn 0.0842 -0.9964 -0.0108
vn 0.1095 -0.9940 0.0008
vn 0.1362 -0.9905 0.0171
vn 0.1411 -0.9900 -0.0025
vn 0.0962 -0.9946 -0.0393
vn 0.1120 -0.9937 -0.0081
vn 0.0915 -0.9949 0.0413
vn 0.1307 -0.9913 0.0150
vn 0.1381 -0.9903 -0.0156
vn 0.0916 -0.9957 0.0115
vn 0.0753 -0.9970 0.0162
vn 0.0872 -0.9961 -0.0142
vn 0.0484 -0.9988 0.0008
vn 0.0738 -0.9972 -0.0108
vn 0.0215 -0.9996 0.0171
vn 0.0166 -0.9999 -0.0025
vn 0.0617 -0.9973 -0.0393
vn 0.0460 -0.9989 -0.0081
vn 0.0663 -0.9969 0.0413
vn 0.0271 -0.9995 0.0150
vn 0.0196 -0.9997 -0.0156
vn 0.0664 -0.9977 0.0115
vn 0.0827 -0.9964 0.0162
vn 0.0129 -0.8619 0.5069
vn 0.0191 -0.7992 0.6007
vn 0.1210 -0.9695 0.2131
vn 0.1504 -0.9818 0.1163
vn -0.1156 -0.9911 -0.0658
vn 0.3812 -0.8989 -0.2160
vn 0.0157 -0.9689 0.2471
vn -0.0694 -0.9274 0.3677
vn 0.1315 -0.5327 -0.8360
vn 0.6033 -0.6400 -0.4758
vn 0.3984 -0.1961 -0.8960
vn 0.1232 -0.9878 0.0950
vn 0.1908 -0.3455 -0.9188
vn 0.2750 0.0948 -0.9567
vn -0.1899 -0.8660 -0.4626
vn 0.2517 -0.3235 -0.9121
vn 0.5198 -0.6896 -0.5042
vn 0.3439 -0.3730 -0.8617
vn 0.3476 -0.6704 -0.6556
vn 0.1776 -0.0540 -0.9826
vn 0.1881 0.4999 -0.8454
vn 0.2329 -0.0709 -0.9699
vn 0.1078 0.5015 -0.8584
vn -0.0767 0.7684 -0.6353
vn 0.2520 -0.4366 -0.8636
vn -0.0011 0.6837 -0.7298
vn -0.0480 -0.4179 -0.9072
vn -0.0512 0.8511 -0.5225
vn -0.5931 0.7200 -0.3604
vn -0.1804 -0.8927 -0.4130
vn -0.3107 0.9424 0.1237
vn -0.3869 0.6536 0.6505
vn -0.1892 -0.9760 -0.1080
vn -0.0533 0.7375 0.6732
vn -0.1513 0.7112 0.6865
vn -0.1332 -0.7303 -0.6700
vn 0.1214 -0.9925 -0.0137
vn 0.2837 -0.8456 -0.4522
vn 0.1875 -0.3324 -0.9243
vn 0.2842 -0.3992 -0.8717
vn 0.0588 -0.6189 -0.7833
vn 0.4113 -0.3215 -0.8529
vn 0.3197 -0.1231 -0.9395
vn 0.4257 -0.3070 -0.8512
vn 0.2191 0.4340 -0.8738
vn 0.4629 -0.0873 -0.8821
vn 0.4184 -0.3716 -0.8287
vn 0.5502 -0.3253 -0.7691
vn -0.1363 -0.9898 -0.0413
vn 0.0365 -0.8679 -0.4954
vn -0.0644 -0.9648 0.2550
vn -0.1060 -0.9624 0.2500
vn 0.4634 -0.7767 -0.4266
vn 0.1395 -0.9877 0.0708
vn 0.1220 -0.7694 -0.6270
vn 0.0036 -0.9999 -0.0105
vn 0.0805 -0.9882 0.1302
vn 0.0247 -0.9948 0.0988
vn 0.0882 -0.9960 0.0115
vn -0.0077 -0.9888 0.1490
vn 0.0926 -0.9898 0.1082
vn 0.3446 -0.8201 -0.4569
vn 0.4496 -0.3578 -0.8184
vn 0.5574 -0.0838 -0.8260
vn 0.4901 -0.2262 -0.8418
vn 0.5130 -0.3704 -0.7743
vn 0.5095 -0.1426 -0.8486
vn 0.3152 -0.8992 -0.3035
vn 0.2488 -0.9441 0.2164
vn 0.7099 -0.2048 -0.6739
vn 0.1672 -0.9523 -0.2553
vn 0.7844 -0.6177 0.0565
vn 0.5274 -0.8429 0.1066
vn 0.1177 -0.9892 0.0872
vn 0.7110 -0.4474 -0.5425
vn 0.6555 -0.1527 -0.7396
vn -0.2482 -0.6494 -0.7188
vn 0.6100 -0.0229 -0.7920
vn 0.6931 -0.3041 -0.6535
vn 0.4437 0.4104 -0.7967
vn 0.3666 -0.9016 -0.2298
vn 0.6625 -0.4714 -0.5821
vn 0.3834 -0.8887 -0.2515
vn -0.1393 -0.9888 0.0533
vn 0.7340 -0.0689 -0.6757
vn 0.7161 -0.4060 -0.5678
vn 0.6544 0.0197 -0.7559
vn 0.8185 -0.1264 -0.5604
vn 0.5434 0.4487 -0.7095
vn 0.6274 0.4392 -0.6430
vn 0.3063 0.6755 -0.6707
vn 0.7762 -0.1705 -0.6070
vn 0.5349 -0.2690 -0.8009
vn 0.8642 -0.2978 -0.4056
vn 0.1470 -0.8453 -0.5136
vn 0.4884 -0.6089 -0.6251
vn 0.0276 -0.9957 -0.0880
vn 0.1744 -0.9718 -0.1585
vn 0.2015 -0.9794 -0.0150
vn -0.2165 -0.9709 0.1022
vn 0.6959 -0.7065 -0.1291
vn 0.8839 -0.1634 -0.4383
vn 0.7823 -0.5521 -0.2883
vn 0.1476 -0.9890 -0.0061
vn -0.2178 -0.9759 0.0155
vn 0.5623 -0.7783 -0.2793
vn 0.2902 -0.9569 -0.0138
vn -0.1147 -0.9931 -0.0230
vn 0.4698 -0.8767 -0.1039
vn 0.2383 -0.9709 -0.0235
vn 0.4472 -0.5887 -0.6734
vn 0.5395 -0.8418 -0.0187
vn 0.7767 0.0747 -0.6254
vn 0.5587 -0.8290 -0.0256
vn 0.8188 -0.5717 -0.0524
vn 0.7285 -0.6850 -0.0007
vn 0.8122 -0.5828 0.0258
vn 0.8497 -0.5266 -0.0259
vn 0.4840 -0.2913 -0.8251
vn 0.9844 0.0881 -0.1524
vn 0.7754 0.3516 -0.5246
vn 0.9689 -0.0357 -0.2450
vn 0.9728 -0.2010 -0.1153
vn 0.9277 -0.1253 -0.3518
vn 0.9923 -0.0074 -0.1238
vn 0.8821 0.4359 -0.1788
vn 0.7276 0.4422 -0.5245
vn 0.9403 -0.3392 -0.0274
vn 0.9989 -0.0313 0.0362
vn 0.9571 -0.2898 0.0078
vn 0.9047 0.4235 0.0469
vn 0.6345 -0.7184 -0.2850
vn 0.9920 -0.0448 0.1181
vn 0.3990 -0.7254 0.5609
vn 0.9429 -0.0875 0.3213
vn 0.5955 -0.7594 0.2622
vn 0.9785 -0.1867 0.0880
vn 0.2471 -0.9625 -0.1118
vn -0.0547 -0.9979 -0.0359
vn 0.9901 0.0685 0.1222
vn 0.9547 -0.2974 0.0041
vn 0.7979 -0.5871 0.1365
vn 0.8298 0.5210 0.1998
vn 0.9858 -0.1426 0.0886
vn 0.6776 -0.6759 -0.2900
vn 0.9474 0.1857 0.2607
vn 0.9023 -0.3027 0.3069
vn 0.8980 0.0302 0.4389
vn 0.0602 -0.9940 0.0911
vn 0.7542 -0.5396 0.3742
vn 0.5213 -0.7994 0.2985
vn 0.0537 -0.9971 -0.0547
vn 0.0076 -0.9999 0.0088
vn 0.5401 -0.8259 0.1616
vn 0.2222 -0.9603 0.1685
vn 0.4650 -0.8853 0.0044
vn -0.0462 -0.9915 -0.1219
vn 0.7746 -0.4063 0.4848
vn 0.8279 -0.2990 0.4745
vn 0.6264 -0.6322 0.4561
vn 0.8317 -0.0792 0.5495
vn 0.8118 -0.3881 0.4364
vn 0.7960 -0.5446 0.2642
vn 0.3184 -0.9428 -0.0987
vn 0.8950 -0.4230 0.1416
vn 0.7878 -0.1578 0.5954
vn 0.5647 -0.5996 0.5671
vn 0.2188 -0.9749 0.0411
vn 0.5896 -0.2035 0.7816
vn 0.7634 -0.0776 0.6412
vn -0.0735 -0.9970 0.0228
vn -0.0346 -0.9780 -0.2059
vn 0.8687 -0.2363 0.4354
vn 0.1860 -0.9820 0.0322
vn 0.0102 -0.9876 -0.1564
vn -0.6006 -0.7596 0.2496
vn 0.2583 -0.9552 -0.1447
vn 0.1236 -0.6023 0.7886
vn 0.7199 -0.0493 0.6923
vn 0.5385 0.4660 0.7020
vn 0.0030 0.3576 0.9339
vn 0.3360 -0.3483 0.8751
vn 0.6841 -0.1242 0.7187
vn 0.5151 -0.7232 0.4600
vn 0.6116 -0.1211 0.7819
vn 0.6398 0.3531 0.6826
vn -0.0266 -0.9797 -0.1985
vn 0.6036 -0.3323 0.7248
vn 0.4585 -0.8801 0.1230
vn -0.1545 -0.9868 -0.0477
vn -0.2711 -0.6475 0.7122
vn 0.4789 0.0667 0.8753
vn 0.0913 -0.2148 0.9724
vn -0.0067 -1.0000 0.0067
vn 0.0585 -0.9954 -0.0758
vn 0.4670 -0.2621 0.8445
vn 0.4717 -0.7869 0.3978
vn -0.4969 -0.4225 0.7580
vn 0.4282 0.1927 0.8829
vn 0.4401 -0.1022 0.8921
vn 0.0883 -0.2048 0.9748
vn 0.1366 -0.9454 0.2960
vn 0.2079 -0.9619 -0.1774
vn -0.1068 -0.9938 0.0299
vn 0.1475 -0.9798 -0.1353
vn 0.8158 -0.4268 0.3902
vn 0.1531 -0.9779 -0.1425
vn 0.1387 -0.9819 -0.1291
vn 0.1396 -0.8594 0.4918
vn 0.0720 -0.9963 -0.0480
vn 0.2308 -0.9628 -0.1406
vn 0.5600 -0.5626 0.6081
vn -0.0043 -0.7890 0.6143
vn 0.0872 -0.3991 0.9128
vn 0.3290 -0.0304 0.9438
vn 0.2282 -0.0988 0.9686
vn 0.4391 -0.7967 0.4153
vn 0.3244 -0.2854 0.9018
vn 0.1655 -0.0910 0.9820
vn 0.1500 0.2564 0.9549
vn 0.2348 -0.1167 0.9650
vn -0.1408 -0.4359 0.8889
vn 0.1416 0.2110 0.9672
vn -0.0045 0.5489 0.8359
vn -0.7265 -0.2115 0.6538
vn 0.3039 0.1542 0.9401
vn 0.2225 -0.1022 0.9696
vn 0.2461 0.2781 0.9285
vn 0.0122 0.4554 0.8902
vn -0.5993 0.7278 0.3333
vn 0.1628 0.5837 0.7955
vn 0.3989 0.3294 0.8558
vn -0.8065 0.1746 0.5649
vn 0.5308 0.3485 0.7725
vn -0.4736 0.8077 -0.3512
vn -0.2155 0.9042 -0.3688
vn -0.4069 0.8800 0.2449
vn -0.1296 0.8822 -0.4528
vn -0.1006 0.8583 -0.5033
vn -0.1410 0.8339 -0.5336
vn -0.3485 0.7204 -0.5997
vn -0.0843 0.8606 -0.5023
vn -0.1778 0.8502 -0.4955
vn 0.3196 0.8415 0.4357
vn 0.1578 0.9578 0.2405
vn -0.1983 0.8701 -0.4513
vn -0.3415 0.7945 -0.5021
vn -0.6212 0.7669 -0.1612
vn 0.1684 0.5665 0.8067
vn -0.5025 0.5989 -0.6236
vn -0.7846 0.5459 0.2940
vn -0.4493 0.8309 -0.3282
vn 0.2340 0.4058 0.8835
vn 0.4545 0.8882 0.0677
vn 0.2839 0.6121 0.7380
vn 0.0336 0.9774 0.2088
vn -0.2614 0.9240 -0.2792
vn -0.2071 0.7782 0.5929
vn 0.2934 0.6271 0.7215
vn 0.4482 0.6413 0.6228
vn 0.3386 0.7369 0.5851
vn -0.6738 0.7226 0.1546
vn 0.2219 0.9024 0.3694
vn 0.3534 0.8062 0.4745
vn -0.5784 0.7555 -0.3076
vn -0.3487 0.8803 -0.3217
vn -0.5389 0.7719 0.3374
vn -0.7974 0.5117 -0.3200
vn -0.5379 0.6094 -0.5825
vn -0.6492 0.3941 -0.6505
vn -0.5349 0.6847 -0.4951
vn -0.9248 -0.1412 0.3533
vn -0.8734 0.3067 -0.3783
vn -0.4052 0.6308 -0.6618
vn -0.4367 -0.1022 0.8938
vn -0.5513 0.4977 0.6696
vn 0.0504 0.6241 0.7798
vn -0.2891 0.8342 -0.4697
vn 0.2277 0.9734 0.0259
vn -0.0136 0.8398 -0.5428
vn 0.2525 0.9669 0.0370
vn -0.0857 0.9541 -0.2870
vn -0.4151 0.8513 -0.3210
vn -0.5888 0.7460 -0.3112
vn 0.2494 0.8899 0.3820
vn -0.1289 0.9885 0.0787
vn -0.6102 0.7414 -0.2795
vn -0.6175 0.7639 -0.1874
vn -0.2855 0.9579 0.0303
vn -0.2692 0.9627 0.0255
vn 0.4714 0.6601 0.5848
vn -0.1481 0.9563 0.2520
vn 0.4427 0.6077 0.6593
vn -0.2510 0.9530 -0.1694
vn 0.2118 0.9159 -0.3408
vn 0.6858 0.4988 0.5300
vn 0.4236 0.8584 0.2894
vn 0.5839 0.6339 0.5072
vn -0.1008 0.9646 0.2438
vn 0.7451 0.3440 0.5714
vn -0.5801 0.8105 -0.0808
vn 0.7873 0.3754 0.4891
vn 0.4263 0.8080 0.4066
vn 0.0840 0.7742 -0.6274
vn -0.6976 0.4991 -0.5141
vn -0.0328 0.1968 -0.9799
vn 0.5759 0.8122 -0.0931
vn 0.7867 0.5828 0.2036
vn 0.4212 0.9032 0.0826
vn -0.3865 0.7850 -0.4841
vn -0.4730 0.8803 -0.0355
vn 0.7220 0.6133 0.3202
vn 0.0432 0.9848 0.1683
vn -0.5685 0.7776 -0.2687
vn -0.5921 0.7607 -0.2659
vn 0.8384 0.3860 0.3848
vn 0.7313 0.6601 0.1715
vn 0.7694 0.6345 0.0740
vn 0.1943 0.5471 -0.8142
vn -0.3257 0.4329 -0.8405
vn -0.2611 0.8679 -0.4225
vn 0.4532 0.8787 0.1501
vn -0.2686 0.9569 0.1108
vn -0.3092 0.9509 0.0105
vn -0.3369 0.9365 -0.0970
vn -0.2909 0.9562 0.0330
vn 0.1073 0.9676 0.2285
vn 0.8093 0.4031 0.4274
vn 0.6424 0.7629 0.0728
vn 0.0445 0.7745 -0.6310
vn 0.7599 0.6430 -0.0956
vn 0.6402 0.6570 -0.3981
vn 0.3630 0.9232 -0.1260
vn 0.1516 0.9871 0.0522
vn 0.7863 0.6141 -0.0680
vn -0.4043 0.9103 -0.0883
vn 0.1096 0.7344 -0.6698
vn 0.7348 0.6559 -0.1728
vn 0.5782 0.7355 -0.3531
vn -0.0632 0.9949 0.0792
vn 0.3440 0.9336 0.1000
vn -0.3311 0.9321 0.1471
vn -0.4065 0.9107 0.0740
vn -0.4930 0.8417 0.2204
vn 0.7304 0.6733 -0.1150
vn 0.3265 0.9339 -0.1458
vn 0.8077 0.4656 -0.3617
vn 0.6982 0.5579 -0.4487
vn 0.3849 0.9067 -0.1725
vn 0.2082 0.9757 0.0677
vn -0.6071 0.7341 0.3042
vn -0.4961 0.7813 0.3787
vn 0.6306 0.6740 -0.3848
vn 0.3876 0.9215 0.0250
vn -0.8629 0.4946 0.1033
vn 0.5578 0.4048 -0.7246
vn -0.1689 0.8193 -0.5479
vn 0.2357 0.6505 -0.7221
vn 0.2788 0.8721 -0.4021
vn 0.3214 0.9464 -0.0333
vn -0.2397 0.8746 0.4214
vn 0.4941 0.7801 -0.3838
vn 0.3777 0.8743 0.3050
vn -0.5525 0.6523 0.5189
vn -0.4969 0.5085 0.7032
vn 0.5115 0.7384 -0.4394
vn -0.4693 0.5683 0.6759
vn -0.2295 0.9662 -0.1176
vn -0.9173 0.3982 0.0018
vn -0.1689 0.4891 -0.8557
vn 0.3477 0.8298 -0.4365
vn -0.6004 0.5721 0.5587
vn -0.4994 0.7603 0.4153
vn 0.2802 0.1102 0.9536
vn 0.3538 0.8278 -0.4353
vn 0.8122 0.3841 0.4391
vn -0.7523 0.1447 0.6428
vn -0.0647 0.9068 0.4167
vn 0.4827 0.8283 -0.2844
vn -0.5722 0.7865 -0.2323
vn -0.2869 0.9536 -0.0916
vn -0.6203 0.7223 0.3059
vn 0.1751 0.9638 -0.2013
vn -0.2898 0.9001 0.3252
vn 0.4271 0.8933 0.1402
vn -0.3965 0.8348 0.3820
vn 0.1688 0.9691 0.1799
vn -0.4194 0.8611 -0.2874
vn 0.2080 0.8563 -0.4727
vn 0.1741 0.9472 0.2692
vn -0.2842 0.8179 0.5003
vn -0.3382 0.8193 0.4630
vn 0.8615 0.4904 -0.1317
vn -0.3831 0.8273 0.4108
vn 0.3674 0.9296 0.0292
vn 0.7225 0.6238 -0.2980
vn 0.2444 0.7068 -0.6638
vn 0.3494 0.4537 -0.8198
vn 0.1726 0.6932 -0.6998
vn -0.1761 0.9677 -0.1804
vn 0.1150 0.9177 -0.3803
vn -0.1253 0.8713 0.4745
vn -0.1693 0.7612 0.6260
vn 0.1369 0.6190 -0.7734
vn 0.3232 0.9447 -0.0558
vn -0.1030 0.7708 0.6286
vn -0.0430 0.8960 -0.4419
vn 0.2482 0.4255 -0.8703
vn -0.3260 0.9318 -0.1594
vn -0.5187 0.7295 -0.4459
vn -0.3313 0.7885 0.5181
vn -0.0371 0.9078 0.4178
vn 0.0524 0.7436 -0.6666
vn 0.0224 0.6816 0.7314
vn -0.0425 0.8421 -0.5376
vn 0.1266 0.7989 0.5880
vn -0.2812 0.6566 0.6998
vn 0.2735 0.9599 -0.0616
vn 0.1057 0.9261 0.3621
vn 0.0437 0.8947 -0.4445
vn -0.5399 0.7697 0.3406
vn -0.3646 0.8960 -0.2536
vn -0.5004 0.2389 0.8322
vn -0.4200 0.8671 0.2678
vn 0.0913 0.9880 -0.1243
vn 0.0332 -0.9765 0.2131
vn 0.1070 -0.7923 0.6007
vn 0.1231 -0.8532 0.5069
vn 0.0062 -0.9932 0.1163
vn 0.1371 -0.9592 0.2471
vn 0.2146 -0.9049 0.3677
vn 0.2703 -0.9605 -0.0658
vn -0.2349 -0.9477 -0.2160
vn -0.0460 -0.5468 -0.8360
vn -0.4950 -0.7271 -0.4758
vn -0.3626 -0.2564 -0.8960
vn 0.0340 -0.9949 0.0950
vn -0.1340 -0.3712 -0.9188
vn -0.2866 0.0503 -0.9567
vn 0.3239 -0.8252 -0.4626
vn -0.1976 -0.3591 -0.9121
vn -0.4047 -0.7629 -0.5042
vn -0.2809 -0.4225 -0.8617
vn -0.2376 -0.7168 -0.6556
vn -0.1669 -0.0813 -0.9826
vn -0.2645 0.4641 -0.8454
vn -0.2188 -0.1067 -0.9699
vn -0.1854 0.4782 -0.8584
vn -0.0453 0.7709 -0.6353
vn 0.3188 -0.8531 -0.4130
vn -0.1801 -0.4709 -0.8636
vn 0.1133 -0.4051 -0.9072
vn 0.3406 -0.9340 -0.1080
vn 0.2466 -0.7002 -0.6700
vn -0.1328 -0.3578 -0.9243
vn 0.0365 -0.9992 -0.0138
vn -0.1469 -0.8797 -0.4522
vn -0.2177 -0.4389 -0.8717
vn 0.0394 -0.6204 -0.7833
vn 0.2905 -0.9560 -0.0413
vn 0.2156 -0.9426 0.2549
vn 0.2563 -0.9337 0.2500
vn 0.1007 -0.8628 -0.4954
vn 0.0178 -0.9973 0.0708
vn -0.3555 -0.3823 -0.8529
vn -0.3547 -0.4329 -0.8287
vn -0.2963 -0.1719 -0.9395
vn -0.3720 -0.3703 -0.8512
vn -0.2848 0.3941 -0.8738
vn -0.4434 -0.1592 -0.8821
vn -0.4921 -0.4079 -0.7691
vn -0.3352 -0.8401 -0.4265
vn 0.0008 -0.7790 -0.6270
vn -0.5372 -0.1705 -0.8260
vn 0.1539 -0.9880 -0.0105
vn -0.3876 -0.4242 -0.8184
vn 0.1324 -0.9863 0.0988
vn -0.2111 -0.8641 -0.4569
vn -0.4484 -0.3006 -0.8418
vn 0.0645 -0.9920 0.1082
vn -0.4484 -0.4466 -0.7743
vn -0.4807 -0.2211 -0.8486
vn -0.1696 -0.9376 -0.3035
vn 0.0762 -0.9885 0.1302
vn -0.0969 -0.9715 0.2164
vn 0.0699 -0.9975 0.0115
vn 0.1634 -0.9753 0.1490
vn -0.0150 -0.9667 -0.2553
vn 0.0397 -0.9954 0.0873
vn -0.2386 -0.9380 -0.2515
vn 0.2933 -0.9545 0.0533
vn -0.2199 -0.9481 -0.2297
vn -0.3880 -0.9155 0.1066
vn 0.3475 -0.6022 -0.7187
vn -0.6773 -0.7335 0.0565
vn -0.6316 -0.5539 -0.5424
vn -0.6687 -0.3141 -0.6739
vn -0.6232 -0.2540 -0.7396
vn -0.6366 -0.4095 -0.6535
vn -0.5800 -0.5698 -0.5821
vn -0.7140 -0.1837 -0.6757
vn -0.6432 -0.5137 -0.5678
vn -0.5988 -0.1187 -0.7921
vn -0.6493 -0.0836 -0.7559
vn -0.5029 0.3354 -0.7966
vn -0.6073 0.3574 -0.7095
vn -0.6888 0.3349 -0.6430
vn -0.4165 0.3930 -0.8198
vn -0.4089 0.6188 -0.6707
vn -0.3403 0.8129 -0.4727
vn -0.2797 0.6574 -0.6998
vn -0.3527 0.6595 -0.6638
vn -0.2582 0.8881 -0.3803
vn -0.2327 0.5897 -0.7734
vn -0.8118 0.5022 -0.2981
vn 0.0215 0.9834 -0.1804
vn -0.5093 0.8601 0.0292
vn -0.9280 0.3485 -0.1317
vn -0.3212 0.9079 0.2692
vn 0.2480 0.8773 0.4109
vn 0.1518 0.8525 0.5003
vn -0.0136 0.8802 0.4745
vn 0.2049 0.8623 0.4630
vn 0.3734 0.8295 0.4153
vn 0.0473 0.7784 0.6260
vn 0.1444 0.9345 0.3252
vn -0.4680 0.8820 -0.0558
vn -0.0197 0.7775 0.6286
vn -0.3122 0.3810 -0.8703
vn -0.1063 0.9023 0.4178
vn 0.2029 0.8309 0.5181
vn 0.1752 0.9715 -0.1594
vn 0.3973 0.8021 -0.4459
vn -0.0987 0.8916 -0.4419
vn -0.1295 0.6695 0.7314
vn -0.1689 0.7260 -0.6666
vn -0.2509 0.7690 0.5879
vn -0.4213 0.9048 -0.0616
vn 0.1742 0.6927 0.6998
vn 0.0374 0.7262 0.6865
vn 0.4119 0.8452 0.3406
vn -0.0636 0.7367 0.6732
vn 0.2791 0.7064 0.6505
vn 0.4565 0.3147 0.8322
vn 0.1583 0.9796 0.1237
vn 0.4722 0.8044 -0.3604
vn -0.2503 0.8979 0.3622
vn 0.2783 0.9224 0.2678
vn -0.2458 0.9613 -0.1243
vn -0.0835 0.8486 -0.5225
vn -0.1066 0.6754 -0.7298
vn 0.2189 0.9422 -0.2536
vn -0.0907 0.8383 -0.5376
vn -0.1841 0.8766 -0.4445
vn 0.1087 -0.2883 0.9513
vn 0.2337 -0.3856 0.8926
vn 0.3211 -0.4924 0.8089
vn 0.2783 -0.3085 0.9096
vn 0.2769 0.0863 0.9570
vn 0.0833 0.0693 0.9941
vn 0.6868 -0.3031 0.6606
vn 0.6902 -0.5151 0.5083
vn 0.7594 -0.5310 0.3759
vn 0.2141 0.4472 0.8684
vn 0.0335 0.4546 0.8901
vn -0.0529 0.7452 0.6647
vn 0.6609 0.1031 0.7433
vn 0.8118 -0.3584 0.4610
vn 0.7930 -0.5546 0.2521
vn 0.8402 0.0640 0.5385
vn 0.5885 0.4430 0.6763
vn 0.0988 0.7269 0.6796
vn -0.2344 0.9041 0.3573
vn 0.8773 -0.3439 0.3349
vn 0.8152 -0.5792 -0.0006
vn -0.0607 0.9324 0.3563
vn 0.9245 -0.3811 0.0042
vn -0.1611 0.9785 -0.1287
vn -0.3833 0.9208 -0.0721
vn -0.2053 0.9786 0.0137
vn 0.2124 0.9674 0.1383
vn 0.4319 0.7407 0.5146
vn -0.0764 0.9899 -0.1192
vn 0.7580 0.4351 0.4859
vn 0.5560 0.7721 0.3077
vn 0.1900 0.9818 0.0034
vn 0.9316 0.0783 0.3549
vn 0.8344 0.4678 0.2913
vn 0.5991 0.7762 0.1964
vn 0.9998 0.0185 -0.0019
vn 0.9224 0.3862 -0.0029
vn 0.8764 -0.3566 -0.3238
vn 0.7766 -0.5771 -0.2526
vn 0.7330 -0.5349 -0.4202
vn 0.9269 0.1072 -0.3596
vn 0.7782 -0.3684 -0.5086
vn 0.8085 0.0611 -0.5853
vn 0.6437 -0.2746 -0.7143
vn 0.6639 -0.4844 -0.5697
vn 0.3340 -0.4342 -0.8366
vn 0.2738 -0.2601 -0.9259
vn 0.1479 -0.3855 -0.9108
vn 0.0757 -0.2438 -0.9669
vn 0.2540 0.0929 -0.9627
vn 0.0262 0.0815 -0.9963
vn -0.0219 0.4543 -0.8906
vn 0.6214 0.1096 -0.7758
vn 0.1897 0.4557 -0.8697
vn -0.1263 0.7578 -0.6402
vn 0.5572 0.4207 -0.7159
vn 0.0490 0.7520 -0.6574
vn -0.2602 0.9328 -0.2495
vn 0.7329 0.4311 -0.5263
vn 0.4064 0.7445 -0.5296
vn -0.1069 0.9441 -0.3120
vn -0.3507 0.9335 0.0748
vn 0.1679 0.9718 -0.1658
vn -0.1586 0.9797 0.1224
vn 0.5364 0.7727 -0.3393
vn -0.0846 0.9877 0.1316
vn 0.1501 0.9871 -0.0556
vn -0.1352 0.9898 0.0444
vn 0.2113 0.9764 -0.0437
vn 0.2172 0.9735 0.0712
vn 0.3269 0.9449 0.0140
vn 0.6908 0.7231 -0.0015
vn 0.5866 0.7864 -0.1936
vn 0.8040 0.5145 -0.2982
vn -0.2395 -0.5369 0.8089
vn -0.1700 -0.4176 0.8926
vn -0.0620 -0.3018 0.9513
vn -0.2262 -0.3485 0.9096
vn -0.2863 0.0423 0.9572
vn -0.0950 0.0565 0.9939
vn -0.1066 0.4422 0.8906
vn -0.6305 -0.4075 0.6606
vn -0.6004 -0.6174 0.5083
vn -0.6663 -0.6440 0.3759
vn -0.2812 0.4075 0.8689
vn -0.0652 0.7442 0.6647
vn -0.6689 -0.0023 0.7433
vn -0.7452 -0.4818 0.4610
vn -0.6957 -0.6726 0.2521
vn -0.8398 -0.0692 0.5385
vn -0.8121 -0.4778 0.3349
vn -0.7138 -0.7004 -0.0006
vn -0.6509 0.3448 0.6763
vn -0.8530 -0.5220 0.0042
vn -0.2120 0.7022 0.6796
vn 0.0890 0.9297 0.3573
vn -0.8092 -0.4902 -0.3238
vn -0.6760 -0.6922 -0.2526
vn -0.6395 -0.6437 -0.4202
vn -0.9908 -0.1354 0.0027
vn -0.9344 -0.0664 0.3501
vn -0.8171 0.3103 0.4859
vn -0.9008 0.3261 0.2867
vn -0.5432 0.6634 0.5146
vn -0.6707 0.6749 0.3076
vn -0.3621 0.9218 0.1383
vn -0.0869 0.9303 0.3563
vn 0.0045 0.9917 -0.1284
vn 0.2334 0.9698 -0.0711
vn 0.0480 0.9988 0.0135
vn -0.0806 0.9896 -0.1188
vn -0.3423 0.9396 0.0034
vn -0.7139 0.6721 0.1964
vn -0.3678 0.9272 0.0712
vn -0.0232 0.9987 0.0444
vn -0.4717 0.8816 0.0140
vn -0.9726 0.2325 0.0030
vn -0.7960 0.6052 -0.0015
vn -0.3625 0.9310 -0.0437
vn -0.9322 -0.0402 -0.3596
vn -0.8750 0.3815 -0.2982
vn -0.7032 0.6841 -0.1936
vn -0.6515 0.6786 -0.3393
vn -0.7917 0.3103 -0.5263
vn -0.8080 -0.0671 -0.5853
vn -0.7104 -0.4864 -0.5086
vn -0.5924 -0.3726 -0.7143
vn -0.5793 -0.5830 -0.5697
vn -0.2615 -0.4814 -0.8366
vn -0.6165 0.3276 -0.7159
vn -0.2294 -0.3000 -0.9259
vn -0.0853 -0.4040 -0.9108
vn -0.0363 -0.2527 -0.9669
vn -0.6309 0.0103 -0.7758
vn -0.2656 0.0516 -0.9627
vn -0.0385 0.0762 -0.9963
vn -0.2592 0.4202 -0.8696
vn -0.0497 0.4522 -0.8905
vn 0.0054 0.7682 -0.6402
vn -0.1668 0.7349 -0.6574
vn 0.1100 0.9621 -0.2495
vn -0.5186 0.6712 -0.5296
vn -0.0432 0.9491 -0.3120
vn 0.1992 0.9772 0.0738
vn -0.3189 0.9332 -0.1658
vn 0.0019 0.9925 0.1221
vn -0.3037 0.9511 -0.0556
vn -0.0722 0.9887 0.1312
vn 0.8853 0.0271 -0.4642
vn 0.6937 0.6184 -0.3692
vn 0.8809 0.1543 -0.4474
vn 0.7707 -0.3633 -0.5236
vn 0.7626 0.5296 -0.3714
vn 0.8276 0.3161 -0.4640
vn 0.7487 0.5234 -0.4068
vn 0.8047 0.3127 -0.5046
vn 0.9928 -0.1199 -0.0000
vn 0.7317 -0.1724 -0.6594
vn 0.9847 0.1740 -0.0000
vn 0.9174 0.3979 -0.0000
vn 0.9243 0.3816 -0.0000
vn 0.8047 0.3127 0.5046
vn 0.7487 0.5234 0.4068
vn 0.7626 0.5296 0.3715
vn 0.8276 0.3161 0.4640
vn 0.8809 0.1543 0.4474
vn 0.6938 0.6184 0.3692
vn 0.8853 0.0271 0.4642
vn 0.7706 -0.3633 0.5236
vn 0.7317 -0.1724 0.6594
vn 0.8661 0.4047 0.2934
vn 0.8661 0.4047 -0.2934
vn 0.9974 0.0721 -0.0000
vn 0.9957 0.0863 0.0333
vn 0.9842 0.1409 -0.1071
vn 0.6650 0.7466 0.0221
vn 0.8100 0.4218 0.4074
vn 0.6677 -0.5101 0.5423
vn 0.6221 -0.7711 0.1359
vn 0.8593 -0.2739 0.4321
vn 0.7472 -0.0197 0.6643
vn 0.9688 0.2454 0.0337
vn 0.7959 -0.1959 -0.5729
vn 0.9930 -0.1184 -0.0048
vn 0.8784 -0.0800 0.4712
vn 0.8262 -0.1174 0.5510
vn 0.9859 0.0461 -0.1610
vn 0.8123 0.0921 -0.5759
vn 0.9192 -0.2447 0.3086
vn 0.9747 -0.2218 0.0282
vn 0.7336 -0.4885 -0.4724
vn 0.9995 -0.0310 -0.0000
vn 0.7021 0.4123 0.5806
vn 0.8593 -0.2739 -0.4321
vn 0.9305 0.3663 -0.0000
vn 0.5649 0.6880 0.4555
vn 0.7472 -0.0198 -0.6643
vn 0.7020 0.4124 -0.5806
vn 0.6677 -0.5101 -0.5423
vn 0.5649 0.6881 -0.4555
vn 0.9957 0.0863 -0.0333
vn 0.7715 0.6362 -0.0000
vn 0.8386 0.1153 -0.5324
vn 0.8386 0.1153 0.5324
vn 0.9746 0.2240 -0.0000
vn 0.8171 -0.3497 -0.4582
vn 0.8171 -0.3497 0.4582
vn 0.9245 -0.3813 -0.0000
vn 0.9842 0.1409 0.1071
vn 0.6650 0.7466 -0.0221
vn 0.6221 -0.7711 -0.1359
vn 0.8100 0.4218 -0.4073
vn 0.9688 0.2454 -0.0337
vn 0.7959 -0.1959 0.5729
vn 0.9930 -0.1184 0.0048
vn 0.8784 -0.0800 -0.4712
vn 0.8262 -0.1174 -0.5510
vn 0.9859 0.0461 0.1610
vn 0.8123 0.0920 0.5759
vn 0.9192 -0.2447 -0.3086
vn 0.9747 -0.2218 -0.0282
vn 0.7336 -0.4885 0.4725
vn -0.8785 -0.1127 -0.4642
vn -0.8942 0.0137 -0.4474
vn -0.7825 0.5013 -0.3692
vn -0.7038 -0.4801 -0.5236
vn -0.8365 0.4029 -0.3714
vn -0.8670 0.1818 -0.4639
vn -0.8218 0.3990 -0.4068
vn -0.8440 0.1820 -0.5046
vn -0.9615 -0.2748 -0.0000
vn -0.6954 -0.2856 -0.6594
vn -0.9999 0.0167 -0.0000
vn -0.9687 0.2484 -0.0000
vn -0.9729 0.2312 -0.0000
vn -0.8440 0.1820 0.5046
vn -0.8218 0.3990 0.4068
vn -0.8365 0.4029 0.3714
vn -0.8670 0.1818 0.4639
vn -0.8942 0.0137 0.4474
vn -0.7825 0.5013 0.3692
vn -0.8785 -0.1127 0.4642
vn -0.7038 -0.4801 0.5236
vn -0.6954 -0.2856 0.6594
vn -0.9190 0.2632 0.2933
vn -0.9190 0.2632 -0.2934
vn -0.9963 -0.0859 -0.0000
vn -0.9969 -0.0716 0.0332
vn -0.9969 -0.0716 -0.0332
vn -0.9941 -0.0159 -0.1071
vn -0.7742 0.6325 0.0221
vn -0.8664 0.2889 0.4073
vn -0.8054 -0.4058 0.4321
vn -0.5790 -0.6089 0.5423
vn -0.4928 -0.8594 0.1359
vn -0.7348 -0.1372 0.6643
vn -0.9954 0.0897 0.0337
vn -0.7551 -0.3188 -0.5729
vn -0.9619 -0.2733 -0.0048
vn -0.8548 -0.2174 0.4712
vn -0.7974 -0.2461 0.5510
vn -0.9808 -0.1098 -0.1610
vn -0.8167 -0.0371 -0.5759
vn -0.8691 -0.3865 0.3086
vn -0.9276 -0.3725 0.0282
vn -0.6474 -0.5980 -0.4724
vn -0.9822 -0.1881 -0.0000
vn -0.7583 0.2966 0.5806
vn -0.8054 -0.4058 -0.4321
vn -0.9766 0.2151 -0.0000
vn -0.6662 0.5905 0.4555
vn -0.7348 -0.1372 -0.6643
vn -0.7582 0.2966 -0.5806
vn -0.5790 -0.6089 -0.5423
vn -0.6662 0.5905 -0.4555
vn -0.9941 -0.0159 0.1071
vn -0.7743 0.6325 -0.0221
vn -0.4928 -0.8594 -0.1359
vn -0.8664 0.2889 -0.4073
vn -0.9954 0.0897 -0.0337
vn -0.7551 -0.3188 0.5729
vn -0.9619 -0.2733 0.0048
vn -0.8548 -0.2174 -0.4712
vn -0.7974 -0.2461 -0.5510
vn -0.9808 -0.1098 0.1610
vn -0.8167 -0.0371 0.5759
vn -0.8691 -0.3865 -0.3086
vn -0.9276 -0.3726 -0.0282
vn -0.6474 -0.5980 0.4725
vn -0.8621 0.5067 -0.0000
vn -0.8463 -0.0183 -0.5324
vn -0.8463 -0.0183 0.5324
vn -0.9977 0.0677 -0.0000
vn -0.7518 -0.4741 -0.4582
vn -0.7518 -0.4741 0.4582
vn -0.8529 -0.5221 -0.0000
vn 0.2072 -0.9251 -0.3181
vn 0.2440 -0.9236 -0.2956
vn 0.4216 -0.8417 -0.3374
vn 0.2866 -0.8414 -0.4582
vn 0.4050 -0.8943 -0.1900
vn 0.6162 -0.5492 -0.5644
vn 0.3869 -0.5462 -0.7430
vn 0.5430 -0.8397 -0.0000
vn 0.4607 -0.8876 -0.0000
vn 0.4050 -0.8943 0.1900
vn 0.7036 -0.2153 -0.6772
vn 0.4080 -0.2369 -0.8817
vn 0.3963 -0.4449 -0.8031
vn 0.8245 -0.5659 -0.0000
vn 0.6600 -0.4497 -0.6018
vn 0.5128 -0.8585 -0.0000
vn 0.9793 -0.2025 -0.0000
vn 0.9070 -0.4212 -0.0000
vn 0.6600 -0.4497 0.6018
vn 0.3963 -0.4449 0.8031
vn 0.7036 -0.2153 0.6772
vn 0.4080 -0.2369 0.8817
vn 0.3869 -0.5462 0.7430
vn 0.6162 -0.5492 0.5645
vn 0.2866 -0.8414 0.4582
vn 0.4216 -0.8417 0.3374
vn 0.2072 -0.9251 0.3181
vn 0.2440 -0.9236 0.2956
vn -0.2838 -0.8976 -0.3374
vn -0.0955 -0.9505 -0.2956
vn -0.0589 -0.9462 -0.3181
vn -0.2591 -0.9470 -0.1900
vn -0.1504 -0.8760 -0.4582
vn -0.4039 -0.9148 -0.0000
vn -0.3151 -0.9491 -0.0000
vn -0.5220 -0.6394 -0.5645
vn -0.2960 -0.6003 -0.7430
vn -0.2591 -0.9470 0.1900
vn -0.6609 -0.3235 -0.6772
vn -0.3656 -0.2982 -0.8817
vn -0.3213 -0.5018 -0.8031
vn -0.2837 -0.8976 0.3374
vn -0.0954 -0.9505 0.2956
vn -0.0589 -0.9462 0.3181
vn -0.1504 -0.8760 0.4582
vn -0.5220 -0.6394 0.5645
vn -0.2960 -0.6003 0.7430
vn -0.7250 -0.6887 -0.0000
vn -0.6609 -0.3235 0.6772
vn -0.3656 -0.2982 0.8817
vn -0.3213 -0.5017 0.8031
vn -0.9351 -0.3543 -0.0000
vn -0.5809 -0.5481 0.6018
vn -0.3712 -0.9286 -0.0000
vn -0.8293 -0.5588 -0.0000
vn -0.5809 -0.5481 -0.6018
vn 0.1456 0.7277 -0.6703
vn 0.1218 0.8087 -0.5755
vn 0.2373 0.8294 -0.5058
vn 0.2834 0.7462 -0.6025
vn 0.0590 0.9444 -0.3236
vn 0.5733 0.7365 -0.3590
vn 0.1622 0.9607 -0.2253
vn 0.4411 0.8355 -0.3276
vn 0.6344 0.7730 -0.0000
vn 0.0730 0.9973 -0.0000
vn 0.5114 0.8593 -0.0000
vn 0.3309 0.9437 -0.0000
vn 0.1622 0.9607 0.2253
vn 0.0590 0.9444 0.3236
vn 0.4411 0.8355 0.3276
vn 0.5733 0.7365 0.3590
vn 0.2373 0.8294 0.5058
vn 0.1218 0.8087 0.5755
vn 0.2834 0.7462 0.6025
vn 0.1456 0.7277 0.6703
vn -0.2584 0.6957 -0.6703
vn -0.3974 0.6922 -0.6025
vn -0.3650 0.7816 -0.5058
vn -0.2477 0.7794 -0.5755
vn -0.6822 0.6370 -0.3590
vn -0.2070 0.9233 -0.3236
vn -0.5672 0.7556 -0.3276
vn -0.7483 0.6634 -0.0000
vn -0.3115 0.9232 -0.2253
vn -0.2292 0.9734 -0.0000
vn -0.6404 0.7680 -0.0000
vn -0.4754 0.8798 -0.0000
vn -0.3115 0.9232 0.2253
vn -0.2070 0.9233 0.3236
vn -0.5672 0.7556 0.3276
vn -0.6822 0.6370 0.3590
vn -0.3650 0.7816 0.5058
vn -0.2476 0.7794 0.5755
vn -0.3974 0.6922 0.6025
vn -0.2584 0.6957 0.6703
vn 0.8619 0.1103 -0.4949
vn 0.8295 0.0795 -0.5528
vn 0.8238 0.0696 -0.5626
vn 0.9036 0.0234 -0.4278
vn 0.8663 0.1127 -0.4867
vn 0.8835 0.1072 -0.4560
vn 0.8279 0.1698 -0.5345
vn 0.7747 0.1347 -0.6178
vn 0.7379 0.2116 -0.6409
vn 0.8857 0.3112 -0.3445
vn 0.7987 0.2297 -0.5561
vn 0.7744 0.2964 -0.5590
vn 0.7072 0.3264 -0.6271
vn 0.6606 0.4673 -0.5876
vn 0.7607 0.3522 -0.5452
vn 0.7458 0.4539 -0.4876
vn 0.6204 0.5661 -0.5428
vn 0.6474 0.5889 -0.4838
vn 0.7533 0.5149 -0.4091
vn 0.7782 0.5253 -0.3442
vn 0.6888 0.6106 -0.3908
vn 0.7514 0.6068 -0.2594
vn 0.8179 0.5118 -0.2629
vn 0.8460 0.4924 -0.2046
vn 0.8006 0.5755 -0.1668
vn 0.8422 0.5268 -0.1145
vn 0.8804 0.4479 -0.1558
vn 0.8885 0.4324 -0.1537
vn 0.8637 0.4932 -0.1039
vn 0.9065 0.4119 -0.0926
vn 0.9038 0.3940 -0.1672
vn 0.9334 0.3250 -0.1522
vn 0.9547 0.2878 -0.0763
vn 0.9696 0.2258 -0.0945
vn 0.9502 0.2655 -0.1633
vn 0.9586 0.2109 -0.1914
vn 0.9750 0.1394 -0.1731
vn 0.9690 0.0685 -0.2373
vn 0.9513 0.1462 -0.2713
vn 0.9273 0.1006 -0.3607
vn 0.8619 0.1103 0.4949
vn 0.8238 0.0696 0.5626
vn 0.9036 0.0234 0.4278
vn 0.8663 0.1127 0.4867
vn 0.8835 0.1072 0.4560
vn 0.8279 0.1698 0.5345
vn 0.7747 0.1347 0.6178
vn 0.7379 0.2116 0.6409
vn 0.9272 0.1006 0.3607
vn 0.9690 0.0685 0.2373
vn 0.7987 0.2297 0.5561
vn 0.9513 0.1462 0.2713
vn 0.7744 0.2964 0.5590
vn 0.7072 0.3264 0.6271
vn 0.6606 0.4673 0.5876
vn 0.9586 0.2109 0.1914
vn 0.9750 0.1394 0.1731
vn 0.9696 0.2258 0.0945
vn 0.7607 0.3522 0.5452
vn 0.9502 0.2655 0.1633
vn 0.7458 0.4539 0.4876
vn 0.6204 0.5661 0.5428
vn 0.6474 0.5889 0.4838
vn 0.9334 0.3250 0.1522
vn 0.9547 0.2878 0.0763
vn 0.9065 0.4119 0.0926
vn 0.7533 0.5149 0.4091
vn 0.9038 0.3940 0.1672
vn 0.7782 0.5253 0.3442
vn 0.6888 0.6106 0.3908
vn 0.7514 0.6068 0.2594
vn 0.8885 0.4324 0.1537
vn 0.8637 0.4932 0.1039
vn 0.8422 0.5268 0.1145
vn 0.8179 0.5118 0.2629
vn 0.8804 0.4479 0.1558
vn 0.8460 0.4924 0.2046
vn 0.8006 0.5755 0.1668
vn 0.8857 0.3112 0.3445
vn 0.3138 -0.9495 -0.0000
vn 0.1450 -0.9894 -0.0000
vn 0.1519 -0.9876 -0.0405
vn 0.0046 -1.0000 -0.0000
vn 0.3031 -0.9439 -0.1313
vn 0.5725 -0.8199 -0.0000
vn 0.1168 -0.9891 -0.0894
vn 0.5181 -0.8264 -0.2206
vn 0.7931 -0.6090 -0.0000
vn 0.2548 -0.9429 -0.2143
vn 0.7083 -0.6496 -0.2764
vn 0.9580 -0.2867 -0.0003
vn 0.4093 -0.8399 -0.3564
vn 0.8791 -0.3514 -0.3219
vn 0.9995 -0.0306 -0.0002
vn 0.5531 -0.6774 -0.4850
vn 0.1777 -0.9474 -0.2663
vn 0.9446 -0.0434 -0.3255
vn 0.2618 -0.8570 -0.4439
vn 0.0998 -0.9855 -0.1372
vn 0.1256 -0.9474 -0.2943
vn 0.6731 -0.4030 -0.6201
vn 0.7463 -0.1032 -0.6576
vn 0.3949 -0.3916 -0.8311
vn 0.9325 0.1483 -0.3293
vn 0.9959 0.0904 0.0001
vn 0.9482 0.3176 0.0001
vn 0.7436 0.1039 -0.6605
vn 0.8769 0.3670 -0.3103
vn 0.8047 0.5195 -0.2873
vn 0.8611 0.5084 -0.0001
vn 0.7602 0.6496 0.0002
vn 0.6924 0.6725 -0.2615
vn 0.6168 0.7871 0.0002
vn 0.5910 0.6052 -0.5334
vn 0.5400 0.8099 -0.2292
vn 0.4924 0.8704 0.0003
vn 0.4767 0.7361 -0.4806
vn 0.6962 0.3763 -0.6113
vn 0.4333 0.8768 -0.2085
vn 0.4266 0.9044 0.0003
vn 0.4010 0.8179 -0.4126
vn 0.3777 0.8993 -0.2202
vn 0.3485 0.8728 -0.3417
vn 0.2596 0.7123 -0.6521
vn 0.4093 0.8786 -0.2460
vn 0.4446 0.8957 0.0005
vn 0.3026 0.9013 -0.3099
vn 0.2523 0.7877 -0.5620
vn 0.1884 0.8780 -0.4401
vn 0.2965 0.5943 -0.7476
vn 0.0304 0.6789 -0.7336
vn 0.3366 0.4088 -0.8483
vn 0.0233 0.5915 -0.8059
vn 0.0344 0.4503 -0.8922
vn 0.3537 0.1801 -0.9178
vn 0.0325 0.3800 -0.9244
vn -0.1924 0.4195 -0.8871
vn 0.4423 -0.0458 -0.8957
vn 0.2357 0.0893 -0.9677
vn 0.2940 0.0184 -0.9556
vn 0.0717 0.3546 -0.9323
vn -0.2390 0.1939 -0.9515
vn -0.2671 0.1896 -0.9448
vn -0.4182 -0.1029 -0.9025
vn 0.1480 -0.3523 -0.9241
vn 0.4693 -0.8462 -0.2525
vn -0.2802 -0.1356 -0.9503
vn -0.3515 -0.4374 -0.8277
vn 0.0263 -0.5797 -0.8144
vn 0.1742 -0.6345 -0.7530
vn 0.3656 -0.6803 -0.6353
vn 0.0657 -0.7371 -0.6725
vn -0.0898 -0.6434 -0.7603
vn -0.3343 -0.8430 -0.4215
vn 0.0488 -0.8743 -0.4830
vn -0.1096 -0.7319 -0.6725
vn -0.1594 -0.6742 -0.7211
vn -0.1793 -0.7297 -0.6599
vn -0.1516 -0.8458 -0.5115
vn -0.2508 -0.5864 -0.7703
vn -0.2197 -0.6582 -0.7200
vn -0.3010 -0.4183 -0.8570
vn -0.2575 -0.4156 -0.8723
vn -0.1869 -0.8084 -0.5581
vn -0.2360 -0.1475 -0.9605
vn 0.0519 -0.9198 -0.3890
vn -0.1202 -0.8876 -0.4446
vn 0.0064 -0.9573 -0.2889
vn -0.0896 -0.9298 -0.3569
vn -0.1694 -0.8523 -0.4949
vn 0.0650 -0.9761 -0.2072
vn -0.1263 -0.9281 -0.3502
vn -0.1866 -0.8871 -0.4222
vn -0.1578 -0.9364 -0.3134
vn -0.0797 -0.9706 -0.2272
vn -0.1670 -0.8232 -0.5427
vn -0.0773 -0.9723 -0.2206
vn -0.0762 -0.9723 -0.2211
vn -0.0377 -0.9824 -0.1831
vn -0.0515 -0.9850 -0.1645
vn -0.0436 -0.9837 -0.1744
vn -0.0681 -0.9794 -0.1902
vn -0.0326 -0.9869 -0.1577
vn -0.0169 -0.9910 -0.1331
vn -0.1233 -0.9624 -0.2422
vn -0.0581 -0.9868 -0.1511
vn -0.0192 -0.9913 -0.1303
vn -0.1686 -0.9367 -0.3068
vn -0.1072 -0.9835 -0.1458
vn -0.0361 -0.9923 -0.1189
vn -0.0034 -0.9928 -0.1196
vn -0.0667 -0.9937 -0.0903
vn -0.0140 -0.9948 -0.1012
vn -0.1284 -0.9742 -0.1854
vn 0.0097 -0.9959 -0.0900
vn -0.0309 -0.9988 -0.0371
vn -0.0557 -0.9913 -0.1193
vn 0.0059 -0.9937 -0.1120
vn 0.0028 -0.9989 -0.0466
vn -0.0296 -0.9985 -0.0459
vn 0.0168 -0.9956 -0.0926
vn -0.1188 -0.9873 -0.1053
vn -0.0073 -0.9981 -0.0620
vn -0.1757 -0.9485 -0.2637
vn 0.0252 -0.9974 -0.0677
vn 0.0231 -0.9974 -0.0677
vn 0.0237 -0.9957 -0.0899
vn 0.0487 -0.9961 -0.0732
vn 0.0011 -0.9945 -0.1050
vn 0.0260 -0.9963 -0.0824
vn 0.0374 -0.9965 -0.0744
vn 0.0245 -0.9970 -0.0738
vn -0.0191 -0.9941 -0.1069
vn 0.0217 -0.9971 -0.0735
vn 0.0139 -0.9961 -0.0871
vn 0.0308 -0.9949 -0.0956
vn -0.0030 -0.9917 -0.1289
vn -0.0383 -0.9907 -0.1308
vn -0.1375 -0.9905 0.0021
vn -0.1177 -0.9930 -0.0000
vn -0.2267 -0.9495 -0.2170
vn -0.2767 -0.9566 -0.0910
vn -0.3009 -0.9537 -0.0000
vn -0.4568 -0.8493 -0.2647
vn -0.5091 -0.8508 -0.1301
vn -0.5411 -0.8410 -0.0000
vn -0.2972 -0.8647 -0.4049
vn -0.7095 -0.6715 -0.2136
vn -0.7677 -0.6408 -0.0000
vn -0.6123 -0.6617 -0.4327
vn -0.9149 -0.3122 -0.2559
vn -0.9563 -0.2923 -0.0000
vn -0.7720 -0.3599 -0.5239
vn -0.9614 -0.0554 -0.2696
vn -0.9972 -0.0742 -0.0001
vn -0.4540 -0.6642 -0.5939
vn -0.9561 0.1063 -0.2731
vn -0.9964 0.0847 -0.0003
vn -0.8327 -0.0889 -0.5466
vn -0.9018 0.3358 -0.2720
vn -0.9462 0.3235 -0.0003
vn -0.8303 0.1138 -0.5456
vn -0.7716 0.3541 -0.5284
vn -0.8036 0.5357 -0.2592
vn -0.8576 0.5143 -0.0002
vn -0.6678 0.5670 -0.4822
vn -0.6733 0.7002 -0.2374
vn -0.7155 0.6986 -0.0003
vn -0.5505 0.7055 -0.4463
vn -0.5289 0.8302 -0.1759
vn -0.5629 0.8266 -0.0003
vn -0.4201 0.8936 -0.1582
vn -0.4667 0.8844 -0.0004
vn -0.4335 0.8200 -0.3738
vn -0.4257 0.8903 -0.1619
vn -0.4153 0.9097 -0.0005
vn -0.3055 0.8894 -0.3400
vn -0.2948 0.8244 -0.4831
vn -0.2456 0.8730 -0.4214
vn -0.3267 0.8996 -0.2899
vn -0.3861 0.7214 -0.5749
vn -0.4483 0.8478 -0.2833
vn -0.5216 0.8532 -0.0006
vn -0.7343 0.6788 -0.0011
vn -0.2792 0.8819 -0.3798
vn -0.3380 0.8329 -0.4383
vn -0.6414 0.6899 -0.3357
vn -0.9214 0.3887 -0.0013
vn -0.5063 0.6764 -0.5349
vn -0.8388 0.4019 -0.3672
vn -0.9654 0.2609 -0.0014
vn -0.8649 0.2494 -0.4356
vn -0.9918 0.1279 -0.0013
vn -0.6356 0.4309 -0.6406
vn -0.1786 0.7434 -0.6445
vn -0.2570 0.8440 -0.4707
vn -0.1829 0.8840 -0.4303
vn -0.0487 0.8218 -0.5676
vn -0.2047 0.8695 -0.4495
vn -0.0572 0.8775 -0.4761
vn -0.2296 0.8051 -0.5470
vn -0.1055 0.8772 -0.4683
vn 0.0158 0.8624 -0.5060
vn -0.0200 0.9085 -0.4174
vn -0.1365 0.8031 -0.5800
vn -0.2712 0.7025 -0.6579
vn -0.0152 0.8766 -0.4809
vn -0.1556 0.6789 -0.7175
vn 0.0257 0.7774 -0.6285
vn 0.1629 0.9104 -0.3803
vn -0.1615 0.6008 -0.7829
vn -0.3036 0.5944 -0.7446
vn -0.4760 0.5871 -0.6548
vn -0.3775 0.4036 -0.8334
vn -0.5667 0.3715 -0.7354
vn -0.2895 0.1178 -0.9499
vn -0.6356 0.1097 -0.7641
vn -0.4453 0.1158 -0.8878
vn -0.6299 -0.1250 -0.7666
vn -0.4413 -0.1695 -0.8812
vn -0.5620 -0.4072 -0.7199
vn -0.3752 -0.4247 -0.8239
vn -0.3146 -0.6656 -0.6768
vn -0.2996 -0.1996 -0.9329
vn -0.2081 -0.8423 -0.4973
vn -0.2437 -0.6635 -0.7074
vn -0.2727 -0.4318 -0.8598
vn -0.1897 0.2096 -0.9592
vn 0.1518 0.8855 -0.4392
vn 0.3118 0.8793 -0.3600
vn 0.2046 0.7643 -0.6116
vn 0.3792 0.7925 -0.4776
vn 0.0870 0.7388 -0.6683
vn 0.3298 0.6046 -0.7250
vn 0.4958 0.8220 -0.2802
vn 0.5345 0.8452 0.0006
vn 0.5329 0.6695 -0.5175
vn 0.6580 0.7024 -0.2713
vn 0.7066 0.7076 0.0008
vn 0.5734 0.4875 -0.6584
vn 0.7920 0.5260 -0.3100
vn 0.8507 0.5256 0.0010
vn 0.8540 0.3951 -0.3386
vn 0.9167 0.3996 0.0012
vn 0.6117 0.3448 -0.7120
vn 0.8503 0.4057 -0.3353
vn 0.9104 0.4136 0.0011
vn 0.2580 0.2944 -0.9202
vn 0.6724 0.6649 -0.3253
vn 0.7087 0.7055 0.0006
vn 0.6035 0.3543 -0.7143
vn -0.2216 0.9751 -0.0003
vn 0.4569 0.6000 -0.6567
vn 0.2550 0.2964 -0.9204
vn 0.1738 0.5282 -0.8311
vn -0.2409 0.4722 -0.8480
vn 0.1865 0.4103 -0.8927
vn -0.2169 0.2225 -0.9505
vn -0.2227 0.2326 -0.9467
vn 0.0737 0.5356 -0.8412
vn -0.2923 0.3145 -0.9031
vn -0.2734 0.5062 -0.8180
vn -0.6773 0.2625 -0.6873
vn -0.6256 0.1703 -0.7613
vn -0.8929 0.1383 -0.4285
vn -0.6280 0.1785 -0.7574
vn -0.8927 0.1473 -0.4259
vn -0.9904 0.1381 -0.0014
vn -0.6023 0.4162 -0.6812
vn -0.8344 0.3894 -0.3900
vn -0.9223 0.3864 -0.0013
vn 0.1519 -0.9876 0.0405
vn 0.3031 -0.9439 0.1313
vn 0.5726 -0.8199 -0.0000
vn 0.1168 -0.9891 0.0894
vn 0.5181 -0.8264 0.2205
vn 0.2548 -0.9429 0.2143
vn 0.7083 -0.6496 0.2764
vn 0.9580 -0.2867 -0.0000
vn 0.4093 -0.8399 0.3564
vn 0.8791 -0.3514 0.3219
vn 0.9995 -0.0306 0.0001
vn 0.5531 -0.6774 0.4850
vn 0.1777 -0.9474 0.2663
vn 0.9446 -0.0434 0.3254
vn 0.0998 -0.9855 0.1372
vn 0.9324 0.1483 0.3295
vn 0.9482 0.3176 0.0002
vn 0.7463 -0.1032 0.6575
vn 0.6731 -0.4030 0.6201
vn 0.3949 -0.3916 0.8311
vn 0.7435 0.1039 0.6606
vn 0.8768 0.3670 0.3106
vn 0.8046 0.5195 0.2876
vn 0.8611 0.5084 0.0004
vn 0.4423 -0.0459 0.8957
vn 0.6922 0.6725 0.2618
vn 0.5908 0.6052 0.5336
vn 0.6961 0.3764 0.6114
vn 0.5398 0.8098 0.2297
vn 0.4764 0.7360 0.4809
vn 0.4330 0.8768 0.2091
vn 0.4266 0.9044 0.0004
vn 0.4006 0.8179 0.4129
vn 0.2962 0.5943 0.7477
vn 0.2592 0.7123 0.6522
vn 0.3480 0.8728 0.3422
vn 0.3364 0.4088 0.8484
vn 0.3774 0.8993 0.2209
vn 0.3536 0.1800 0.9179
vn 0.4088 0.8786 0.2469
vn 0.4447 0.8957 0.0006
vn 0.3020 0.9014 0.3105
vn 0.4951 0.8220 0.2814
vn 0.5345 0.8452 0.0008
vn 0.3109 0.8793 0.3608
vn 0.6573 0.7025 0.2729
vn 0.7066 0.7076 0.0009
vn 0.3780 0.7925 0.4786
vn 0.5315 0.6695 0.5189
vn 0.7912 0.5260 0.3120
vn 0.8507 0.5256 0.0011
vn 0.5717 0.4875 0.6599
vn 0.3280 0.6046 0.7259
vn 0.8531 0.3951 0.3408
vn 0.6099 0.3448 0.7135
vn 0.8495 0.4057 0.3374
vn 0.9104 0.4136 0.0012
vn 0.2558 0.2944 0.9208
vn 0.6714 0.6653 0.3265
vn 0.7088 0.7054 0.0007
vn 0.6018 0.3543 0.7158
vn -0.2216 0.9751 -0.0004
vn 0.4558 0.5998 0.6576
vn 0.2528 0.2964 0.9210
vn 0.1717 0.5285 0.8314
vn -0.2433 0.4723 0.8472
vn 0.1843 0.4103 0.8931
vn -0.2193 0.2225 0.9499
vn -0.2254 0.2327 0.9461
vn -0.6042 0.4162 0.6795
vn -0.6301 0.1785 0.7557
vn -0.6275 0.1703 0.7598
vn -0.8354 0.3894 0.3879
vn -0.9223 0.3865 -0.0010
vn -0.9904 0.1381 -0.0011
vn -0.8937 0.1473 0.4238
vn -0.9918 0.1279 -0.0011
vn -0.8939 0.1384 0.4263
vn -0.8659 0.2495 0.4335
vn -0.9654 0.2609 -0.0012
vn -0.6790 0.2625 0.6856
vn -0.2945 0.3146 0.9024
vn -0.8397 0.4019 0.3651
vn -0.9214 0.3887 -0.0011
vn 0.0717 0.5356 0.8414
vn -0.2754 0.5062 0.8173
vn 0.0854 0.7388 0.6685
vn -0.6372 0.4309 0.6390
vn -0.1802 0.7435 0.6440
vn -0.5075 0.6765 0.5337
vn -0.6422 0.6899 0.3340
vn -0.7343 0.6788 -0.0007
vn -0.4489 0.8479 0.2823
vn -0.4153 0.9097 -0.0003
vn -0.3389 0.8329 0.4374
vn -0.4260 0.8903 0.1611
vn -0.4667 0.8844 -0.0003
vn -0.3272 0.8996 0.2892
vn -0.4202 0.8936 0.1577
vn -0.5629 0.8265 -0.0003
vn -0.3059 0.8895 0.3395
vn -0.2798 0.8820 0.3793
vn -0.5291 0.8302 0.1754
vn -0.7155 0.6986 -0.0002
vn -0.4338 0.8200 0.3733
vn -0.6734 0.7002 0.2370
vn -0.5507 0.7056 0.4459
vn -0.8037 0.5357 0.2590
vn -0.9462 0.3235 -0.0000
vn -0.2460 0.8731 0.4210
vn -0.9020 0.3358 0.2713
vn -0.9964 0.0847 -0.0002
vn -0.6680 0.5670 0.4820
vn -0.9562 0.1061 0.2728
vn -0.9972 -0.0742 -0.0000
vn -0.7720 0.3541 0.5278
vn -0.9613 -0.0556 0.2697
vn -0.9563 -0.2924 -0.0000
vn -0.8305 0.1138 0.5453
vn -0.4762 0.5870 0.6547
vn -0.9149 -0.3122 0.2559
vn -0.3863 0.7215 0.5746
vn -0.7095 -0.6715 0.2136
vn -0.2952 0.8245 0.4828
vn -0.5091 -0.8508 0.1301
vn -0.6123 -0.6617 0.4327
vn -0.2767 -0.9566 0.0910
vn -0.4568 -0.8493 0.2647
vn -0.1375 -0.9905 -0.0021
vn -0.2266 -0.9495 0.2170
vn -0.1188 -0.9873 0.1053
vn -0.1757 -0.9485 0.2637
vn -0.2972 -0.8647 0.4049
vn -0.7720 -0.3599 0.5239
vn -0.4540 -0.6642 0.5939
vn -0.8326 -0.0890 0.5467
vn -0.5620 -0.4072 0.7199
vn -0.6298 -0.1248 0.7666
vn -0.3752 -0.4247 0.8239
vn -0.3146 -0.6656 0.6768
vn -0.2081 -0.8423 0.4972
vn -0.2437 -0.6635 0.7074
vn -0.4412 -0.1693 0.8813
vn -0.2727 -0.4318 0.8598
vn -0.6359 0.1098 0.7639
vn -0.5672 0.3714 0.7350
vn -0.4457 0.1160 0.8877
vn -0.2997 -0.1995 0.9329
vn -0.3780 0.4036 0.8332
vn -0.2899 0.1180 0.9497
vn -0.3039 0.5944 0.7445
vn -0.1929 0.4196 0.8870
vn -0.2361 -0.1474 0.9605
vn -0.2716 0.7026 0.6577
vn -0.1899 0.2097 0.9591
vn -0.2301 0.8051 0.5467
vn -0.1618 0.6009 0.7828
vn -0.2053 0.8695 0.4492
vn -0.1370 0.8031 0.5799
vn -0.1836 0.8840 0.4299
vn -0.1560 0.6789 0.7174
vn -0.1061 0.8772 0.4682
vn -0.0579 0.8776 0.4759
vn -0.2581 0.8441 0.4700
vn -0.0499 0.8219 0.5674
vn 0.0147 0.8623 0.5061
vn -0.0207 0.9085 0.4174
vn 0.2031 0.7643 0.6121
vn 0.1507 0.8855 0.4395
vn 0.1621 0.9104 0.3806
vn -0.0159 0.8766 0.4809
vn 0.1878 0.8780 0.4403
vn 0.0252 0.7773 0.6286
vn 0.2518 0.7877 0.5622
vn 0.0300 0.6788 0.7337
vn 0.0230 0.5915 0.8060
vn 0.0342 0.4502 0.8923
vn 0.0324 0.3799 0.9244
vn -0.2390 0.1939 0.9515
vn 0.0717 0.3546 0.9323
vn 0.2357 0.0893 0.9677
vn -0.2671 0.1896 0.9448
vn 0.3705 -0.0321 0.9283
vn -0.4182 -0.1029 0.9025
vn 0.2940 0.0184 0.9556
vn -0.2802 -0.1356 0.9503
vn -0.3515 -0.4374 0.8277
vn 0.1480 -0.3523 0.9241
vn 0.4767 -0.4621 0.7478
vn 0.4692 -0.8462 0.2525
vn -0.2575 -0.4156 0.8723
vn -0.3010 -0.4183 0.8570
vn -0.2197 -0.6582 0.7200
vn -0.2508 -0.5864 0.7703
vn -0.1594 -0.6742 0.7211
vn -0.3343 -0.8430 0.4214
vn -0.1670 -0.8232 0.5427
vn -0.0898 -0.6434 0.7603
vn 0.1813 -0.9670 0.1790
vn -0.1793 -0.7297 0.6599
vn -0.1869 -0.8084 0.5581
vn -0.1686 -0.9367 0.3068
vn -0.1866 -0.8871 0.4222
vn -0.1284 -0.9742 0.1854
vn -0.1233 -0.9624 0.2422
vn -0.1072 -0.9835 0.1458
vn -0.0557 -0.9913 0.1193
vn -0.0667 -0.9937 0.0903
vn -0.0296 -0.9985 0.0459
vn -0.0309 -0.9988 0.0371
vn -0.0361 -0.9923 0.1189
vn -0.0140 -0.9948 0.1012
vn 0.0028 -0.9989 0.0466
vn 0.0097 -0.9959 0.0899
vn -0.0034 -0.9928 0.1195
vn -0.0581 -0.9868 0.1511
vn -0.0192 -0.9913 0.1303
vn 0.0059 -0.9937 0.1120
vn -0.0681 -0.9794 0.1902
vn 0.0168 -0.9956 0.0926
vn -0.0326 -0.9869 0.1578
vn -0.1578 -0.9364 0.3134
vn -0.0762 -0.9723 0.2211
vn -0.1694 -0.8523 0.4949
vn -0.1263 -0.9281 0.3502
vn -0.1202 -0.8876 0.4446
vn -0.1516 -0.8458 0.5115
vn -0.0895 -0.9299 0.3569
vn -0.1096 -0.7319 0.6725
vn 0.0519 -0.9198 0.3890
vn 0.0488 -0.8743 0.4830
vn 0.0657 -0.7371 0.6725
vn 0.0263 -0.5797 0.8144
vn 0.1742 -0.6345 0.7531
vn 0.3656 -0.6803 0.6353
vn 0.2618 -0.8570 0.4439
vn 0.1256 -0.9474 0.2943
vn 0.0064 -0.9573 0.2889
vn 0.0650 -0.9761 0.2072
vn -0.0773 -0.9723 0.2206
vn -0.0377 -0.9824 0.1831
vn -0.0797 -0.9706 0.2272
vn -0.0515 -0.9850 0.1645
vn -0.0436 -0.9837 0.1744
vn -0.0383 -0.9907 0.1308
vn -0.0169 -0.9910 0.1331
vn -0.0030 -0.9917 0.1289
vn -0.0191 -0.9941 0.1069
vn 0.0011 -0.9945 0.1050
vn 0.0237 -0.9957 0.0899
vn 0.0260 -0.9963 0.0824
vn 0.0139 -0.9961 0.0871
vn 0.0308 -0.9949 0.0956
vn 0.0245 -0.9970 0.0738
vn 0.0217 -0.9971 0.0735
vn 0.0487 -0.9961 0.0732
vn 0.0374 -0.9965 0.0744
vn 0.0231 -0.9974 0.0677
vn 0.0252 -0.9974 0.0677
vn -0.0073 -0.9981 0.0620
vn -0.0359 0.8634 -0.5033
vn -0.0110 0.8916 -0.4528
vn 0.0703 0.9269 -0.3688
vn 0.0079 0.8457 -0.5336
vn 0.3405 0.8722 -0.3512
vn 0.4772 0.8131 0.3333
vn -0.0523 0.8631 -0.5023
vn 0.0417 0.8676 -0.4955
vn 0.7689 0.2995 0.5649
vn 0.0588 0.8904 -0.4513
vn 0.2120 0.8384 -0.5021
vn 0.2307 0.7663 -0.5997
vn -0.0837 0.4478 0.8902
vn -0.0820 0.5428 0.8359
vn 0.2631 0.9331 0.2449
vn -0.4482 0.7806 0.4357
vn -0.3067 0.9209 0.2404
vn -0.1730 0.1860 0.9672
vn -0.1885 0.2296 0.9549
vn -0.2527 0.5507 0.7955
vn 0.4926 0.8552 -0.1613
vn -0.1491 -0.1160 0.9820
vn -0.2098 -0.1335 0.9686
vn -0.2868 0.2358 0.9285
vn -0.2556 0.5329 0.8067
vn -0.0233 -0.4078 0.9128
vn -0.3201 -0.0818 0.9438
vn -0.4644 -0.6438 0.6081
vn 0.0859 -0.9952 -0.0479
vn -0.0762 -0.9871 -0.1406
vn 0.0177 -0.9915 -0.1291
vn -0.2950 0.3639 0.8835
vn 0.3128 0.8913 -0.3282
vn 0.0028 -0.9898 -0.1425
vn 0.0087 -0.9908 -0.1353
vn -0.5887 0.8055 0.0677
vn 0.4019 0.6706 -0.6236
vn -0.3768 0.5597 0.7380
vn -0.1871 0.9599 0.2088
vn 0.1126 0.9536 -0.2792
vn 0.0819 0.8011 0.5930
vn 0.7068 0.6309 -0.3200
vn 0.4352 0.6865 -0.5825
vn 0.4522 0.8372 -0.3076
vn 0.5790 0.4915 -0.6505
vn 0.4203 0.7604 -0.4951
vn 0.4106 0.8471 0.3373
vn 0.8142 0.4404 -0.3783
vn 0.2057 0.9242 -0.3218
vn 0.9355 0.0062 0.3532
vn 0.5516 0.8197 0.1546
vn -0.3613 0.8562 0.3694
vn -0.4505 0.6743 0.5851
vn -0.3885 0.5731 0.7215
vn -0.5437 0.5626 0.6228
vn -0.4458 0.2624 0.8558
vn -0.5791 0.2605 0.7725
vn -0.4185 -0.1702 0.8921
vn -0.4760 0.7404 0.4745
vn -0.2135 -0.1523 0.9650
vn -0.5695 0.5776 0.5848
vn -0.2754 -0.3330 0.9018
vn 0.1286 -0.7785 0.6143
vn -0.3081 -0.8559 0.4153
vn 0.2620 -0.9646 0.0299
vn 0.0990 -0.9922 -0.0759
vn 0.2077 -0.4083 0.8889
vn -0.2036 -0.1360 0.9696
vn -0.0025 -0.8707 0.4918
vn -0.3244 0.1044 0.9401
vn 0.7507 -0.0945 0.6539
vn -0.7384 -0.5500 0.3902
vn -0.0538 -0.9827 -0.1774
vn -0.0550 -0.2162 0.9748
vn 0.0141 -0.9551 0.2960
vn 0.1641 -0.9864 0.0068
vn 0.1455 -0.9769 -0.1564
vn -0.4198 -0.3324 0.8445
vn 0.5572 -0.3389 0.7580
vn -0.4532 0.1228 0.8829
vn -0.3419 -0.8514 0.3978
vn -0.0563 -0.2265 0.9724
vn -0.5437 -0.4232 0.7248
vn 0.3080 -0.9502 -0.0477
vn -0.4834 -0.0095 0.8753
vn 0.3697 -0.5968 0.7122
vn 0.1806 -0.9633 -0.1985
vn -0.3141 -0.9414 0.1230
vn -0.0290 -0.9991 0.0322
vn 0.1882 -0.9603 -0.2059
vn -0.3948 -0.7953 0.4600
vn 0.2297 -0.9730 0.0228
vn 0.2018 -0.9718 -0.1219
vn -0.5849 -0.2159 0.7819
vn -0.2770 -0.3969 0.8751
vn -0.6874 0.2479 0.6826
vn -0.6560 -0.2304 0.7187
vn 0.7128 -0.6555 0.2496
vn -0.3865 0.8395 0.3820
vn -0.0625 -0.9972 0.0411
vn -0.4016 0.9151 0.0370
vn -0.1659 -0.9812 -0.0987
vn -0.3782 0.9254 0.0259
vn -0.0682 -0.9833 0.1685
vn 0.1500 -0.9886 0.0087
vn -0.1481 0.6083 0.7797
vn 0.4474 -0.0322 0.8938
vn 0.4660 0.5784 0.6696
vn 0.1540 0.8693 -0.4697
vn -0.1188 0.8314 -0.5428
vn 0.3008 0.6867 -0.6618
vn -0.0657 0.9557 -0.2870
vn 0.2758 0.9060 -0.3210
vn 0.4639 0.8294 -0.3112
vn -0.0284 0.9965 0.0787
vn 0.4858 0.8282 -0.2795
vn 0.4894 0.8517 -0.1874
vn 0.1311 0.9909 0.0303
vn 0.1142 0.9931 0.0255
vn -0.0044 0.9677 0.2520
vn 0.0978 0.9807 -0.1694
vn -0.5329 0.5304 0.6594
vn -0.3535 0.8711 -0.3409
vn -0.7558 0.3846 0.5299
vn -0.5535 0.7809 0.2894
vn -0.6764 0.5340 0.5072
vn -0.0524 0.9684 0.2438
vn 0.4452 0.8918 -0.0808
vn -0.7900 0.2223 0.5714
vn -0.2049 0.7512 -0.6274
vn -0.5483 0.7308 0.4066
vn -0.8366 0.2467 0.4891
vn -0.7417 -0.1970 0.6412
vn 0.6102 0.6027 -0.5142
vn 0.0014 0.1995 -0.9799
vn -0.6967 0.7113 -0.0931
vn -0.8687 0.4516 0.2036
vn -0.5582 0.8256 0.0827
vn 0.2580 0.8361 -0.4841
vn 0.3284 0.9439 -0.0355
vn -0.8096 0.4919 0.3202
vn -0.1978 0.9657 0.1683
vn 0.4389 0.8574 -0.2687
vn 0.4649 0.8445 -0.2659
vn 0.2537 0.4789 -0.8404
vn 0.1211 0.8982 -0.4225
vn -0.2723 0.5128 -0.8142
vn -0.8262 0.5367 0.1715
vn 0.1145 0.9872 0.1108
vn 0.1556 0.9878 0.0105
vn -0.8888 0.2491 0.3848
vn -0.8597 0.5054 0.0740
vn -0.5860 0.7963 0.1501
vn -0.9015 0.3838 0.1998
vn -0.8916 -0.1116 0.4389
vn -0.8089 -0.2092 0.5495
vn -0.9648 0.0341 0.2607
vn -0.7705 -0.4257 0.4745
vn -0.8433 -0.4411 0.3069
vn -0.7009 -0.5232 0.4848
vn -0.9510 -0.2961 0.0886
vn -0.6598 -0.6516 0.3743
vn -0.5627 -0.7741 -0.2900
vn -0.9886 -0.0883 0.1222
vn -0.8960 -0.4441 0.0041
vn -0.3889 -0.8716 0.2985
vn -0.9815 -0.1882 0.0362
vn 0.0971 -0.9911 0.0911
vn -0.4032 -0.9007 0.1616
vn -0.3198 -0.9475 0.0044
vn 0.1040 -0.9931 -0.0547
vn -0.0924 -0.9894 -0.1118
vn 0.2112 -0.9768 -0.0359
vn 0.2697 -0.9627 -0.0230
vn -0.5190 -0.7229 0.4561
vn -0.7002 -0.6632 0.2642
vn -0.7405 -0.5112 0.4363
vn -0.8172 -0.5587 0.1416
vn -0.4632 -0.6810 0.5671
vn -0.7531 -0.2799 0.5954
vn -0.5502 -0.2939 0.7816
vn -0.7031 -0.1621 0.6923
vn -0.8206 -0.3702 0.4354
vn -0.1046 -0.9839 -0.1447
vn -0.6052 0.3753 0.7020
vn -0.0272 -0.6142 0.7887
vn -0.0593 0.3526 0.9339
vn -0.0823 -0.9963 -0.0235
vn -0.1359 -0.9906 -0.0138
vn 0.3688 -0.9294 0.0155
vn -0.4684 -0.8437 0.2622
vn 0.0100 -0.9999 -0.0061
vn 0.3668 -0.9247 0.1022
vn -0.6955 -0.7055 0.1365
vn -0.0447 -0.9989 -0.0150
vn -0.9174 -0.2350 0.3213
vn 0.1296 -0.9877 -0.0880
vn -0.9368 -0.3385 0.0880
vn -0.8995 -0.4369 0.0078
vn -0.2798 -0.7792 0.5609
vn -0.9725 -0.2005 0.1181
vn -0.5134 -0.8094 -0.2850
vn -0.7185 -0.6936 -0.0524
vn -0.8751 -0.4831 -0.0274
vn -0.4002 -0.9162 -0.0187
vn -0.6115 -0.7912 -0.0007
vn -0.4211 -0.9067 -0.0256
vn -0.7561 -0.6540 -0.0259
vn -0.9787 -0.1636 -0.1237
vn -0.3258 -0.9397 -0.1039
vn -0.7102 -0.7035 0.0258
vn -0.4327 -0.8572 -0.2793
vn -0.4321 -0.3639 -0.8252
vn -0.3489 -0.6518 -0.6734
vn -0.9860 -0.0680 -0.1524
vn -0.9290 -0.3518 -0.1153
vn -0.8211 0.2251 -0.5246
vn -0.7788 -0.0485 -0.6255
vn -0.9512 -0.1878 -0.2450
vn -0.6856 -0.6685 -0.2883
vn -0.9397 0.2915 -0.1788
vn -0.5759 -0.8073 -0.1291
vn -0.8963 -0.2698 -0.3518
vn -0.0191 -0.9872 -0.1586
vn -0.8471 -0.3006 -0.4382
vn -0.0120 -0.8579 -0.5136
vn -0.3864 -0.6782 -0.6251
vn -0.4859 -0.3499 -0.8009
vn -0.7397 -0.2906 -0.6070
vn -0.8065 -0.4302 -0.4056
vn -0.7884 -0.2538 -0.5604
vn -0.7882 0.3220 -0.5245
vn -0.8710 0.3326 -0.3617
vn -0.6108 0.6925 -0.3838
vn -0.8273 0.5498 -0.1150
vn -0.4741 0.7646 -0.4365
vn -0.7773 0.4409 -0.4487
vn -0.4798 0.7618 -0.4353
vn -0.4695 0.8708 -0.1458
vn -0.3247 0.9241 -0.2013
vn -0.5229 0.8348 -0.1725
vn -0.5625 0.8148 0.1401
vn -0.3593 0.9308 0.0677
vn -0.3193 0.9304 0.1798
vn 0.2785 0.9164 -0.2875
vn 0.2601 0.8868 0.3820
vn 0.1331 0.9869 -0.0916
vn 0.4987 0.8110 0.3059
vn -0.6071 0.7420 -0.2844
vn 0.5027 0.6596 0.5587
vn 0.4411 0.8668 -0.2323
vn 0.3668 0.8497 0.3787
vn -0.8625 0.2513 0.4392
vn -0.0789 0.9056 0.4166
vn 0.7201 0.2613 0.6428
vn -0.2941 0.0647 0.9536
vn 0.3739 0.6351 0.6759
vn 0.8431 0.5377 0.0018
vn 0.4429 0.7312 0.5189
vn 0.0899 0.5096 -0.8557
vn 0.4106 0.5805 0.7032
vn -0.6215 0.6486 -0.4394
vn 0.0744 0.9903 -0.1176
vn -0.5107 0.8039 0.3050
vn 0.0990 0.9015 0.4214
vn -0.4665 0.8839 -0.0333
vn 0.4839 0.8206 0.3041
vn 0.3542 0.9088 0.2204
vn -0.4127 0.8173 -0.4021
vn -0.7289 0.5662 -0.3848
vn -0.6147 0.3118 -0.7245
vn -0.5279 0.8489 0.0250
vn -0.3352 0.6052 -0.7221
vn 0.0378 0.8357 -0.5480
vn 0.7742 0.6244 0.1033
vn 0.1801 0.9726 0.1471
vn 0.2579 0.9633 0.0740
vn 0.1367 0.9901 0.0330
vn -0.4868 0.8677 0.1000
vn -0.0943 0.9924 0.0793
vn -0.8289 0.5320 -0.1728
vn -0.6868 0.6353 -0.3531
vn 0.2559 0.9627 -0.0883
vn 0.1851 0.9779 -0.0970
vn -0.2239 0.7080 -0.6698
vn -0.3051 0.9509 0.0521
vn -0.8732 0.4825 -0.0680
vn -0.5039 0.8545 -0.1261
vn -0.8517 0.5153 -0.0956
vn -0.7357 0.5480 -0.3981
vn -0.1659 0.7578 -0.6310
vn -0.9601 0.2757 0.0469
vn -0.7546 0.6521 0.0728
vn -0.8626 0.2706 0.4274
vn -0.2584 0.9386 0.2285
vn 0.8609 0.3595 0.3600
vn 0.8293 0.4735 0.2968
vn 0.2208 0.7340 0.6423
vn 0.9454 -0.1120 -0.3062
vn 0.4896 0.4759 0.7307
vn -0.0625 0.5028 0.8622
vn 0.9725 0.0081 0.2330
vn 0.2513 0.3477 0.9033
vn 0.2921 -0.3778 0.8786
vn 0.9169 -0.2100 0.3393
vn 0.8601 -0.4189 0.2911
vn 0.3341 -0.1513 0.9303
vn -0.7536 0.5980 -0.2730
vn -0.3862 0.3235 -0.8638
vn -0.4226 0.1827 -0.8877
vn 0.2892 -0.2042 -0.9353
vn -0.8146 0.2861 -0.5046
vn -0.9289 0.3685 0.0368
vn -0.2732 -0.1632 -0.9480
vn -0.9503 0.1874 -0.2486
vn -0.9097 -0.3140 -0.2717
vn -0.8390 -0.5078 -0.1954
vn -0.2778 -0.5742 -0.7702
vn -0.3333 -0.3679 -0.8681
vn 0.8865 0.3377 -0.3164
vn 0.8218 0.4499 -0.3497
vn 0.5954 0.7457 0.2991
vn 0.5056 -0.1584 -0.8481
vn 0.8541 0.4798 0.2005
vn 0.5268 0.5319 0.6630
vn 0.8834 -0.0227 -0.4681
vn 0.7887 0.3667 0.4935
vn 0.7976 -0.3607 0.4834
vn 0.9103 -0.2344 -0.3411
vn 0.8345 -0.4423 -0.3287
vn 0.8648 -0.1343 0.4839
vn -0.7417 0.6170 0.2631
vn -0.8587 0.3107 -0.4075
vn -0.9026 0.1700 -0.3954
vn -0.4032 -0.2449 -0.8817
vn -0.9424 0.3010 0.1456
vn -0.6699 0.4054 0.6220
vn -0.8334 -0.1822 -0.5218
vn -0.8756 0.2160 0.4321
vn -0.8643 -0.2872 0.4129
vn -0.7620 -0.4807 0.4340
vn -0.7220 -0.5875 -0.3655
vn -0.8272 -0.3823 -0.4118
vn -0.3337 0.6900 0.6423
vn -0.8935 0.3369 0.2969
vn -0.9068 0.2194 0.3601
vn -0.9159 -0.2595 -0.3063
vn -0.5584 0.3928 0.7307
vn -0.0175 0.5063 0.8622
vn -0.9616 -0.1452 0.2329
vn -0.3029 0.3038 0.9033
vn -0.2289 -0.4191 0.8786
vn -0.8724 -0.3518 0.3393
vn -0.7834 -0.5492 0.2910
vn -0.3061 -0.2021 0.9303
vn 0.3886 0.2470 -0.8877
vn 0.3305 0.3802 -0.8638
vn 0.6501 0.7091 -0.2730
vn -0.2534 -0.2472 -0.9353
vn 0.7594 0.4108 -0.5046
vn 0.8592 0.5102 0.0368
vn 0.2955 -0.1182 -0.9480
vn 0.9089 0.3348 -0.2486
vn 0.9478 -0.1669 -0.2716
vn 0.9086 -0.3693 -0.1953
vn 0.3648 -0.5232 -0.7702
vn 0.3871 -0.3108 -0.8681
vn -0.3687 0.2318 -0.9002
vn -0.4094 0.3462 -0.8441
vn 0.2194 0.7115 -0.6675
vn -0.8465 -0.2693 -0.4591
vn 0.1354 0.4167 -0.8989
vn 0.6016 0.5341 -0.5941
vn -0.4902 -0.1381 -0.8606
vn 0.4385 0.3334 -0.8346
vn 0.4876 -0.3905 -0.7809
vn -0.3473 -0.3405 -0.8738
vn -0.3154 -0.5391 -0.7809
vn 0.4678 -0.1715 -0.8671
vn 0.2330 0.6990 0.6761
vn -0.4062 0.3523 0.8432
vn -0.3816 0.2173 0.8984
vn -0.8465 -0.2774 0.4543
vn 0.1478 0.3938 0.9072
vn 0.6057 0.5113 0.6097
vn -0.4806 -0.1484 0.8643
vn 0.4383 0.3262 0.8375
vn 0.4602 -0.1759 0.8702
vn 0.4943 -0.3753 0.7841
vn -0.2948 -0.5484 0.7825
vn -0.3546 -0.3390 0.8714
vn -0.9068 0.2194 -0.3600
vn -0.8935 0.3369 -0.2968
vn -0.3337 0.6901 -0.6423
vn -0.9159 -0.2595 0.3062
vn -0.5584 0.3928 -0.7307
vn -0.0175 0.5063 -0.8622
vn -0.9616 -0.1452 -0.2330
vn -0.3029 0.3038 -0.9033
vn -0.2289 -0.4191 -0.8786
vn -0.8724 -0.3519 -0.3393
vn -0.7834 -0.5492 -0.2910
vn -0.3061 -0.2021 -0.9303
vn 0.6500 0.7092 0.2730
vn 0.3305 0.3802 0.8638
vn 0.3886 0.2470 0.8877
vn -0.2534 -0.2472 0.9353
vn 0.7594 0.4108 0.5046
vn 0.8592 0.5102 -0.0369
vn 0.2955 -0.1182 0.9480
vn 0.9089 0.3348 0.2485
vn 0.9478 -0.1669 0.2716
vn 0.9086 -0.3693 0.1953
vn 0.3648 -0.5232 0.7702
vn 0.3871 -0.3108 0.8681
vn 0.5954 0.7457 -0.2991
vn 0.8218 0.4499 0.3496
vn 0.8865 0.3377 0.3164
vn 0.5056 -0.1584 0.8481
vn 0.8541 0.4798 -0.2005
vn 0.5268 0.5319 -0.6630
vn 0.8834 -0.0227 0.4681
vn 0.7887 0.3666 -0.4935
vn 0.7977 -0.3607 -0.4834
vn 0.9103 -0.2344 0.3411
vn 0.8345 -0.4423 0.3287
vn 0.8648 -0.1342 -0.4839
vn -0.9026 0.1701 0.3954
vn -0.8587 0.3107 0.4075
vn -0.7417 0.6170 -0.2631
vn -0.4032 -0.2449 0.8817
vn -0.9425 0.3010 -0.1456
vn -0.6699 0.4054 -0.6220
vn -0.8334 -0.1822 0.5218
vn -0.8756 0.2160 -0.4321
vn -0.8643 -0.2872 -0.4129
vn -0.7620 -0.4807 -0.4339
vn -0.7220 -0.5875 0.3655
vn -0.8272 -0.3823 0.4118
vn 0.2208 0.7340 -0.6423
vn 0.8293 0.4735 -0.2968
vn 0.8609 0.3595 -0.3600
vn 0.9454 -0.1120 0.3062
vn 0.4896 0.4759 -0.7307
vn -0.0625 0.5028 -0.8622
vn 0.9725 0.0081 -0.2330
vn 0.2513 0.3477 -0.9033
vn 0.2921 -0.3778 -0.8786
vn 0.9169 -0.2100 -0.3393
vn 0.8601 -0.4190 -0.2910
vn 0.3341 -0.1513 -0.9303
vn -0.4226 0.1827 0.8877
vn -0.3862 0.3235 0.8638
vn -0.7536 0.5979 0.2730
vn 0.2892 -0.2042 0.9353
vn -0.8146 0.2860 0.5046
vn -0.9289 0.3685 -0.0368
vn -0.2732 -0.1632 0.9480
vn -0.9503 0.1874 0.2486
vn -0.9097 -0.3141 0.2717
vn -0.8390 -0.5078 0.1953
vn -0.2778 -0.5741 0.7702
vn -0.3333 -0.3678 0.8681
vn 0.2551 -0.3693 -0.8936
vn 0.0640 -0.7041 -0.7072
vn -0.1317 -0.5702 -0.8109
vn -0.4020 -0.7446 -0.5329
vn 0.0393 -0.3120 -0.9493
vn 0.1756 0.0947 -0.9799
vn -0.0050 -0.0390 -0.9992
vn -0.1161 0.3927 -0.9123
vn -0.2528 0.1821 -0.9502
vn -0.3488 -0.5906 -0.7277
vn -0.4700 0.1615 -0.8677
vn -0.5805 0.3534 -0.7336
vn -0.7936 0.0036 -0.6085
vn -0.6050 -0.3752 -0.7023
vn -0.7151 -0.4611 -0.5253
vn -0.6496 -0.1025 -0.7533
vn -0.4787 -0.4328 -0.7639
vn -0.4600 -0.7495 -0.4761
vn -0.6721 -0.6169 -0.4095
vn -0.6435 -0.7653 -0.0122
vn -0.6666 -0.3731 -0.6453
vn -0.6091 0.0268 -0.7926
vn -0.7411 -0.1027 -0.6635
vn -0.7637 0.3367 -0.5508
vn -0.8777 0.1281 -0.4617
vn -0.7561 -0.6257 -0.1920
vn -0.9623 0.1191 -0.2444
vn -0.9428 0.3222 -0.0852
vn -0.9838 -0.0126 0.1787
vn -0.9157 -0.4019 0.0006
vn -0.8565 -0.4732 0.2063
vn -0.9911 -0.1318 -0.0180
vn 0.4917 -0.5417 0.6817
vn 0.5607 -0.6792 0.4736
vn 0.8195 -0.3381 0.4628
vn 0.1084 -0.7256 0.6795
vn 0.7042 -0.2789 0.6530
vn 0.8125 0.1286 0.5686
vn 0.7012 -0.0044 0.7129
vn 0.5507 0.4241 0.7189
vn 0.4856 0.2149 0.8474
vn 0.2796 -0.5650 0.7763
vn 0.2739 0.1915 0.9425
vn 0.0964 0.3786 0.9205
vn -0.1345 0.0247 0.9906
vn 0.0747 -0.3506 0.9335
vn -0.1261 -0.4426 0.8878
vn 0.0723 -0.0763 0.9945
vn -0.1317 -0.5702 0.8109
vn 0.0640 -0.7041 0.7072
vn 0.2552 -0.3693 0.8936
vn -0.4020 -0.7446 0.5329
vn 0.0393 -0.3120 0.9493
vn 0.1755 0.0947 0.9799
vn -0.0050 -0.0390 0.9992
vn -0.1161 0.3927 0.9123
vn -0.2528 0.1821 0.9502
vn -0.3488 -0.5906 0.7277
vn -0.4701 0.1616 0.8677
vn -0.5805 0.3535 0.7336
vn -0.7936 0.0036 0.6084
vn -0.6050 -0.3752 0.7023
vn -0.7151 -0.4611 0.5253
vn -0.6497 -0.1025 0.7533
vn -0.6721 -0.6169 0.4095
vn -0.4600 -0.7495 0.4761
vn -0.4787 -0.4328 0.7639
vn -0.6435 -0.7653 0.0122
vn -0.6666 -0.3731 0.6453
vn -0.6091 0.0268 0.7927
vn -0.7411 -0.1027 0.6635
vn -0.7637 0.3367 0.5509
vn -0.8777 0.1281 0.4617
vn -0.7561 -0.6257 0.1920
vn -0.9623 0.1191 0.2444
vn -0.9428 0.3222 0.0852
vn -0.9838 -0.0126 -0.1787
vn -0.9157 -0.4019 -0.0006
vn -0.8565 -0.4732 -0.2063
vn -0.9911 -0.1318 0.0180
vn 0.8195 -0.3381 -0.4628
vn 0.5607 -0.6792 -0.4735
vn 0.4917 -0.5417 -0.6817
vn 0.1084 -0.7256 -0.6795
vn 0.7042 -0.2789 -0.6529
vn 0.8125 0.1286 -0.5686
vn 0.7012 -0.0044 -0.7129
vn 0.5507 0.4241 -0.7189
vn 0.4856 0.2149 -0.8474
vn 0.2796 -0.5650 -0.7763
vn 0.2738 0.1915 -0.9425
vn 0.0963 0.3786 -0.9205
vn -0.1345 0.0247 -0.9906
vn 0.0748 -0.3506 -0.9335
vn -0.1260 -0.4426 -0.8878
vn 0.0723 -0.0763 -0.9945
vt 0.817383 0.088867
vt 0.816895 0.096680
vt 0.817383 0.101074
vt 0.802734 0.354004
vt 0.809570 0.358398
vt 0.816895 0.363281
vt 0.370850 0.413086
vt 0.363281 0.412598
vt 0.355957 0.413574
vt 0.475098 0.682861
vt 0.483887 0.682861
vt 0.484375 0.656494
vt 0.476562 0.656494
vt 0.484131 0.630859
vt 0.476562 0.630859
vt 0.894043 0.946777
vt 0.884277 0.957947
vt 0.840332 0.908813
vt 0.848633 0.894714
vt 0.827637 0.886658
vt 0.823730 0.841553
vt 0.808105 0.843140
vt 0.750488 0.115234
vt 0.752930 0.115234
vt 0.750488 0.144043
vt 0.716797 0.139160
vt 0.750000 0.159668
vt 0.736816 0.162598
vt 0.749512 0.203613
vt 0.667969 0.204102
vt 0.539551 0.827393
vt 0.609375 0.827393
vt 0.609375 0.781128
vt 0.539551 0.781128
vt 0.609375 0.739746
vt 0.539551 0.739746
vt 0.609375 0.697266
vt 0.539551 0.697266
vt 0.609375 0.655273
vt 0.539551 0.655273
vt 0.609375 0.612061
vt 0.539551 0.612061
vt 0.539551 0.568848
vt 0.609375 0.568848
vt 0.609375 0.524170
vt 0.539551 0.524170
vt 0.609375 0.483398
vt 0.539551 0.483398
vt 0.609375 0.442871
vt 0.539551 0.442871
vt 0.609375 0.397949
vt 0.539551 0.397949
vt 0.609375 0.351074
vt 0.539551 0.351074
vt 0.609375 0.306641
vt 0.539551 0.306641
vt 0.253174 0.028809
vt 0.259033 0.009766
vt 0.271973 0.025391
vt 0.251465 0.040527
vt 0.277344 0.035156
vt 0.250488 0.050781
vt 0.281982 0.045898
vt 0.254395 0.063965
vt 0.281738 0.057129
vt 0.257812 0.071289
vt 0.281982 0.066895
vt 0.281250 0.076172
vt 0.261963 0.079590
vt 0.267578 0.088379
vt 0.279297 0.086426
vt 0.275879 0.099609
vt 0.312256 0.408203
vt 0.292236 0.402344
vt 0.302979 0.392090
vt 0.322266 0.403320
vt 0.305420 0.379883
vt 0.328857 0.393555
vt 0.308350 0.327637
vt 0.332764 0.327637
vt 0.333496 0.295410
vt 0.308350 0.294922
vt 0.310059 0.261719
vt 0.354980 0.376465
vt 0.330566 0.401855
vt 0.355957 0.296875
vt 0.356201 0.391602
vt 0.334229 0.409180
vt 0.340332 0.413086
vt 0.355225 0.331055
vt 0.356201 0.402832
vt 0.348633 0.412598
vt 0.377686 0.409668
vt 0.381348 0.404297
vt 0.383057 0.392090
vt 0.377441 0.328613
vt 0.406494 0.378418
vt 0.409424 0.390625
vt 0.402344 0.328125
vt 0.389404 0.401367
vt 0.399902 0.406250
vt 0.419678 0.401367
vt 0.402100 0.295898
vt 0.377197 0.296387
vt 0.377930 0.263672
vt 0.403076 0.262695
vt 0.403076 0.229492
vt 0.355469 0.264160
vt 0.379150 0.228516
vt 0.378906 0.190918
vt 0.403320 0.185547
vt 0.401123 0.147949
vt 0.356445 0.230957
vt 0.334229 0.264160
vt 0.334229 0.230957
vt 0.309570 0.228516
vt 0.311279 0.184082
vt 0.356689 0.192383
vt 0.334229 0.189941
vt 0.335205 0.146484
vt 0.312256 0.147461
vt 0.379150 0.148438
vt 0.401123 0.083496
vt 0.356689 0.149414
vt 0.379883 0.082520
vt 0.399414 0.005859
vt 0.378418 0.008789
vt 0.357178 0.088867
vt 0.357666 0.012207
vt 0.334229 0.083984
vt 0.336670 0.008789
vt 0.313965 0.083496
vt 0.315430 0.005859
vt 0.493896 0.297852
vt 0.571777 0.292480
vt 0.495361 0.236328
vt 0.413086 0.256836
vt 0.411621 0.291504
vt 0.459717 0.656494
vt 0.460449 0.682861
vt 0.470459 0.682861
vt 0.468750 0.656494
vt 0.470703 0.630859
vt 0.462158 0.630859
vt 0.042847 0.543701
vt 0.059540 0.558350
vt 0.056885 0.563232
vt 0.035828 0.551514
vt 0.052521 0.565674
vt 0.031311 0.530762
vt 0.023346 0.538330
vt 0.022568 0.521973
vt 0.011757 0.524414
vt 0.009262 0.516602
vt 0.014648 0.513428
vt 0.034821 0.512207
vt 0.034393 0.522217
vt 0.051147 0.522461
vt 0.051605 0.512451
vt 0.068237 0.517822
vt 0.067444 0.523193
vt 0.065674 0.512695
vt 0.719727 0.219238
vt 0.736816 0.222168
vt 0.734375 0.278809
vt 0.718262 0.280762
vt 0.629883 0.222656
vt 0.628418 0.281738
vt 0.733887 0.344727
vt 0.628418 0.345215
vt 0.717285 0.344238
vt 0.734863 0.408691
vt 0.718262 0.410156
vt 0.626465 0.405762
vt 0.732910 0.466309
vt 0.625977 0.466309
vt 0.715820 0.467285
vt 0.731445 0.524658
vt 0.716797 0.525146
vt 0.623535 0.527344
vt 0.730469 0.586670
vt 0.716309 0.584473
vt 0.623047 0.582764
vt 0.729492 0.643311
vt 0.622070 0.648682
vt 0.714355 0.645020
vt 0.729004 0.705078
vt 0.621094 0.703857
vt 0.712402 0.704590
vt 0.728027 0.761597
vt 0.712891 0.761597
vt 0.620117 0.763062
vt 0.730469 0.818359
vt 0.618164 0.821899
vt 0.714844 0.817261
vt 0.718262 0.935364
vt 0.794922 0.991264
vt 0.801270 0.989647
vt 0.719727 0.929626
vt 0.831055 0.986809
vt 0.635742 0.956055
vt 0.612793 0.987259
vt 0.634766 0.990715
vt 0.613281 0.949829
vt 0.745117 0.919189
vt 0.839355 0.980942
vt 0.635742 0.919434
vt 0.614746 0.908020
vt 0.644043 0.946625
vt 0.642578 0.926758
vt 0.717773 0.905701
vt 0.628418 0.830566
vt 0.716797 0.894775
vt 0.752441 0.910339
vt 0.863770 0.979645
vt 0.717285 0.826294
vt 0.726562 0.821167
vt 0.762695 0.899658
vt 0.889160 0.977234
vt 0.788574 0.847900
vt 0.799316 0.845947
vt 0.774902 0.895264
vt 0.897461 0.972107
vt 0.874023 0.876343
vt 0.874023 0.872681
vt 0.902344 0.867310
vt 0.902344 0.870728
vt 0.931152 0.864990
vt 0.881836 0.893311
vt 0.931152 0.868530
vt 0.959961 0.868042
vt 0.905273 0.888123
vt 0.959473 0.871582
vt 0.987793 0.874146
vt 0.987305 0.877747
vt 0.930664 0.886536
vt 0.956055 0.889038
vt 0.979492 0.895081
vt 0.978516 0.899536
vt 0.955566 0.894043
vt 0.930664 0.891357
vt 0.905762 0.893066
vt 0.882324 0.897827
vt 0.880859 0.908386
vt 0.906250 0.901917
vt 0.885254 0.916931
vt 0.930664 0.899963
vt 0.954590 0.902588
vt 0.979980 0.909546
vt 0.975098 0.917908
vt 0.930664 0.908325
vt 0.907715 0.910522
vt 0.887207 0.918945
vt 0.953125 0.911072
vt 0.908203 0.912659
vt 0.930664 0.910461
vt 0.952637 0.913269
vt 0.973633 0.919922
vt 0.958496 0.945618
vt 0.944824 0.940948
vt 0.944336 0.978668
vt 0.930176 0.939056
vt 0.937500 0.975174
vt 0.930176 0.988472
vt 0.930176 0.973907
vt 0.922852 0.975189
vt 0.916016 0.978714
vt 0.915039 0.940887
vt 0.901367 0.945496
vt 0.467529 0.982056
vt 0.478271 0.985207
vt 0.479248 0.979721
vt 0.468506 0.978241
vt 0.479736 0.971359
vt 0.455078 0.975708
vt 0.449463 0.980164
vt 0.471436 0.969925
vt 0.481445 0.961426
vt 0.462891 0.967804
vt 0.426270 0.977097
vt 0.422607 0.979309
vt 0.393555 0.953827
vt 0.437012 0.969772
vt 0.404297 0.951874
vt 0.390137 0.921082
vt 0.448975 0.962494
vt 0.400879 0.922424
vt 0.400879 0.905090
vt 0.422363 0.949310
vt 0.408447 0.907654
vt 0.425293 0.891418
vt 0.419189 0.925110
vt 0.431152 0.895630
vt 0.441162 0.888550
vt 0.424805 0.913513
vt 0.443604 0.891663
vt 0.454102 0.886658
vt 0.440430 0.901672
vt 0.457764 0.892822
vt 0.469727 0.884583
vt 0.470947 0.890015
vt 0.448486 0.898254
vt 0.463379 0.900452
vt 0.475098 0.897644
vt 0.452148 0.908081
vt 0.470215 0.911194
vt 0.479004 0.907654
vt 0.462646 0.915955
vt 0.442383 0.919556
vt 0.456543 0.925049
vt 0.438721 0.929138
vt 0.469727 0.929321
vt 0.437988 0.946014
vt 0.455322 0.932190
vt 0.454346 0.942078
vt 0.460693 0.954651
vt 0.469971 0.958801
vt 0.471436 0.946167
vt 0.474365 0.959747
vt 0.482178 0.949829
vt 0.476318 0.949066
vt 0.478027 0.944275
vt 0.481934 0.944275
vt 0.474609 0.942719
vt 0.478516 0.940186
vt 0.480713 0.939941
vt 0.477783 0.934937
vt 0.476562 0.939484
vt 0.474854 0.936829
vt 0.472168 0.937988
vt 0.468262 0.939270
vt 0.469238 0.932922
vt 0.472900 0.933228
vt 0.475586 0.933960
vt 0.472900 0.931091
vt 0.475586 0.932434
vt 0.476562 0.930420
vt 0.475098 0.927490
vt 0.478516 0.929626
vt 0.480713 0.929810
vt 0.472656 0.924622
vt 0.478027 0.925720
vt 0.481689 0.925354
vt 0.476562 0.921204
vt 0.481934 0.919556
vt 0.716797 0.996727
vt 0.411133 0.006348
vt 0.440430 0.011719
vt 0.411377 0.126465
vt 0.472656 0.032227
vt 0.489014 0.059082
vt 0.502930 0.085938
vt 0.508789 0.125000
vt 0.503906 0.161133
vt 0.490723 0.186523
vt 0.479004 0.213379
vt 0.442383 0.235840
vt 0.411133 0.243164
vt 0.979004 0.775513
vt 0.991699 0.810181
vt 0.960938 0.821533
vt 0.949219 0.790649
vt 0.931641 0.819092
vt 0.930176 0.831909
vt 0.950195 0.766968
vt 0.974609 0.729980
vt 0.919434 0.823730
vt 0.924316 0.835449
vt 0.897461 0.836182
vt 0.929688 0.809448
vt 0.904785 0.821533
vt 0.872559 0.836670
vt 0.925781 0.815674
vt 0.916992 0.811768
vt 0.924316 0.808105
vt 0.903809 0.802734
vt 0.918945 0.791748
vt 0.883301 0.815552
vt 0.843750 0.834229
vt 0.884277 0.796387
vt 0.842285 0.793457
vt 0.817383 0.828857
vt 0.904297 0.779907
vt 0.819336 0.815796
vt 0.918457 0.772339
vt 0.805176 0.815674
vt 0.799316 0.825562
vt 0.927734 0.774414
vt 0.794922 0.817139
vt 0.784668 0.820679
vt 0.933594 0.768555
vt 0.783203 0.807007
vt 0.741699 0.807373
vt 0.924316 0.768799
vt 0.937988 0.746826
vt 0.926758 0.743164
vt 0.911621 0.768555
vt 0.912109 0.751709
vt 0.922363 0.725098
vt 0.901367 0.737793
vt 0.886230 0.754761
vt 0.901855 0.715820
vt 0.846191 0.754272
vt 0.886719 0.710693
vt 0.918945 0.711914
vt 0.907227 0.703125
vt 0.935547 0.723877
vt 0.928711 0.714355
vt 0.937500 0.710205
vt 0.972656 0.673340
vt 0.926758 0.695557
vt 0.937988 0.694580
vt 0.923340 0.681396
vt 0.937500 0.680176
vt 0.939941 0.657715
vt 0.931152 0.670410
vt 0.939941 0.641357
vt 0.971680 0.626221
vt 0.929688 0.661377
vt 0.923828 0.668701
vt 0.909668 0.687500
vt 0.888184 0.682861
vt 0.908203 0.675293
vt 0.919922 0.662354
vt 0.907227 0.664551
vt 0.922363 0.656982
vt 0.931641 0.656250
vt 0.915039 0.655029
vt 0.929688 0.644531
vt 0.919434 0.649902
vt 0.925293 0.646973
vt 0.930176 0.627686
vt 0.910645 0.638672
vt 0.902344 0.650879
vt 0.925781 0.640869
vt 0.888672 0.664062
vt 0.904297 0.632812
vt 0.843750 0.694092
vt 0.926758 0.628662
vt 0.916504 0.629639
vt 0.924805 0.608154
vt 0.972168 0.579590
vt 0.891113 0.617188
vt 0.908203 0.611572
vt 0.889160 0.645020
vt 0.888184 0.576416
vt 0.844238 0.663086
vt 0.847168 0.619385
vt 0.823730 0.691162
vt 0.904297 0.578857
vt 0.914551 0.582031
vt 0.897461 0.545654
vt 0.922363 0.579590
vt 0.918945 0.575684
vt 0.936035 0.571289
vt 0.923340 0.573975
vt 0.937988 0.543945
vt 0.974121 0.503418
vt 0.917480 0.549072
vt 0.907715 0.561279
vt 0.908691 0.520996
vt 0.940430 0.488770
vt 0.974609 0.438965
vt 0.922363 0.510742
vt 0.938965 0.436035
vt 0.974609 0.379395
vt 0.915039 0.489746
vt 0.935547 0.407227
vt 0.911621 0.500000
vt 0.929688 0.455078
vt 0.900879 0.499512
vt 0.918945 0.474121
vt 0.914551 0.434082
vt 0.918457 0.457031
vt 0.910645 0.486328
vt 0.911133 0.472656
vt 0.907715 0.495605
vt 0.901855 0.486328
vt 0.899414 0.493652
vt 0.886230 0.483398
vt 0.897461 0.472656
vt 0.886230 0.524170
vt 0.883789 0.456055
vt 0.848633 0.478027
vt 0.849121 0.578125
vt 0.897949 0.447754
vt 0.881836 0.421875
vt 0.898926 0.418457
vt 0.848633 0.416504
vt 0.923340 0.412109
vt 0.915039 0.403320
vt 0.923828 0.396484
vt 0.913086 0.393555
vt 0.927246 0.391113
vt 0.895508 0.399902
vt 0.933105 0.369629
vt 0.975098 0.342285
vt 0.878906 0.381836
vt 0.915039 0.370117
vt 0.921387 0.373047
vt 0.850098 0.362793
vt 0.896484 0.358398
vt 0.926270 0.366699
vt 0.879395 0.352051
vt 0.907715 0.340332
vt 0.891113 0.315430
vt 0.934570 0.353027
vt 0.916992 0.331055
vt 0.927734 0.352539
vt 0.936035 0.331543
vt 0.975098 0.301270
vt 0.928223 0.336914
vt 0.935059 0.300293
vt 0.929688 0.327637
vt 0.977539 0.252930
vt 0.912109 0.308105
vt 0.902344 0.317871
vt 0.924316 0.303223
vt 0.890625 0.283203
vt 0.912598 0.280273
vt 0.926758 0.278809
vt 0.936523 0.265137
vt 0.922363 0.268555
vt 0.912109 0.260742
vt 0.927734 0.256348
vt 0.937500 0.244141
vt 0.920410 0.248535
vt 0.891602 0.255371
vt 0.942383 0.207031
vt 0.978516 0.191895
vt 0.928223 0.223633
vt 0.942383 0.177246
vt 0.973633 0.137695
vt 0.934570 0.211426
vt 0.932129 0.224609
vt 0.928223 0.214355
vt 0.911621 0.229492
vt 0.921387 0.219238
vt 0.925293 0.210449
vt 0.923828 0.204102
vt 0.895020 0.230957
vt 0.932129 0.174316
vt 0.894043 0.181152
vt 0.855469 0.231445
vt 0.941406 0.146484
vt 0.915039 0.163086
vt 0.934082 0.149902
vt 0.938477 0.137695
vt 0.929199 0.140625
vt 0.925781 0.146973
vt 0.927246 0.136230
vt 0.937988 0.114258
vt 0.969727 0.085938
vt 0.914062 0.129883
vt 0.929199 0.122070
vt 0.927246 0.104980
vt 0.922852 0.112793
vt 0.895996 0.131836
vt 0.922363 0.104004
vt 0.936035 0.104980
vt 0.938477 0.088867
vt 0.939941 0.075684
vt 0.972656 0.052246
vt 0.928223 0.091309
vt 0.946777 0.041504
vt 0.974121 0.025879
vt 0.929199 0.084961
vt 0.940918 0.027344
vt 0.949219 0.017578
vt 0.932617 0.008301
vt 0.931641 0.035156
vt 0.928223 0.026367
vt 0.921875 0.011719
vt 0.899414 0.011719
vt 0.931641 0.055176
vt 0.919434 0.048828
vt 0.901367 0.037109
vt 0.854980 0.013672
vt 0.896973 0.079590
vt 0.924316 0.072266
vt 0.859375 0.041016
vt 0.836914 0.016602
vt 0.926758 0.079102
vt 0.924805 0.084473
vt 0.914062 0.086426
vt 0.858887 0.086426
vt 0.824219 0.038086
vt 0.808105 0.021973
vt 0.832520 0.068359
vt 0.857422 0.136719
vt 0.811523 0.027344
vt 0.858398 0.182129
vt 0.795898 0.031250
vt 0.787598 0.028320
vt 0.809570 0.035156
vt 0.787109 0.040039
vt 0.763184 0.037109
vt 0.768066 0.064941
vt 0.799316 0.038574
vt 0.791504 0.059570
vt 0.771973 0.102539
vt 0.813477 0.044922
vt 0.816406 0.072754
vt 0.802246 0.102051
vt 0.770508 0.131836
vt 0.834473 0.099609
vt 0.810547 0.100098
vt 0.822754 0.099609
vt 0.818848 0.106445
vt 0.832031 0.115723
vt 0.821289 0.126465
vt 0.799316 0.128906
vt 0.820801 0.146484
vt 0.834961 0.143066
vt 0.836426 0.175293
vt 0.824219 0.160645
vt 0.815918 0.150391
vt 0.817871 0.170898
vt 0.825684 0.185547
vt 0.811523 0.148438
vt 0.808594 0.160156
vt 0.802734 0.158691
vt 0.790527 0.160645
vt 0.765137 0.179688
vt 0.778320 0.178711
vt 0.769043 0.228027
vt 0.796387 0.165527
vt 0.795410 0.171387
vt 0.785156 0.197754
vt 0.805176 0.163574
vt 0.802734 0.166992
vt 0.810059 0.169922
vt 0.796875 0.175293
vt 0.807617 0.180176
vt 0.795898 0.197266
vt 0.813477 0.195312
vt 0.797363 0.211426
vt 0.790039 0.233887
vt 0.769043 0.277344
vt 0.826172 0.222168
vt 0.809082 0.228516
vt 0.788086 0.282227
vt 0.777344 0.321289
vt 0.805664 0.257812
vt 0.815918 0.237305
vt 0.840332 0.202148
vt 0.822266 0.241211
vt 0.840332 0.232910
vt 0.814941 0.249512
vt 0.822266 0.251465
vt 0.830078 0.245605
vt 0.825195 0.258301
vt 0.840820 0.260742
vt 0.813965 0.279297
vt 0.856934 0.259277
vt 0.804199 0.278809
vt 0.856934 0.280762
vt 0.823242 0.280762
vt 0.806152 0.300781
vt 0.798340 0.291992
vt 0.803711 0.301270
vt 0.812500 0.301270
vt 0.828613 0.289551
vt 0.816406 0.308105
vt 0.797852 0.304688
vt 0.793945 0.321289
vt 0.835449 0.295898
vt 0.812012 0.324707
vt 0.796875 0.347656
vt 0.780762 0.348633
vt 0.857422 0.314453
vt 0.830078 0.330078
vt 0.831543 0.351074
vt 0.799316 0.361816
vt 0.822266 0.390137
vt 0.805664 0.416504
vt 0.785645 0.415039
vt 0.806641 0.433594
vt 0.782227 0.467773
vt 0.815430 0.414551
vt 0.834961 0.405762
vt 0.824707 0.419434
vt 0.813477 0.433594
vt 0.830566 0.429688
vt 0.818359 0.433594
vt 0.816406 0.439453
vt 0.813477 0.450195
vt 0.820312 0.452637
vt 0.807617 0.465820
vt 0.814941 0.467285
vt 0.827637 0.456543
vt 0.818848 0.471191
vt 0.804688 0.484375
vt 0.816895 0.483398
vt 0.801270 0.503906
vt 0.778320 0.501465
vt 0.769531 0.557617
vt 0.825684 0.488770
vt 0.813477 0.501465
vt 0.848633 0.524658
vt 0.821777 0.505615
vt 0.809082 0.520752
vt 0.808594 0.541260
vt 0.792480 0.561768
vt 0.764648 0.598145
vt 0.828613 0.553711
vt 0.807617 0.556885
vt 0.802734 0.563232
vt 0.813965 0.559570
vt 0.808105 0.562744
vt 0.809570 0.569580
vt 0.812988 0.578857
vt 0.809082 0.591309
vt 0.793945 0.593506
vt 0.821777 0.601562
vt 0.804199 0.604980
vt 0.782227 0.605957
vt 0.793457 0.609863
vt 0.809570 0.609863
vt 0.788086 0.622803
vt 0.801758 0.613525
vt 0.797363 0.614746
vt 0.804688 0.616943
vt 0.813477 0.625244
vt 0.781250 0.636719
vt 0.764160 0.660645
vt 0.792969 0.630371
vt 0.818359 0.641602
vt 0.798340 0.629395
vt 0.790527 0.634521
vt 0.796387 0.634521
vt 0.803223 0.635986
vt 0.797363 0.643799
vt 0.803711 0.660889
vt 0.785645 0.654785
vt 0.810059 0.671631
vt 0.791016 0.683838
vt 0.813477 0.682617
vt 0.804688 0.689453
vt 0.813477 0.687500
vt 0.815918 0.695312
vt 0.818848 0.705811
vt 0.808594 0.703613
vt 0.799316 0.713379
vt 0.761230 0.716309
vt 0.811035 0.707764
vt 0.801758 0.726318
vt 0.810547 0.712646
vt 0.812988 0.708740
vt 0.816895 0.721191
vt 0.842773 0.719482
vt 0.824219 0.735840
vt 0.812988 0.729004
vt 0.814941 0.738525
vt 0.802734 0.739746
vt 0.754395 0.771484
vt 0.823730 0.751831
vt 0.811523 0.749023
vt 0.798340 0.749512
vt 0.813965 0.768555
vt 0.816406 0.752930
vt 0.811523 0.754761
vt 0.812500 0.760864
vt 0.805176 0.754150
vt 0.797852 0.764893
vt 0.817383 0.783569
vt 0.786621 0.775391
vt 0.811035 0.801147
vt 0.794922 0.778198
vt 0.786621 0.790039
vt 0.804199 0.777832
vt 0.793945 0.802124
vt 0.806152 0.785278
vt 0.796875 0.790161
vt 0.804688 0.794922
vt 0.791504 0.789551
vt 0.795898 0.797852
vt 0.802734 0.805298
vt 0.125854 0.488281
vt 0.068237 0.496094
vt 0.054688 0.455566
vt 0.107361 0.446777
vt 0.156372 0.428711
vt 0.182861 0.470215
vt 0.088196 0.386230
vt 0.032135 0.395996
vt 0.019379 0.350098
vt 0.176270 0.416992
vt 0.202515 0.454590
vt 0.222534 0.438965
vt 0.131958 0.374512
vt 0.075256 0.345703
vt 0.011673 0.304199
vt 0.120178 0.336426
vt 0.150635 0.365723
vt 0.196655 0.405762
vt 0.249023 0.406738
vt 0.071777 0.306152
vt 0.011673 0.245605
vt 0.224854 0.379883
vt 0.062744 0.246582
vt 0.251221 0.343262
vt 0.278809 0.354492
vt 0.302002 0.254395
vt 0.196411 0.342285
vt 0.169922 0.357422
vt 0.230835 0.291016
vt 0.139526 0.330078
vt 0.159424 0.323242
vt 0.182739 0.312012
vt 0.112183 0.302246
vt 0.131592 0.298340
vt 0.151367 0.293457
vt 0.105896 0.247070
vt 0.125488 0.247559
vt 0.073914 0.188477
vt 0.015282 0.182129
vt 0.030136 0.134277
vt 0.116394 0.192383
vt 0.080933 0.145020
vt 0.125977 0.156250
vt 0.102417 0.105957
vt 0.044403 0.086914
vt 0.068970 0.036133
vt 0.123718 0.051758
vt 0.083679 0.000488
vt 0.138550 0.011230
vt 0.169067 0.071777
vt 0.197632 0.034180
vt 0.216431 0.051758
vt 0.141113 0.121094
vt 0.189209 0.085938
vt 0.235596 0.069336
vt 0.161011 0.131348
vt 0.209961 0.100586
vt 0.263428 0.107422
vt 0.146484 0.164551
vt 0.181274 0.141602
vt 0.231689 0.124512
vt 0.285645 0.160156
vt 0.204102 0.154297
vt 0.257812 0.168945
vt 0.167358 0.172363
vt 0.234619 0.210938
vt 0.188599 0.185547
vt 0.222046 0.251465
vt 0.179565 0.209473
vt 0.173340 0.286621
vt 0.164551 0.249023
vt 0.145508 0.247559
vt 0.159668 0.200684
vt 0.137817 0.196777
vt 0.707031 0.136230
vt 0.700195 0.143555
vt 0.694336 0.136230
vt 0.697266 0.125000
vt 0.689941 0.149414
vt 0.679688 0.132324
vt 0.677246 0.142090
vt 0.676270 0.175781
vt 0.662598 0.106445
vt 0.691895 0.111816
vt 0.662598 0.125977
vt 0.662109 0.145996
vt 0.662109 0.198242
vt 0.647949 0.175293
vt 0.646973 0.141602
vt 0.634277 0.149414
vt 0.645020 0.132324
vt 0.630371 0.135742
vt 0.624512 0.143066
vt 0.617188 0.135742
vt 0.627441 0.125000
vt 0.632812 0.111328
vt 0.635254 0.097656
vt 0.689941 0.098145
vt 0.662598 0.067383
vt 0.634277 0.078125
vt 0.615234 0.082520
vt 0.609863 0.104004
vt 0.581543 0.101562
vt 0.633789 0.061523
vt 0.621094 0.064941
vt 0.650391 0.069824
vt 0.639648 0.051758
vt 0.602051 0.081055
vt 0.610352 0.061523
vt 0.593262 0.068359
vt 0.566406 0.074219
vt 0.576172 0.048828
vt 0.592773 0.046387
vt 0.608398 0.037598
vt 0.567871 0.026855
vt 0.585938 0.037109
vt 0.592285 0.025879
vt 0.662598 0.054199
vt 0.634766 0.038086
vt 0.674805 0.069824
vt 0.663086 0.036621
vt 0.623047 0.023438
vt 0.685547 0.052246
vt 0.690918 0.038574
vt 0.691406 0.062012
vt 0.702637 0.023926
vt 0.690918 0.078613
vt 0.663086 0.023438
vt 0.712402 0.015625
vt 0.613770 0.014648
vt 0.663086 0.014648
vt 0.708496 0.008301
vt 0.617676 0.007812
vt 0.663086 0.008301
vt 0.709961 0.083008
vt 0.714844 0.104492
vt 0.704590 0.065430
vt 0.743652 0.102539
vt 0.723633 0.082031
vt 0.714844 0.062500
vt 0.731934 0.069336
vt 0.759277 0.075195
vt 0.749512 0.049805
vt 0.732910 0.047363
vt 0.717285 0.038086
vt 0.758301 0.027832
vt 0.739746 0.038086
vt 0.733398 0.026855
vt 0.590332 0.289062
vt 0.555176 0.271484
vt 0.563477 0.229980
vt 0.596191 0.253906
vt 0.527344 0.239258
vt 0.585449 0.215332
vt 0.603516 0.230957
vt 0.546387 0.195801
vt 0.514160 0.201172
vt 0.514160 0.161133
vt 0.601074 0.205566
vt 0.613770 0.218262
vt 0.625488 0.208496
vt 0.573730 0.191406
vt 0.613281 0.198730
vt 0.633789 0.181152
vt 0.592773 0.187988
vt 0.607422 0.185547
vt 0.608398 0.171387
vt 0.617188 0.158691
vt 0.595215 0.168945
vt 0.603027 0.152832
vt 0.588867 0.144531
vt 0.577148 0.165039
vt 0.574707 0.125000
vt 0.551758 0.157715
vt 0.558105 0.093750
vt 0.530273 0.121582
vt 0.515137 0.301270
vt 0.521484 0.333008
vt 0.492188 0.344727
vt 0.478027 0.316895
vt 0.523926 0.359863
vt 0.445557 0.350586
vt 0.499512 0.372559
vt 0.472412 0.361816
vt 0.431152 0.392090
vt 0.523926 0.400879
vt 0.462402 0.395020
vt 0.484131 0.396973
vt 0.494385 0.423828
vt 0.516113 0.440918
vt 0.465820 0.429688
vt 0.437256 0.435059
vt 0.481689 0.450195
vt 0.508301 0.467285
vt 0.462402 0.474609
vt 0.495850 0.497070
vt 0.433105 0.538330
vt 0.428955 0.515381
vt 0.422607 0.517578
vt 0.410645 0.525879
vt 0.438721 0.513916
vt 0.426514 0.542969
vt 0.441650 0.536377
vt 0.421387 0.549316
vt 0.401611 0.537842
vt 0.395996 0.552490
vt 0.445312 0.562744
vt 0.418457 0.557129
vt 0.417969 0.565430
vt 0.394775 0.568115
vt 0.397949 0.583984
vt 0.420166 0.573486
vt 0.424561 0.580566
vt 0.406494 0.597412
vt 0.417480 0.607178
vt 0.430908 0.585693
vt 0.438477 0.589111
vt 0.432617 0.613037
vt 0.449219 0.614014
vt 0.446777 0.589600
vt 0.454834 0.587891
vt 0.464844 0.610840
vt 0.477539 0.602783
vt 0.462158 0.583496
vt 0.467773 0.577393
vt 0.487305 0.589600
vt 0.490479 0.574707
vt 0.470947 0.569580
vt 0.471924 0.561035
vt 0.490723 0.559570
vt 0.488037 0.544434
vt 0.469971 0.552979
vt 0.465820 0.545654
vt 0.480225 0.530762
vt 0.469971 0.520996
vt 0.458496 0.540283
vt 0.450684 0.536621
vt 0.460938 0.517090
vt 0.455566 0.514648
vt 0.417480 0.651367
vt 0.396729 0.622314
vt 0.376953 0.633545
vt 0.345459 0.574463
vt 0.387207 0.663086
vt 0.434082 0.686523
vt 0.354492 0.636230
vt 0.393311 0.695557
vt 0.443359 0.742676
vt 0.354980 0.664062
vt 0.393799 0.737793
vt 0.439209 0.783936
vt 0.352539 0.692627
vt 0.387451 0.769043
vt 0.424072 0.828247
vt 0.346924 0.723877
vt 0.323975 0.655029
vt 0.374023 0.802368
vt 0.314209 0.679199
vt 0.324463 0.647705
vt 0.316406 0.650146
vt 0.338867 0.748535
vt 0.326660 0.775391
vt 0.293213 0.720703
vt 0.353516 0.831665
vt 0.398926 0.867188
vt 0.367432 0.897888
vt 0.311035 0.799072
vt 0.328613 0.854004
vt 0.298828 0.873047
vt 0.330322 0.921143
vt 0.292480 0.935608
vt 0.273682 0.889099
vt 0.254639 0.941833
vt 0.271729 0.837280
vt 0.245605 0.901978
vt 0.210449 0.940796
vt 0.249756 0.852661
vt 0.292969 0.818848
vt 0.207153 0.910217
vt 0.176392 0.936096
vt 0.226440 0.866211
vt 0.175415 0.914124
vt 0.194214 0.881836
vt 0.217285 0.819214
vt 0.150635 0.916260
vt 0.151245 0.931763
vt 0.166748 0.893005
vt 0.199585 0.835449
vt 0.174194 0.857056
vt 0.234497 0.802368
vt 0.191528 0.797852
vt 0.251709 0.783936
vt 0.207031 0.778931
vt 0.223511 0.758789
vt 0.267090 0.766846
vt 0.230469 0.750000
vt 0.184204 0.728027
vt 0.285645 0.743896
vt 0.263428 0.746094
vt 0.283203 0.739990
vt 0.239990 0.738770
vt 0.280762 0.732666
vt 0.250000 0.727051
vt 0.217529 0.710449
vt 0.231689 0.705322
vt 0.229004 0.687744
vt 0.283203 0.711914
vt 0.273926 0.709229
vt 0.271240 0.693359
vt 0.218018 0.685303
vt 0.232788 0.663574
vt 0.279541 0.687256
vt 0.268066 0.685303
vt 0.289795 0.693359
vt 0.302002 0.702637
vt 0.284912 0.677002
vt 0.270264 0.681152
vt 0.254639 0.680176
vt 0.294434 0.663574
vt 0.276367 0.673096
vt 0.256348 0.676758
vt 0.240601 0.678223
vt 0.267334 0.667480
vt 0.280518 0.655029
vt 0.242432 0.673096
vt 0.247803 0.663086
vt 0.229248 0.659424
vt 0.223877 0.657227
vt 0.269775 0.644287
vt 0.207642 0.681152
vt 0.301514 0.647705
vt 0.289307 0.641357
vt 0.302246 0.640137
vt 0.292480 0.635498
vt 0.281494 0.633789
vt 0.312744 0.640869
vt 0.287109 0.630371
vt 0.275635 0.621338
vt 0.282715 0.620605
vt 0.291992 0.627197
vt 0.255127 0.629639
vt 0.295654 0.630859
vt 0.289062 0.620605
vt 0.302734 0.634277
vt 0.298340 0.625000
vt 0.295898 0.620605
vt 0.289795 0.613770
vt 0.296875 0.616211
vt 0.303711 0.620850
vt 0.282959 0.612061
vt 0.292236 0.610107
vt 0.300781 0.613770
vt 0.273438 0.610596
vt 0.287354 0.604736
vt 0.298340 0.607422
vt 0.305908 0.614990
vt 0.295898 0.601074
vt 0.305908 0.608154
vt 0.279053 0.597900
vt 0.310791 0.610840
vt 0.307129 0.602051
vt 0.291016 0.591553
vt 0.309814 0.618896
vt 0.315186 0.606445
vt 0.309570 0.593262
vt 0.314941 0.614990
vt 0.283447 0.575195
vt 0.322510 0.599365
vt 0.257080 0.587402
vt 0.320312 0.611816
vt 0.328369 0.606201
vt 0.317139 0.619629
vt 0.323975 0.618896
vt 0.310547 0.623779
vt 0.317139 0.626709
vt 0.334717 0.618164
vt 0.323975 0.629639
vt 0.307861 0.627197
vt 0.331787 0.633057
vt 0.313721 0.632324
vt 0.318604 0.638184
vt 0.309814 0.634277
vt 0.302979 0.627930
vt 0.280518 0.558838
vt 0.286133 0.536865
vt 0.253174 0.572021
vt 0.249512 0.556396
vt 0.252686 0.524414
vt 0.223633 0.577881
vt 0.216675 0.558838
vt 0.214600 0.517822
vt 0.230591 0.596680
vt 0.176514 0.569336
vt 0.158569 0.524414
vt 0.189575 0.589111
vt 0.148560 0.584717
vt 0.120422 0.539795
vt 0.165039 0.604248
vt 0.120789 0.607422
vt 0.082275 0.566162
vt 0.202637 0.609131
vt 0.098083 0.634277
vt 0.051575 0.600586
vt 0.140625 0.626221
vt 0.081116 0.663086
vt 0.030319 0.639404
vt 0.120544 0.650879
vt 0.104858 0.677002
vt 0.068787 0.695557
vt 0.017731 0.681885
vt 0.092346 0.705811
vt 0.062012 0.727295
vt 0.014641 0.722656
vt 0.084167 0.734619
vt 0.059784 0.758911
vt 0.018906 0.760864
vt 0.061737 0.798462
vt 0.031433 0.803223
vt 0.079468 0.763428
vt 0.066223 0.830566
vt 0.045074 0.835083
vt 0.077026 0.800903
vt 0.099182 0.768066
vt 0.092285 0.803467
vt 0.077393 0.832031
vt 0.106384 0.741699
vt 0.073914 0.855225
vt 0.055267 0.857544
vt 0.064148 0.881409
vt 0.088501 0.833496
vt 0.085754 0.856689
vt 0.072388 0.880432
vt 0.066956 0.897705
vt 0.081787 0.881775
vt 0.071350 0.898132
vt 0.065491 0.912292
vt 0.068237 0.912964
vt 0.060150 0.929810
vt 0.076904 0.900146
vt 0.089722 0.884888
vt 0.096008 0.861450
vt 0.101990 0.839722
vt 0.106201 0.866333
vt 0.110046 0.812378
vt 0.115479 0.845947
vt 0.121460 0.780151
vt 0.127808 0.821289
vt 0.122253 0.877380
vt 0.136963 0.861328
vt 0.143677 0.792236
vt 0.131226 0.756348
vt 0.154785 0.840942
vt 0.156006 0.771118
vt 0.176147 0.816162
vt 0.152222 0.874268
vt 0.169312 0.750000
vt 0.142578 0.733154
vt 0.115906 0.716309
vt 0.156372 0.709473
vt 0.128540 0.690674
vt 0.188110 0.700195
vt 0.142944 0.667480
vt 0.165527 0.683838
vt 0.160522 0.645020
vt 0.181885 0.661621
vt 0.181396 0.624023
vt 0.199951 0.639893
vt 0.219604 0.626465
vt 0.203247 0.678467
vt 0.242920 0.613037
vt 0.236450 0.643799
vt 0.218384 0.655762
vt 0.206665 0.713379
vt 0.134155 0.887512
vt 0.144531 0.901184
vt 0.113831 0.900879
vt 0.120789 0.909241
vt 0.105591 0.894287
vt 0.092529 0.914734
vt 0.125122 0.918396
vt 0.126221 0.927673
vt 0.094910 0.919373
vt 0.096375 0.923828
vt 0.096924 0.927429
vt 0.080383 0.925049
vt 0.081665 0.928955
vt 0.082214 0.930908
vt 0.067993 0.938354
vt 0.068481 0.939606
vt 0.067322 0.936340
vt 0.057709 0.945312
vt 0.057831 0.945648
vt 0.066650 0.934631
vt 0.054871 0.947266
vt 0.054901 0.947296
vt 0.057556 0.944824
vt 0.054291 0.947662
vt 0.054840 0.947174
vt 0.057373 0.944397
vt 0.054810 0.947083
vt 0.054749 0.947021
vt 0.078308 0.921387
vt 0.064880 0.932495
vt 0.056946 0.943878
vt 0.089172 0.910583
vt 0.074280 0.916931
vt 0.081970 0.903687
vt 0.071533 0.914612
vt 0.063599 0.931335
vt 0.061920 0.930420
vt 0.056610 0.943573
vt 0.056183 0.943329
vt 0.055756 0.943176
vt 0.054688 0.946960
vt 0.054596 0.946930
vt 0.054535 0.946899
vt 0.563477 0.838745
vt 0.559570 0.830200
vt 0.584473 0.843384
vt 0.557129 0.856445
vt 0.582031 0.849243
vt 0.604492 0.861816
vt 0.562012 0.858032
vt 0.599121 0.864502
vt 0.601074 0.964294
vt 0.562012 0.957001
vt 0.557129 0.963562
vt 0.596680 0.957489
vt 0.532715 0.982849
vt 0.507324 0.995197
vt 0.511230 0.986893
vt 0.505371 0.969040
vt 0.530273 0.976837
vt 0.552734 0.964905
vt 0.510742 0.967621
vt 0.547363 0.962158
vt 0.545410 0.868286
vt 0.550293 0.861450
vt 0.505371 0.862915
vt 0.510254 0.869629
vt 0.505371 0.073242
vt 0.495605 0.062500
vt 0.501953 0.055176
vt 0.494873 0.014648
vt 0.509766 0.063477
vt 0.555176 0.073242
vt 0.548340 0.062988
vt 0.563965 0.060059
vt 0.554199 0.054688
vt 0.501953 0.021484
vt 0.554199 0.022461
vt 0.563965 0.016113
vt 0.555176 0.004883
vt 0.508789 0.013184
vt 0.504395 0.003906
vt 0.547363 0.013672
s 1
usemtl MN157_J05_MI_Water
f 1/1/1 2/2/2 3/3/3
f 4/4/4 5/5/5 6/6/6
f 7/3/7 8/2/8 9/1/9
f 10/6/10 11/5/11 12/4/12
f 13/7/13 14/8/14 15/9/15
f 16/9/16 17/8/17 18/7/18
f 19/9/19 20/8/20 21/7/21
f 22/9/22 23/8/23 24/7/24
f 25/7/25 26/8/26 27/9/27
f 28/7/28 29/8/29 30/9/30
f 31/9/31 32/8/32 33/7/33
f 34/7/34 35/8/35 36/9/36
f 37/10/37 38/11/38 39/12/39
f 39/12/39 40/13/40 37/10/37
f 40/13/40 39/12/39 41/14/41
f 41/14/41 42/15/42 40/13/40
f 43/16/43 44/17/44 45/18/45
f 45/18/45 46/19/46 43/16/43
f 45/18/45 47/20/47 46/19/46
f 48/21/48 46/19/46 47/20/47
f 47/20/47 49/22/49 48/21/48
f 50/23/50 51/24/51 52/25/52
f 53/26/53 50/23/50 52/25/52
f 53/26/53 52/25/52 54/27/54
f 54/27/54 55/28/55 53/26/53
f 55/28/55 54/27/54 56/29/56
f 57/30/57 55/28/55 56/29/56
f 58/31/58 59/32/59 60/33/60
f 60/33/60 61/34/61 58/31/58
f 61/34/61 60/33/60 62/35/62
f 62/35/62 63/36/63 61/34/61
f 63/36/63 62/35/62 64/37/64
f 64/37/64 65/38/65 63/36/63
f 65/38/65 64/37/64 66/39/66
f 66/39/66 67/40/67 65/38/65
f 67/40/67 66/39/66 68/41/68
f 68/41/68 69/42/69 67/40/67
f 70/43/70 69/42/69 68/41/68
f 68/41/68 71/44/71 70/43/70
f 70/43/70 71/44/71 72/45/72
f 72/45/72 73/46/73 70/43/70
f 73/46/73 72/45/72 74/47/74
f 74/47/74 75/48/75 73/46/73
f 75/48/75 74/47/74 76/49/76
f 76/49/76 77/50/77 75/48/75
f 77/50/77 76/49/76 78/51/78
f 78/51/78 79/52/79 77/50/77
f 79/52/79 78/51/78 80/53/80
f 80/53/80 81/54/81 79/52/79
f 81/54/81 80/53/80 82/55/82
f 82/55/82 83/56/83 81/54/81
f 84/21/84 85/22/85 86/20/86
f 86/20/86 87/19/87 84/21/84
f 88/18/88 87/19/87 86/20/86
f 89/16/89 87/19/87 88/18/88
f 88/18/88 90/17/90 89/16/89
f 91/30/57 92/29/91 93/28/92
f 93/28/92 92/29/91 94/27/93
f 95/26/94 93/28/92 94/27/93
f 94/27/93 96/25/95 95/26/94
f 95/26/94 96/25/95 97/23/96
f 97/23/96 96/25/95 98/24/97
f 99/57/98 100/58/99 101/59/100
f 102/60/101 99/57/98 101/59/100
f 101/59/100 103/61/102 102/60/101
f 104/62/103 102/60/101 103/61/102
f 103/61/102 105/63/104 104/62/103
f 106/64/105 104/62/103 105/63/104
f 105/63/104 107/65/106 106/64/105
f 108/66/107 106/64/105 107/65/106
f 107/65/106 109/67/108 108/66/107
f 108/66/107 109/67/108 110/68/109
f 110/68/109 111/69/110 108/66/107
f 112/70/111 111/69/110 110/68/109
f 110/68/109 113/71/112 112/70/111
f 113/71/112 114/72/113 112/70/111
f 115/73/114 116/74/115 117/75/116
f 118/76/117 115/73/114 117/75/116
f 118/76/117 117/75/116 119/77/118
f 119/77/118 120/78/119 118/76/117
f 120/78/119 119/77/118 121/79/120
f 121/79/120 122/80/121 120/78/119
f 123/81/122 122/80/121 121/79/120
f 121/79/120 124/82/123 123/81/122
f 123/81/122 124/82/123 125/83/124
f 126/84/125 120/78/119 122/80/121
f 127/85/126 120/78/119 126/84/125
f 122/80/121 123/81/122 128/86/127
f 126/84/125 129/87/128 127/85/126
f 130/88/129 127/85/126 129/87/128
f 131/89/130 130/88/129 129/87/128
f 122/80/121 132/90/131 126/84/125
f 128/86/127 132/90/131 122/80/121
f 129/87/128 133/91/132 131/89/130
f 134/92/133 131/89/130 133/91/132
f 133/91/132 135/9/134 134/92/133
f 135/9/134 133/91/132 136/7/13
f 137/93/135 136/7/13 133/91/132
f 133/91/132 129/87/128 137/93/135
f 129/87/128 138/94/136 137/93/135
f 139/95/137 138/94/136 129/87/128
f 129/87/128 126/84/125 139/95/137
f 139/95/137 126/84/125 132/90/131
f 132/90/131 140/96/138 139/95/137
f 141/97/139 139/95/137 140/96/138
f 139/95/137 141/97/139 142/98/140
f 140/96/138 143/99/141 141/97/139
f 142/98/140 144/100/142 139/95/137
f 142/98/140 145/101/143 144/100/142
f 142/98/140 146/102/115 145/101/143
f 147/103/144 143/99/141 140/96/138
f 148/104/145 140/96/138 132/90/131
f 140/96/138 148/104/145 147/103/144
f 132/90/131 128/86/127 148/104/145
f 147/103/144 148/104/145 149/105/146
f 149/105/146 150/106/147 147/103/144
f 151/107/148 150/106/147 149/105/146
f 148/104/145 128/86/127 152/108/149
f 152/108/149 149/105/146 148/104/145
f 149/105/146 153/109/150 151/107/148
f 153/109/150 149/105/146 152/108/149
f 151/107/148 153/109/150 154/110/151
f 154/110/151 155/111/152 151/107/148
f 156/112/153 155/111/152 154/110/151
f 152/108/149 157/113/154 153/109/150
f 154/110/151 153/109/150 157/113/154
f 158/114/155 152/108/149 128/86/127
f 157/113/154 152/108/149 158/114/155
f 128/86/127 123/81/122 158/114/155
f 125/83/124 158/114/155 123/81/122
f 159/115/156 158/114/155 125/83/124
f 158/114/155 159/115/156 157/113/154
f 125/83/124 160/116/148 159/115/156
f 159/115/156 160/116/148 161/117/157
f 162/118/158 157/113/154 159/115/156
f 157/113/154 162/118/158 154/110/151
f 161/117/157 163/119/159 159/115/156
f 159/115/156 163/119/159 162/118/158
f 164/120/160 163/119/159 161/117/157
f 162/118/158 163/119/159 164/120/160
f 161/117/157 165/121/161 164/120/160
f 166/122/162 154/110/151 162/118/158
f 154/110/151 166/122/162 156/112/153
f 167/123/163 156/112/153 166/122/162
f 162/118/158 168/124/164 166/122/162
f 164/120/160 168/124/164 162/118/158
f 166/122/162 169/125/165 167/123/163
f 169/125/165 166/122/162 168/124/164
f 170/126/166 167/123/163 169/125/165
f 169/125/165 171/127/167 170/126/166
f 168/124/164 172/128/168 169/125/165
f 171/127/167 169/125/165 172/128/168
f 172/128/168 168/124/164 164/120/160
f 172/128/168 173/129/169 171/127/167
f 164/120/160 174/130/170 172/128/168
f 173/129/169 172/128/168 174/130/170
f 174/130/170 164/120/160 165/121/161
f 174/130/170 175/131/171 173/129/169
f 165/121/161 176/132/163 174/130/170
f 175/131/171 174/130/170 176/132/163
f 176/132/163 177/133/172 175/131/171
f 178/57/173 179/58/174 180/59/175
f 181/60/176 178/57/173 180/59/175
f 180/59/175 182/61/177 181/60/176
f 183/62/178 181/60/176 182/61/177
f 182/61/177 184/63/179 183/62/178
f 185/64/180 183/62/178 184/63/179
f 184/63/179 186/65/181 185/64/180
f 187/66/182 185/64/180 186/65/181
f 186/65/181 188/67/183 187/66/182
f 187/66/182 188/67/183 189/68/184
f 189/68/184 190/69/185 187/66/182
f 191/70/186 190/69/185 189/68/184
f 189/68/184 192/71/187 191/70/186
f 192/71/187 193/72/188 191/70/186
f 194/73/189 195/74/190 196/75/191
f 197/76/192 194/73/189 196/75/191
f 197/76/192 196/75/191 198/77/193
f 198/77/193 199/78/194 197/76/192
f 199/78/194 198/77/193 200/79/195
f 200/79/195 201/80/196 199/78/194
f 202/81/197 201/80/196 200/79/195
f 200/79/195 203/82/198 202/81/197
f 202/81/197 203/82/198 204/83/199
f 205/84/200 199/78/194 201/80/196
f 206/85/201 199/78/194 205/84/200
f 201/80/196 202/81/197 207/86/202
f 205/84/200 208/87/203 206/85/201
f 209/88/204 206/85/201 208/87/203
f 210/89/205 209/88/204 208/87/203
f 201/80/196 211/90/206 205/84/200
f 207/86/202 211/90/206 201/80/196
f 208/87/203 212/91/207 210/89/205
f 213/92/208 210/89/205 212/91/207
f 212/91/207 214/9/209 213/92/208
f 214/9/209 212/91/207 215/7/25
f 216/93/210 215/7/25 212/91/207
f 212/91/207 208/87/203 216/93/210
f 208/87/203 217/94/211 216/93/210
f 218/95/212 217/94/211 208/87/203
f 208/87/203 205/84/200 218/95/212
f 218/95/212 205/84/200 211/90/206
f 211/90/206 219/96/213 218/95/212
f 220/97/214 218/95/212 219/96/213
f 218/95/212 220/97/214 221/98/215
f 219/96/213 222/99/195 220/97/214
f 221/98/215 223/100/216 218/95/212
f 221/98/215 224/101/217 223/100/216
f 221/98/215 225/102/190 224/101/217
f 226/103/218 222/99/195 219/96/213
f 227/104/219 219/96/213 211/90/206
f 219/96/213 227/104/219 226/103/218
f 211/90/206 207/86/202 227/104/219
f 226/103/218 227/104/219 228/105/220
f 228/105/220 229/106/199 226/103/218
f 230/107/221 229/106/199 228/105/220
f 227/104/219 207/86/202 231/108/222
f 231/108/222 228/105/220 227/104/219
f 228/105/220 232/109/223 230/107/221
f 232/109/223 228/105/220 231/108/222
f 230/107/221 232/109/223 233/110/224
f 233/110/224 234/111/225 230/107/221
f 235/112/226 234/111/225 233/110/224
f 231/108/222 236/113/227 232/109/223
f 233/110/224 232/109/223 236/113/227
f 237/114/228 231/108/222 207/86/202
f 236/113/227 231/108/222 237/114/228
f 207/86/202 202/81/197 237/114/228
f 204/83/199 237/114/228 202/81/197
f 238/115/229 237/114/228 204/83/199
f 237/114/228 238/115/229 236/113/227
f 204/83/199 239/116/230 238/115/229
f 238/115/229 239/116/230 240/117/231
f 241/118/232 236/113/227 238/115/229
f 236/113/227 241/118/232 233/110/224
f 240/117/231 242/119/233 238/115/229
f 238/115/229 242/119/233 241/118/232
f 243/120/234 242/119/233 240/117/231
f 241/118/232 242/119/233 243/120/234
f 240/117/231 244/121/235 243/120/234
f 245/122/236 233/110/224 241/118/232
f 233/110/224 245/122/236 235/112/226
f 246/123/237 235/112/226 245/122/236
f 241/118/232 247/124/238 245/122/236
f 243/120/234 247/124/238 241/118/232
f 245/122/236 248/125/239 246/123/237
f 248/125/239 245/122/236 247/124/238
f 249/126/240 246/123/237 248/125/239
f 248/125/239 250/127/241 249/126/240
f 247/124/238 251/128/242 248/125/239
f 250/127/241 248/125/239 251/128/242
f 251/128/242 247/124/238 243/120/234
f 251/128/242 252/129/243 250/127/241
f 243/120/234 253/130/244 251/128/242
f 252/129/243 251/128/242 253/130/244
f 253/130/244 243/120/234 244/121/235
f 253/130/244 254/131/245 252/129/243
f 244/121/235 255/132/246 253/130/244
f 254/131/245 253/130/244 255/132/246
f 255/132/246 256/133/247 254/131/245
f 257/57/248 258/58/249 259/59/250
f 260/60/251 257/57/248 259/59/250
f 259/59/250 261/61/252 260/60/251
f 262/62/253 260/60/251 261/61/252
f 261/61/252 263/63/254 262/62/253
f 264/64/255 262/62/253 263/63/254
f 263/63/254 265/65/256 264/64/255
f 266/66/257 264/64/255 265/65/256
f 265/65/256 267/67/258 266/66/257
f 266/66/257 267/67/258 268/68/259
f 268/68/259 269/69/260 266/66/257
f 270/70/261 269/69/260 268/68/259
f 268/68/259 271/71/262 270/70/261
f 271/71/262 272/72/263 270/70/261
f 273/73/264 274/74/265 275/75/266
f 276/76/267 273/73/264 275/75/266
f 276/76/267 275/75/266 277/77/268
f 277/77/268 278/78/269 276/76/267
f 278/78/269 277/77/268 279/79/270
f 279/79/270 280/80/271 278/78/269
f 281/81/272 280/80/271 279/79/270
f 279/79/270 282/82/273 281/81/272
f 281/81/272 282/82/273 283/83/274
f 284/84/275 278/78/269 280/80/271
f 285/85/276 278/78/269 284/84/275
f 280/80/271 281/81/272 286/86/277
f 284/84/275 287/87/278 285/85/276
f 288/88/279 285/85/276 287/87/278
f 289/89/280 288/88/279 287/87/278
f 280/80/271 290/90/281 284/84/275
f 286/86/277 290/90/281 280/80/271
f 287/87/278 291/91/282 289/89/280
f 292/92/283 289/89/280 291/91/282
f 291/91/282 293/9/30 292/92/283
f 293/9/30 291/91/282 294/7/284
f 295/93/285 294/7/284 291/91/282
f 291/91/282 287/87/278 295/93/285
f 287/87/278 296/94/286 295/93/285
f 297/95/287 296/94/286 287/87/278
f 287/87/278 284/84/275 297/95/287
f 297/95/287 284/84/275 290/90/281
f 290/90/281 298/96/288 297/95/287
f 299/97/289 297/95/287 298/96/288
f 297/95/287 299/97/289 300/98/266
f 298/96/288 301/99/290 299/97/289
f 300/98/266 302/100/291 297/95/287
f 300/98/266 303/101/292 302/100/291
f 300/98/266 304/102/265 303/101/292
f 305/103/293 301/99/290 298/96/288
f 306/104/294 298/96/288 290/90/281
f 298/96/288 306/104/294 305/103/293
f 290/90/281 286/86/277 306/104/294
f 305/103/293 306/104/294 307/105/295
f 307/105/295 308/106/296 305/103/293
f 309/107/297 308/106/296 307/105/295
f 306/104/294 286/86/277 310/108/298
f 310/108/298 307/105/295 306/104/294
f 307/105/295 311/109/299 309/107/297
f 311/109/299 307/105/295 310/108/298
f 309/107/297 311/109/299 312/110/300
f 312/110/300 313/111/301 309/107/297
f 314/112/302 313/111/301 312/110/300
f 310/108/298 315/113/303 311/109/299
f 312/110/300 311/109/299 315/113/303
f 316/114/304 310/108/298 286/86/277
f 315/113/303 310/108/298 316/114/304
f 286/86/277 281/81/272 316/114/304
f 283/83/274 316/114/304 281/81/272
f 317/115/305 316/114/304 283/83/274
f 316/114/304 317/115/305 315/113/303
f 283/83/274 318/116/306 317/115/305
f 317/115/305 318/116/306 319/117/307
f 320/118/308 315/113/303 317/115/305
f 315/113/303 320/118/308 312/110/300
f 319/117/307 321/119/309 317/115/305
f 317/115/305 321/119/309 320/118/308
f 322/120/310 321/119/309 319/117/307
f 320/118/308 321/119/309 322/120/310
f 319/117/307 323/121/311 322/120/310
f 324/122/312 312/110/300 320/118/308
f 312/110/300 324/122/312 314/112/302
f 325/123/313 314/112/302 324/122/312
f 320/118/308 326/124/314 324/122/312
f 322/120/310 326/124/314 320/118/308
f 324/122/312 327/125/315 325/123/313
f 327/125/315 324/122/312 326/124/314
f 328/126/316 325/123/313 327/125/315
f 327/125/315 329/127/317 328/126/316
f 326/124/314 330/128/318 327/125/315
f 329/127/317 327/125/315 330/128/318
f 330/128/318 326/124/314 322/120/310
f 330/128/318 331/129/319 329/127/317
f 322/120/310 332/130/320 330/128/318
f 331/129/319 330/128/318 332/130/320
f 332/130/320 322/120/310 323/121/311
f 332/130/320 333/131/321 331/129/319
f 323/121/311 334/132/322 332/130/320
f 333/131/321 332/130/320 334/132/322
f 334/132/322 335/133/323 333/131/321
f 336/57/324 337/58/325 338/59/326
f 339/60/327 336/57/324 338/59/326
f 338/59/326 340/61/328 339/60/327
f 341/62/329 339/60/327 340/61/328
f 340/61/328 342/63/330 341/62/329
f 343/64/331 341/62/329 342/63/330
f 342/63/330 344/65/332 343/64/331
f 345/66/333 343/64/331 344/65/332
f 344/65/332 346/67/334 345/66/333
f 345/66/333 346/67/334 347/68/335
f 347/68/335 348/69/336 345/66/333
f 349/70/337 348/69/336 347/68/335
f 347/68/335 350/71/338 349/70/337
f 350/71/338 351/72/339 349/70/337
f 352/73/340 353/74/341 354/75/342
f 355/76/343 352/73/340 354/75/342
f 355/76/343 354/75/342 356/77/344
f 356/77/344 357/78/345 355/76/343
f 357/78/345 356/77/344 358/79/346
f 358/79/346 359/80/347 357/78/345
f 360/81/348 359/80/347 358/79/346
f 358/79/346 361/82/349 360/81/348
f 360/81/348 361/82/349 362/83/350
f 363/84/351 357/78/345 359/80/347
f 364/85/352 357/78/345 363/84/351
f 359/80/347 360/81/348 365/86/353
f 363/84/351 366/87/354 364/85/352
f 367/88/355 364/85/352 366/87/354
f 368/89/356 367/88/355 366/87/354
f 359/80/347 369/90/357 363/84/351
f 365/86/353 369/90/357 359/80/347
f 366/87/354 370/91/358 368/89/356
f 371/92/359 368/89/356 370/91/358
f 370/91/358 372/9/360 371/92/359
f 372/9/360 370/91/358 373/7/361
f 374/93/362 373/7/361 370/91/358
f 370/91/358 366/87/354 374/93/362
f 366/87/354 375/94/363 374/93/362
f 376/95/364 375/94/363 366/87/354
f 366/87/354 363/84/351 376/95/364
f 376/95/364 363/84/351 369/90/357
f 369/90/357 377/96/365 376/95/364
f 378/97/366 376/95/364 377/96/365
f 376/95/364 378/97/366 379/98/367
f 377/96/365 380/99/368 378/97/366
f 379/98/367 381/100/369 376/95/364
f 379/98/367 382/101/370 381/100/369
f 379/98/367 383/102/341 382/101/370
f 384/103/371 380/99/368 377/96/365
f 385/104/372 377/96/365 369/90/357
f 377/96/365 385/104/372 384/103/371
f 369/90/357 365/86/353 385/104/372
f 384/103/371 385/104/372 386/105/373
f 386/105/373 387/106/350 384/103/371
f 388/107/374 387/106/350 386/105/373
f 385/104/372 365/86/353 389/108/375
f 389/108/375 386/105/373 385/104/372
f 386/105/373 390/109/376 388/107/374
f 390/109/376 386/105/373 389/108/375
f 388/107/374 390/109/376 391/110/377
f 391/110/377 392/111/378 388/107/374
f 393/112/379 392/111/378 391/110/377
f 389/108/375 394/113/380 390/109/376
f 391/110/377 390/109/376 394/113/380
f 395/114/381 389/108/375 365/86/353
f 394/113/380 389/108/375 395/114/381
f 365/86/353 360/81/348 395/114/381
f 362/83/350 395/114/381 360/81/348
f 396/115/382 395/114/381 362/83/350
f 395/114/381 396/115/382 394/113/380
f 362/83/350 397/116/383 396/115/382
f 396/115/382 397/116/383 398/117/384
f 399/118/385 394/113/380 396/115/382
f 394/113/380 399/118/385 391/110/377
f 398/117/384 400/119/386 396/115/382
f 396/115/382 400/119/386 399/118/385
f 401/120/387 400/119/386 398/117/384
f 399/118/385 400/119/386 401/120/387
f 398/117/384 402/121/388 401/120/387
f 403/122/389 391/110/377 399/118/385
f 391/110/377 403/122/389 393/112/379
f 404/123/390 393/112/379 403/122/389
f 399/118/385 405/124/391 403/122/389
f 401/120/387 405/124/391 399/118/385
f 403/122/389 406/125/392 404/123/390
f 406/125/392 403/122/389 405/124/391
f 407/126/393 404/123/390 406/125/392
f 406/125/392 408/127/394 407/126/393
f 405/124/391 409/128/395 406/125/392
f 408/127/394 406/125/392 409/128/395
f 409/128/395 405/124/391 401/120/387
f 409/128/395 410/129/396 408/127/394
f 401/120/387 411/130/397 409/128/395
f 410/129/396 409/128/395 411/130/397
f 411/130/397 401/120/387 402/121/388
f 411/130/397 412/131/398 410/129/396
f 402/121/388 413/132/399 411/130/397
f 412/131/398 411/130/397 413/132/399
f 413/132/399 414/133/400 412/131/398
f 415/12/401 416/11/402 417/10/403
f 417/10/403 418/13/404 415/12/401
f 419/14/405 415/12/401 418/13/404
f 418/13/404 420/15/406 419/14/405
f 421/33/407 422/32/59 423/31/58
f 423/31/58 424/34/408 421/33/407
f 425/35/409 421/33/407 424/34/408
f 424/34/408 426/36/410 425/35/409
f 427/37/411 425/35/409 426/36/410
f 426/36/410 428/38/412 427/37/411
f 429/39/413 427/37/411 428/38/412
f 428/38/412 430/40/414 429/39/413
f 431/41/415 429/39/413 430/40/414
f 430/40/414 432/42/416 431/41/415
f 431/41/415 432/42/416 433/43/417
f 433/43/417 434/44/418 431/41/415
f 435/45/419 434/44/418 433/43/417
f 433/43/417 436/46/420 435/45/419
f 437/47/421 435/45/419 436/46/420
f 436/46/420 438/48/422 437/47/421
f 439/49/423 437/47/421 438/48/422
f 438/48/422 440/50/424 439/49/423
f 441/51/425 439/49/423 440/50/424
f 440/50/424 442/52/426 441/51/425
f 443/53/427 441/51/425 442/52/426
f 442/52/426 444/54/428 443/53/427
f 445/55/429 443/53/427 444/54/428
f 444/54/428 446/56/430 445/55/429
f 447/134/431 448/135/432 449/136/433
f 449/136/433 450/137/434 447/134/431
f 447/134/431 450/137/434 451/138/435
f 452/57/436 453/59/437 454/58/438
f 453/59/437 452/57/436 455/60/439
f 455/60/439 456/61/440 453/59/437
f 456/61/440 455/60/439 457/62/441
f 457/62/441 458/63/442 456/61/440
f 458/63/442 457/62/441 459/64/443
f 459/64/443 460/65/444 458/63/442
f 460/65/444 459/64/443 461/66/445
f 461/66/445 462/67/446 460/65/444
f 463/68/447 462/67/446 461/66/445
f 461/66/445 464/69/448 463/68/447
f 463/68/447 464/69/448 465/70/449
f 465/70/449 466/71/450 463/68/447
f 466/71/450 465/70/449 467/72/451
f 468/73/452 469/75/453 470/74/454
f 471/76/455 469/75/453 468/73/452
f 472/77/456 469/75/453 471/76/455
f 471/76/455 473/78/457 472/77/456
f 474/79/458 472/77/456 473/78/457
f 473/78/457 475/80/459 474/79/458
f 475/80/459 473/78/457 476/84/460
f 476/84/460 473/78/457 477/85/461
f 474/79/458 475/80/459 478/81/462
f 478/81/462 479/82/463 474/79/458
f 480/83/464 479/82/463 478/81/462
f 481/86/465 478/81/462 475/80/459
f 478/81/462 482/114/466 480/83/464
f 482/114/466 478/81/462 481/86/465
f 476/84/460 483/90/467 475/80/459
f 475/80/459 483/90/467 481/86/465
f 480/83/464 482/114/466 484/115/468
f 484/115/468 485/116/469 480/83/464
f 486/117/470 485/116/469 484/115/468
f 481/86/465 487/108/471 482/114/466
f 484/115/468 488/119/472 486/117/470
f 487/108/471 481/86/465 489/104/473
f 489/104/473 481/86/465 483/90/467
f 490/113/474 484/115/468 482/114/466
f 482/114/466 487/108/471 490/113/474
f 491/118/475 488/119/472 484/115/468
f 484/115/468 490/113/474 491/118/475
f 486/117/470 488/119/472 492/120/476
f 492/120/476 488/119/472 491/118/475
f 492/120/476 493/121/477 486/117/470
f 494/109/478 490/113/474 487/108/471
f 493/121/477 492/120/476 495/130/479
f 495/130/479 496/132/480 493/121/477
f 497/131/481 498/133/482 496/132/480
f 496/132/480 495/130/479 497/131/481
f 499/129/483 497/131/481 495/130/479
f 495/130/479 500/128/484 499/129/483
f 500/128/484 495/130/479 492/120/476
f 501/127/485 499/129/483 500/128/484
f 492/120/476 502/124/486 500/128/484
f 491/118/475 502/124/486 492/120/476
f 500/128/484 503/125/487 501/127/485
f 503/125/487 500/128/484 502/124/486
f 504/126/488 501/127/485 503/125/487
f 503/125/487 505/123/489 504/126/488
f 502/124/486 506/122/490 503/125/487
f 505/123/489 503/125/487 506/122/490
f 506/122/490 502/124/486 491/118/475
f 506/122/490 507/112/491 505/123/489
f 491/118/475 508/110/492 506/122/490
f 507/112/491 506/122/490 508/110/492
f 508/110/492 491/118/475 490/113/474
f 508/110/492 509/111/493 507/112/491
f 490/113/474 494/109/478 508/110/492
f 510/107/494 509/111/493 508/110/492
f 508/110/492 494/109/478 510/107/494
f 510/107/494 494/109/478 511/105/495
f 487/108/471 511/105/495 494/109/478
f 511/105/495 512/106/496 510/107/494
f 489/104/473 511/105/495 487/108/471
f 513/103/497 512/106/496 511/105/495
f 511/105/495 489/104/473 513/103/497
f 513/103/497 489/104/473 514/96/498
f 514/96/498 515/99/499 513/103/497
f 483/90/467 514/96/498 489/104/473
f 516/97/500 515/99/499 514/96/498
f 517/95/501 514/96/498 483/90/467
f 514/96/498 517/95/501 516/97/500
f 483/90/467 476/84/460 517/95/501
f 518/98/502 516/97/500 517/95/501
f 518/98/502 519/101/503 520/102/504
f 518/98/502 521/100/505 519/101/503
f 517/95/501 521/100/505 518/98/502
f 517/95/501 476/84/460 522/87/506
f 522/87/506 523/94/507 517/95/501
f 477/85/461 522/87/506 476/84/460
f 524/88/508 522/87/506 477/85/461
f 522/87/506 525/93/509 523/94/507
f 522/87/506 524/88/508 526/89/510
f 525/93/509 522/87/506 527/91/511
f 526/89/510 527/91/511 522/87/506
f 527/91/511 528/7/512 525/93/509
f 529/92/513 527/91/511 526/89/510
f 528/7/512 527/91/511 530/9/16
f 527/91/511 529/92/513 530/9/16
f 531/57/514 532/59/515 533/58/516
f 532/59/515 531/57/514 534/60/517
f 534/60/517 535/61/518 532/59/515
f 535/61/518 534/60/517 536/62/519
f 536/62/519 537/63/520 535/61/518
f 537/63/520 536/62/519 538/64/521
f 538/64/521 539/65/522 537/63/520
f 539/65/522 538/64/521 540/66/523
f 540/66/523 541/67/524 539/65/522
f 542/68/525 541/67/524 540/66/523
f 540/66/523 543/69/526 542/68/525
f 542/68/525 543/69/526 544/70/527
f 544/70/527 545/71/528 542/68/525
f 545/71/528 544/70/527 546/72/529
f 547/73/530 548/75/531 549/74/532
f 550/76/533 548/75/531 547/73/530
f 551/77/534 548/75/531 550/76/533
f 550/76/533 552/78/535 551/77/534
f 553/79/536 551/77/534 552/78/535
f 552/78/535 554/80/537 553/79/536
f 554/80/537 552/78/535 555/84/538
f 555/84/538 552/78/535 556/85/539
f 553/79/536 554/80/537 557/81/540
f 557/81/540 558/82/541 553/79/536
f 559/83/542 558/82/541 557/81/540
f 560/86/543 557/81/540 554/80/537
f 557/81/540 561/114/544 559/83/542
f 561/114/544 557/81/540 560/86/543
f 555/84/538 562/90/545 554/80/537
f 554/80/537 562/90/545 560/86/543
f 559/83/542 561/114/544 563/115/546
f 563/115/546 564/116/547 559/83/542
f 565/117/548 564/116/547 563/115/546
f 560/86/543 566/108/549 561/114/544
f 563/115/546 567/119/550 565/117/548
f 566/108/549 560/86/543 568/104/551
f 568/104/551 560/86/543 562/90/545
f 569/113/552 563/115/546 561/114/544
f 561/114/544 566/108/549 569/113/552
f 570/118/553 567/119/550 563/115/546
f 563/115/546 569/113/552 570/118/553
f 565/117/548 567/119/550 571/120/554
f 571/120/554 567/119/550 570/118/553
f 571/120/554 572/121/555 565/117/548
f 573/109/556 569/113/552 566/108/549
f 572/121/555 571/120/554 574/130/557
f 574/130/557 575/132/558 572/121/555
f 576/131/559 577/133/560 575/132/558
f 575/132/558 574/130/557 576/131/559
f 578/129/561 576/131/559 574/130/557
f 574/130/557 579/128/562 578/129/561
f 579/128/562 574/130/557 571/120/554
f 580/127/563 578/129/561 579/128/562
f 571/120/554 581/124/564 579/128/562
f 570/118/553 581/124/564 571/120/554
f 579/128/562 582/125/565 580/127/563
f 582/125/565 579/128/562 581/124/564
f 583/126/566 580/127/563 582/125/565
f 582/125/565 584/123/567 583/126/566
f 581/124/564 585/122/568 582/125/565
f 584/123/567 582/125/565 585/122/568
f 585/122/568 581/124/564 570/118/553
f 585/122/568 586/112/569 584/123/567
f 570/118/553 587/110/570 585/122/568
f 586/112/569 585/122/568 587/110/570
f 587/110/570 570/118/553 569/113/552
f 587/110/570 588/111/571 586/112/569
f 569/113/552 573/109/556 587/110/570
f 589/107/572 588/111/571 587/110/570
f 587/110/570 573/109/556 589/107/572
f 589/107/572 573/109/556 590/105/573
f 566/108/549 590/105/573 573/109/556
f 590/105/573 591/106/542 589/107/572
f 568/104/551 590/105/573 566/108/549
f 592/103/574 591/106/542 590/105/573
f 590/105/573 568/104/551 592/103/574
f 592/103/574 568/104/551 593/96/575
f 593/96/575 594/99/536 592/103/574
f 562/90/545 593/96/575 568/104/551
f 595/97/576 594/99/536 593/96/575
f 596/95/577 593/96/575 562/90/545
f 593/96/575 596/95/577 595/97/576
f 562/90/545 555/84/538 596/95/577
f 597/98/578 595/97/576 596/95/577
f 597/98/578 598/101/579 599/102/580
f 597/98/578 600/100/581 598/101/579
f 596/95/577 600/100/581 597/98/578
f 596/95/577 555/84/538 601/87/582
f 601/87/582 602/94/583 596/95/577
f 556/85/539 601/87/582 555/84/538
f 603/88/584 601/87/582 556/85/539
f 601/87/582 604/93/585 602/94/583
f 601/87/582 603/88/584 605/89/586
f 604/93/585 601/87/582 606/91/587
f 605/89/586 606/91/587 601/87/582
f 606/91/587 607/7/588 604/93/585
f 608/92/589 606/91/587 605/89/586
f 607/7/588 606/91/587 609/9/590
f 606/91/587 608/92/589 609/9/590
f 610/57/591 611/59/592 612/58/593
f 611/59/592 610/57/591 613/60/594
f 613/60/594 614/61/595 611/59/592
f 614/61/595 613/60/594 615/62/596
f 615/62/596 616/63/597 614/61/595
f 616/63/597 615/62/596 617/64/598
f 617/64/598 618/65/599 616/63/597
f 618/65/599 617/64/598 619/66/600
f 619/66/600 620/67/601 618/65/599
f 621/68/602 620/67/601 619/66/600
f 619/66/600 622/69/603 621/68/602
f 621/68/602 622/69/603 623/70/604
f 623/70/604 624/71/605 621/68/602
f 624/71/605 623/70/604 625/72/606
f 626/73/607 627/75/608 628/74/609
f 629/76/610 627/75/608 626/73/607
f 630/77/611 627/75/608 629/76/610
f 629/76/610 631/78/612 630/77/611
f 632/79/613 630/77/611 631/78/612
f 631/78/612 633/80/614 632/79/613
f 633/80/614 631/78/612 634/84/615
f 634/84/615 631/78/612 635/85/616
f 632/79/613 633/80/614 636/81/617
f 636/81/617 637/82/618 632/79/613
f 638/83/619 637/82/618 636/81/617
f 639/86/620 636/81/617 633/80/614
f 636/81/617 640/114/621 638/83/619
f 640/114/621 636/81/617 639/86/620
f 634/84/615 641/90/622 633/80/614
f 633/80/614 641/90/622 639/86/620
f 638/83/619 640/114/621 642/115/623
f 642/115/623 643/116/624 638/83/619
f 644/117/625 643/116/624 642/115/623
f 639/86/620 645/108/626 640/114/621
f 642/115/623 646/119/627 644/117/625
f 645/108/626 639/86/620 647/104/628
f 647/104/628 639/86/620 641/90/622
f 648/113/629 642/115/623 640/114/621
f 640/114/621 645/108/626 648/113/629
f 649/118/630 646/119/627 642/115/623
f 642/115/623 648/113/629 649/118/630
f 644/117/625 646/119/627 650/120/631
f 650/120/631 646/119/627 649/118/630
f 650/120/631 651/121/632 644/117/625
f 652/109/633 648/113/629 645/108/626
f 651/121/632 650/120/631 653/130/634
f 653/130/634 654/132/635 651/121/632
f 655/131/636 656/133/637 654/132/635
f 654/132/635 653/130/634 655/131/636
f 657/129/638 655/131/636 653/130/634
f 653/130/634 658/128/639 657/129/638
f 658/128/639 653/130/634 650/120/631
f 659/127/640 657/129/638 658/128/639
f 650/120/631 660/124/641 658/128/639
f 649/118/630 660/124/641 650/120/631
f 658/128/639 661/125/642 659/127/640
f 661/125/642 658/128/639 660/124/641
f 662/126/643 659/127/640 661/125/642
f 661/125/642 663/123/644 662/126/643
f 660/124/641 664/122/645 661/125/642
f 663/123/644 661/125/642 664/122/645
f 664/122/645 660/124/641 649/118/630
f 664/122/645 665/112/646 663/123/644
f 649/118/630 666/110/647 664/122/645
f 665/112/646 664/122/645 666/110/647
f 666/110/647 649/118/630 648/113/629
f 666/110/647 667/111/648 665/112/646
f 648/113/629 652/109/633 666/110/647
f 668/107/624 667/111/648 666/110/647
f 666/110/647 652/109/633 668/107/624
f 668/107/624 652/109/633 669/105/649
f 645/108/626 669/105/649 652/109/633
f 669/105/649 670/106/650 668/107/624
f 647/104/628 669/105/649 645/108/626
f 671/103/651 670/106/650 669/105/649
f 669/105/649 647/104/628 671/103/651
f 671/103/651 647/104/628 672/96/652
f 672/96/652 673/99/653 671/103/651
f 641/90/622 672/96/652 647/104/628
f 674/97/654 673/99/653 672/96/652
f 675/95/655 672/96/652 641/90/622
f 672/96/652 675/95/655 674/97/654
f 641/90/622 634/84/615 675/95/655
f 676/98/656 674/97/654 675/95/655
f 676/98/656 677/101/657 678/102/609
f 676/98/656 679/100/658 677/101/657
f 675/95/655 679/100/658 676/98/656
f 675/95/655 634/84/615 680/87/659
f 680/87/659 681/94/660 675/95/655
f 635/85/616 680/87/659 634/84/615
f 682/88/661 680/87/659 635/85/616
f 680/87/659 683/93/662 681/94/660
f 680/87/659 682/88/661 684/89/663
f 683/93/662 680/87/659 685/91/664
f 684/89/663 685/91/664 680/87/659
f 685/91/664 686/7/24 683/93/662
f 687/92/665 685/91/664 684/89/663
f 686/7/24 685/91/664 688/9/666
f 685/91/664 687/92/665 688/9/666
f 689/57/667 690/59/668 691/58/669
f 690/59/668 689/57/667 692/60/670
f 692/60/670 693/61/671 690/59/668
f 693/61/671 692/60/670 694/62/672
f 694/62/672 695/63/673 693/61/671
f 695/63/673 694/62/672 696/64/674
f 696/64/674 697/65/675 695/63/673
f 697/65/675 696/64/674 698/66/676
f 698/66/676 699/67/677 697/65/675
f 700/68/678 699/67/677 698/66/676
f 698/66/676 701/69/679 700/68/678
f 700/68/678 701/69/679 702/70/680
f 702/70/680 703/71/681 700/68/678
f 703/71/681 702/70/680 704/72/682
f 705/73/683 706/75/684 707/74/685
f 708/76/686 706/75/684 705/73/683
f 709/77/687 706/75/684 708/76/686
f 708/76/686 710/78/688 709/77/687
f 711/79/689 709/77/687 710/78/688
f 710/78/688 712/80/690 711/79/689
f 712/80/690 710/78/688 713/84/691
f 713/84/691 710/78/688 714/85/692
f 711/79/689 712/80/690 715/81/693
f 715/81/693 716/82/694 711/79/689
f 717/83/695 716/82/694 715/81/693
f 718/86/696 715/81/693 712/80/690
f 715/81/693 719/114/697 717/83/695
f 719/114/697 715/81/693 718/86/696
f 713/84/691 720/90/698 712/80/690
f 712/80/690 720/90/698 718/86/696
f 717/83/695 719/114/697 721/115/699
f 721/115/699 722/116/700 717/83/695
f 723/117/701 722/116/700 721/115/699
f 718/86/696 724/108/702 719/114/697
f 721/115/699 725/119/703 723/117/701
f 724/108/702 718/86/696 726/104/704
f 726/104/704 718/86/696 720/90/698
f 727/113/705 721/115/699 719/114/697
f 719/114/697 724/108/702 727/113/705
f 728/118/706 725/119/703 721/115/699
f 721/115/699 727/113/705 728/118/706
f 723/117/701 725/119/703 729/120/707
f 729/120/707 725/119/703 728/118/706
f 729/120/707 730/121/708 723/117/701
f 731/109/709 727/113/705 724/108/702
f 730/121/708 729/120/707 732/130/710
f 732/130/710 733/132/711 730/121/708
f 734/131/712 735/133/713 733/132/711
f 733/132/711 732/130/710 734/131/712
f 736/129/714 734/131/712 732/130/710
f 732/130/710 737/128/715 736/129/714
f 737/128/715 732/130/710 729/120/707
f 738/127/716 736/129/714 737/128/715
f 729/120/707 739/124/717 737/128/715
f 728/118/706 739/124/717 729/120/707
f 737/128/715 740/125/718 738/127/716
f 740/125/718 737/128/715 739/124/717
f 741/126/719 738/127/716 740/125/718
f 740/125/718 742/123/720 741/126/719
f 739/124/717 743/122/721 740/125/718
f 742/123/720 740/125/718 743/122/721
f 743/122/721 739/124/717 728/118/706
f 743/122/721 744/112/722 742/123/720
f 728/118/706 745/110/723 743/122/721
f 744/112/722 743/122/721 745/110/723
f 745/110/723 728/118/706 727/113/705
f 745/110/723 746/111/724 744/112/722
f 727/113/705 731/109/709 745/110/723
f 747/107/725 746/111/724 745/110/723
f 745/110/723 731/109/709 747/107/725
f 747/107/725 731/109/709 748/105/726
f 724/108/702 748/105/726 731/109/709
f 748/105/726 749/106/695 747/107/725
f 726/104/704 748/105/726 724/108/702
f 750/103/727 749/106/695 748/105/726
f 748/105/726 726/104/704 750/103/727
f 750/103/727 726/104/704 751/96/728
f 751/96/728 752/99/729 750/103/727
f 720/90/698 751/96/728 726/104/704
f 753/97/730 752/99/729 751/96/728
f 754/95/731 751/96/728 720/90/698
f 751/96/728 754/95/731 753/97/730
f 720/90/698 713/84/691 754/95/731
f 755/98/732 753/97/730 754/95/731
f 755/98/732 756/101/733 757/102/734
f 755/98/732 758/100/735 756/101/733
f 754/95/731 758/100/735 755/98/732
f 754/95/731 713/84/691 759/87/736
f 759/87/736 760/94/737 754/95/731
f 714/85/692 759/87/736 713/84/691
f 761/88/738 759/87/736 714/85/692
f 759/87/736 762/93/739 760/94/737
f 759/87/736 761/88/738 763/89/740
f 762/93/739 759/87/736 764/91/741
f 763/89/740 764/91/741 759/87/736
f 764/91/741 765/7/742 762/93/739
f 766/92/743 764/91/741 763/89/740
f 765/7/742 764/91/741 767/9/31
f 764/91/741 766/92/743 767/9/31
f 768/139/744 769/140/745 770/141/746
f 770/141/746 771/142/747 768/139/744
f 768/139/744 771/142/747 772/143/748
f 772/143/748 773/144/749 768/139/744
f 774/141/750 775/140/751 776/139/752
f 776/139/752 777/142/753 774/141/750
f 778/143/754 777/142/753 776/139/752
f 776/139/752 779/144/755 778/143/754
f 780/145/756 781/146/757 782/147/758
f 780/145/756 782/147/758 783/148/759
f 782/147/758 784/149/760 783/148/759
f 785/150/761 780/145/756 783/148/759
f 783/148/759 786/151/762 785/150/761
f 787/152/763 785/150/761 786/151/762
f 786/151/762 788/153/764 787/152/763
f 789/154/765 787/152/763 788/153/764
f 787/152/763 789/154/765 790/155/766
f 787/152/763 790/155/766 791/156/767
f 791/156/767 792/157/768 787/152/763
f 793/158/769 792/157/768 791/156/767
f 791/156/767 794/159/770 793/158/769
f 795/160/771 793/158/769 794/159/770
f 795/160/771 796/161/772 793/158/769
f 794/159/770 797/162/773 795/160/771
f 798/145/774 799/147/775 800/146/776
f 798/145/774 801/148/777 799/147/775
f 799/147/775 801/148/777 802/149/778
f 801/148/777 798/145/774 803/150/779
f 803/150/779 804/151/780 801/148/777
f 804/151/780 803/150/779 805/152/781
f 805/152/781 806/153/782 804/151/780
f 807/154/783 806/153/782 805/152/781
f 805/152/781 808/155/784 807/154/783
f 809/156/785 808/155/784 805/152/781
f 805/152/781 810/157/786 809/156/785
f 809/156/785 810/157/786 811/158/787
f 811/158/787 812/159/788 809/156/785
f 813/160/789 812/159/788 811/158/787
f 813/160/789 811/158/787 814/161/790
f 812/159/788 813/160/789 815/162/791
f 816/163/792 817/164/793 818/165/794
f 818/165/794 819/166/795 816/163/792
f 820/167/796 816/163/792 819/166/795
f 819/166/795 821/168/797 820/167/796
f 819/166/795 818/165/794 822/169/798
f 823/170/799 821/168/797 819/166/795
f 822/169/798 824/171/800 819/166/795
f 819/166/795 824/171/800 823/170/799
f 824/171/800 822/169/798 825/172/801
f 823/170/799 824/171/800 826/173/802
f 825/172/801 826/173/802 824/171/800
f 826/173/802 827/174/803 823/170/799
f 826/173/802 825/172/801 828/175/804
f 829/176/805 827/174/803 826/173/802
f 828/175/804 830/177/806 826/173/802
f 826/173/802 830/177/806 829/176/805
f 830/177/806 828/175/804 831/178/807
f 829/176/805 830/177/806 832/179/808
f 831/178/807 832/179/808 830/177/806
f 832/179/808 833/180/809 829/176/805
f 832/179/808 831/178/807 834/181/810
f 833/180/809 832/179/808 835/182/811
f 834/181/810 835/182/811 832/179/808
f 835/182/811 836/183/812 833/180/809
f 835/182/811 834/181/810 837/184/813
f 838/185/814 836/183/812 835/182/811
f 837/184/813 839/186/815 835/182/811
f 835/182/811 839/186/815 838/185/814
f 839/186/815 837/184/813 840/187/816
f 841/188/817 838/185/814 839/186/815
f 840/187/816 842/189/818 839/186/815
f 839/186/815 842/189/818 841/188/817
f 842/189/818 840/187/816 843/190/819
f 841/188/817 842/189/818 844/191/820
f 843/190/819 844/191/820 842/189/818
f 844/191/820 845/192/821 841/188/817
f 844/191/820 843/190/819 846/193/48
f 847/194/822 845/192/821 844/191/820
f 846/193/48 848/195/49 844/191/820
f 844/191/820 848/195/49 847/194/822
f 849/165/823 850/164/793 851/163/792
f 851/163/792 852/166/824 849/165/823
f 852/166/824 851/163/792 853/167/825
f 853/167/825 854/168/826 852/166/824
f 855/169/827 849/165/823 852/166/824
f 852/166/824 854/168/826 856/170/828
f 852/166/824 857/171/829 855/169/827
f 856/170/828 857/171/829 852/166/824
f 858/172/830 855/169/827 857/171/829
f 859/173/831 857/171/829 856/170/828
f 857/171/829 859/173/831 858/172/830
f 856/170/828 860/174/832 859/173/831
f 861/175/833 858/172/830 859/173/831
f 859/173/831 860/174/832 862/176/834
f 859/173/831 863/177/835 861/175/833
f 862/176/834 863/177/835 859/173/831
f 864/178/836 861/175/833 863/177/835
f 865/179/837 863/177/835 862/176/834
f 863/177/835 865/179/837 864/178/836
f 862/176/834 866/180/838 865/179/837
f 867/181/839 864/178/836 865/179/837
f 868/182/840 865/179/837 866/180/838
f 865/179/837 868/182/840 867/181/839
f 866/180/838 869/183/841 868/182/840
f 870/184/842 867/181/839 868/182/840
f 868/182/840 869/183/841 871/185/843
f 868/182/840 872/186/844 870/184/842
f 871/185/843 872/186/844 868/182/840
f 873/187/845 870/184/842 872/186/844
f 872/186/844 871/185/843 874/188/846
f 872/186/844 875/189/847 873/187/845
f 874/188/846 875/189/847 872/186/844
f 876/190/848 873/187/845 875/189/847
f 877/191/849 875/189/847 874/188/846
f 875/189/847 877/191/849 876/190/848
f 874/188/846 878/192/850 877/191/849
f 879/193/84 876/190/848 877/191/849
f 877/191/849 878/192/850 880/194/851
f 877/191/849 881/195/852 879/193/84
f 880/194/851 881/195/852 877/191/849
f 882/196/853 883/197/854 884/198/855
f 884/198/855 885/199/856 882/196/853
f 885/199/856 884/198/855 886/200/857
f 887/201/434 882/196/853 885/199/856
f 888/202/858 889/203/435 887/201/434
f 887/201/434 890/204/859 888/202/858
f 886/200/857 891/205/860 885/199/856
f 891/205/860 886/200/857 892/206/861
f 890/204/859 887/201/434 893/207/862
f 893/207/862 894/208/863 890/204/859
f 885/199/856 895/209/864 887/201/434
f 893/207/862 887/201/434 895/209/864
f 896/210/865 895/209/864 885/199/856
f 895/209/864 896/210/865 893/207/862
f 885/199/856 897/211/866 896/210/865
f 893/207/862 896/210/865 897/211/866
f 885/199/856 891/205/860 897/211/866
f 894/208/863 893/207/862 898/212/867
f 898/212/867 899/194/868 894/208/863
f 897/211/866 900/213/869 893/207/862
f 898/212/867 893/207/862 900/213/869
f 897/211/866 891/205/860 901/214/870
f 892/206/861 901/214/870 891/205/860
f 901/214/870 900/213/869 897/211/866
f 902/215/871 901/214/870 892/206/861
f 899/194/868 898/212/867 903/216/872
f 898/212/867 900/213/869 903/216/872
f 903/216/872 904/195/873 899/194/868
f 904/195/873 903/216/872 905/217/874
f 906/218/875 901/214/870 902/215/871
f 906/218/875 900/213/869 901/214/870
f 902/215/871 907/219/876 906/218/875
f 903/216/872 900/213/869 908/220/877
f 905/217/874 903/216/872 908/220/877
f 900/213/869 906/218/875 908/220/877
f 908/220/877 909/221/878 905/217/874
f 908/220/877 910/222/879 909/221/878
f 908/220/877 906/218/875 910/222/879
f 910/222/879 906/218/875 907/219/876
f 910/222/879 907/219/876 911/223/880
f 912/224/881 913/225/882 914/226/883
f 914/226/883 915/227/884 912/224/881
f 915/227/884 914/226/883 916/228/885
f 917/229/886 912/224/881 915/227/884
f 916/228/885 918/230/887 915/227/884
f 918/230/887 916/228/885 919/231/888
f 915/227/884 920/232/889 917/229/886
f 920/232/889 915/227/884 918/230/887
f 919/231/888 921/233/890 918/230/887
f 921/233/890 919/231/888 922/234/891
f 922/234/891 923/235/892 921/233/890
f 924/236/893 918/230/887 921/233/890
f 918/230/887 924/236/893 920/232/889
f 925/237/894 921/233/890 923/235/892
f 921/233/890 925/237/894 924/236/893
f 923/235/892 926/238/895 925/237/894
f 925/237/894 926/238/895 927/239/896
f 924/236/893 925/237/894 928/240/897
f 927/239/896 928/240/897 925/237/894
f 920/232/889 924/236/893 929/241/898
f 928/240/897 929/241/898 924/236/893
f 917/229/886 920/232/889 930/242/899
f 929/241/898 930/242/899 920/232/889
f 930/242/899 931/243/900 917/229/886
f 932/244/901 931/243/900 930/242/899
f 930/242/899 933/245/902 932/244/901
f 933/245/902 930/242/899 929/241/898
f 934/246/903 932/244/901 933/245/902
f 935/247/904 929/241/898 928/240/897
f 929/241/898 935/247/904 933/245/902
f 936/248/905 928/240/897 927/239/896
f 928/240/897 936/248/905 935/247/904
f 927/239/896 937/249/906 936/248/905
f 936/248/905 937/249/906 938/250/907
f 933/245/902 935/247/904 939/251/908
f 939/251/908 935/247/904 936/248/905
f 933/245/902 940/252/909 934/246/903
f 939/251/908 940/252/909 933/245/902
f 941/253/910 934/246/903 940/252/909
f 936/248/905 942/254/911 939/251/908
f 938/250/907 942/254/911 936/248/905
f 943/255/912 940/252/909 939/251/908
f 940/252/909 943/255/912 941/253/910
f 944/256/913 939/251/908 942/254/911
f 939/251/908 944/256/913 943/255/912
f 945/257/914 942/254/911 938/250/907
f 942/254/911 945/257/914 944/256/913
f 938/250/907 946/258/915 945/257/914
f 945/257/914 946/258/915 947/259/916
f 947/259/916 948/260/917 945/257/914
f 944/256/913 945/257/914 948/260/917
f 948/260/917 947/259/916 949/261/918
f 943/255/912 944/256/913 950/262/919
f 948/260/917 950/262/919 944/256/913
f 949/261/918 951/263/920 948/260/917
f 949/261/918 952/264/921 951/263/920
f 948/260/917 951/263/920 953/265/922
f 951/263/920 952/264/921 953/265/922
f 953/265/922 950/262/919 948/260/917
f 953/265/922 952/264/921 954/266/923
f 954/266/923 952/264/921 955/267/924
f 956/268/925 950/262/919 953/265/922
f 953/265/922 954/266/923 956/268/925
f 950/262/919 956/268/925 943/255/912
f 956/268/925 954/266/923 955/267/924
f 941/253/910 943/255/912 956/268/925
f 955/267/924 957/269/926 956/268/925
f 956/268/925 957/269/926 941/253/910
f 958/226/927 959/225/928 960/224/929
f 960/224/929 961/227/930 958/226/927
f 962/228/931 958/226/927 961/227/930
f 961/227/930 960/224/929 963/229/932
f 961/227/930 964/230/933 962/228/931
f 965/231/934 962/228/931 964/230/933
f 963/229/932 966/232/935 961/227/930
f 964/230/933 961/227/930 966/232/935
f 964/230/933 967/233/936 965/231/934
f 968/234/937 965/231/934 967/233/936
f 967/233/936 969/235/938 968/234/937
f 967/233/936 964/230/933 970/236/939
f 966/232/935 970/236/939 964/230/933
f 969/235/938 967/233/936 971/237/940
f 970/236/939 971/237/940 967/233/936
f 971/237/940 972/238/941 969/235/938
f 973/239/942 972/238/941 971/237/940
f 974/240/943 971/237/940 970/236/939
f 971/237/940 974/240/943 973/239/942
f 975/241/944 970/236/939 966/232/935
f 970/236/939 975/241/944 974/240/943
f 976/242/945 966/232/935 963/229/932
f 966/232/935 976/242/945 975/241/944
f 963/229/932 977/243/946 976/242/945
f 976/242/945 977/243/946 978/244/947
f 978/244/947 979/245/948 976/242/945
f 975/241/944 976/242/945 979/245/948
f 979/245/948 978/244/947 980/246/949
f 974/240/943 975/241/944 981/247/950
f 979/245/948 981/247/950 975/241/944
f 973/239/942 974/240/943 982/248/951
f 981/247/950 982/248/951 974/240/943
f 982/248/951 983/249/952 973/239/942
f 984/250/953 983/249/952 982/248/951
f 985/251/954 981/247/950 979/245/948
f 982/248/951 981/247/950 985/251/954
f 980/246/949 986/252/955 979/245/948
f 979/245/948 986/252/955 985/251/954
f 986/252/955 980/246/949 987/253/956
f 982/248/951 988/254/957 984/250/953
f 985/251/954 988/254/957 982/248/951
f 987/253/956 989/255/958 986/252/955
f 985/251/954 986/252/955 989/255/958
f 984/250/953 988/254/957 990/257/959
f 990/257/959 991/258/960 984/250/953
f 992/259/961 991/258/960 990/257/959
f 988/254/957 985/251/954 993/256/962
f 993/256/962 990/257/959 988/254/957
f 989/255/958 993/256/962 985/251/954
f 990/257/959 994/260/963 992/259/961
f 994/260/963 990/257/959 993/256/962
f 995/261/964 992/259/961 994/260/963
f 996/262/965 993/256/962 989/255/958
f 993/256/962 996/262/965 994/260/963
f 994/260/963 997/263/966 995/261/964
f 995/261/964 997/263/966 998/264/967
f 999/265/968 997/263/966 994/260/963
f 997/263/966 999/265/968 998/264/967
f 994/260/963 996/262/965 999/265/968
f 999/265/968 1000/266/969 998/264/967
f 1000/266/969 1001/267/970 998/264/967
f 999/265/968 996/262/965 1002/268/971
f 1002/268/971 1000/266/969 999/265/968
f 1001/267/970 1000/266/969 1002/268/971
f 989/255/958 1002/268/971 996/262/965
f 1002/268/971 989/255/958 987/253/956
f 1002/268/971 1003/269/972 1001/267/970
f 987/253/956 1003/269/972 1002/268/971
f 1004/270/973 1005/271/974 1006/272/975
f 1006/272/975 1007/273/976 1004/270/973
f 1007/273/976 1006/272/975 1008/274/977
f 1004/270/973 1007/273/976 1009/275/978
f 1009/275/978 1010/276/979 1004/270/973
f 1008/274/977 1011/277/980 1007/273/976
f 1011/277/980 1008/274/977 1012/278/981
f 1013/279/982 1009/275/978 1007/273/976
f 1007/273/976 1011/277/980 1013/279/982
f 1014/280/983 1010/276/979 1009/275/978
f 1010/276/979 1014/280/983 1015/281/984
f 1016/282/985 1015/281/984 1014/280/983
f 1009/275/978 1017/283/986 1014/280/983
f 1017/283/986 1009/275/978 1013/279/982
f 1014/280/983 1018/284/987 1016/282/985
f 1018/284/987 1014/280/983 1017/283/986
f 1019/285/988 1016/282/985 1018/284/987
f 1013/279/982 1020/286/989 1017/283/986
f 1018/284/987 1021/287/990 1019/285/988
f 1022/288/991 1019/285/988 1021/287/990
f 1017/283/986 1023/289/992 1018/284/987
f 1021/287/990 1018/284/987 1023/289/992
f 1023/289/992 1017/283/986 1020/286/989
f 1021/287/990 1024/290/993 1022/288/991
f 1025/291/994 1022/288/991 1024/290/993
f 1023/289/992 1026/292/995 1021/287/990
f 1024/290/993 1027/293/996 1025/291/994
f 1028/294/997 1025/291/994 1027/293/996
f 1029/295/998 1024/290/993 1021/287/990
f 1027/293/996 1024/290/993 1029/295/998
f 1021/287/990 1026/292/995 1029/295/998
f 1027/293/996 1030/296/999 1028/294/997
f 1028/294/997 1030/296/999 1031/297/1000
f 1029/295/998 1032/298/1001 1027/293/996
f 1030/296/999 1027/293/996 1032/298/1001
f 1033/299/1002 1031/297/1000 1030/296/999
f 1034/300/974 1031/297/1000 1033/299/1002
f 1033/299/1002 1035/301/1003 1034/300/974
f 1032/298/1001 1036/302/1004 1030/296/999
f 1030/296/999 1036/302/1004 1033/299/1002
f 1035/301/1003 1033/299/1002 1037/303/1005
f 1037/303/1005 1038/304/1006 1035/301/1003
f 1033/299/1002 1036/302/1004 1039/305/1007
f 1039/305/1007 1037/303/1005 1033/299/1002
f 1039/305/1007 1036/302/1004 1032/298/1001
f 1038/304/1006 1037/303/1005 1040/306/1008
f 1040/306/1008 1041/307/1009 1038/304/1006
f 1037/303/1005 1039/305/1007 1042/308/1010
f 1042/308/1010 1040/306/1008 1037/303/1005
f 1043/309/1011 1039/305/1007 1032/298/1001
f 1032/298/1001 1029/295/998 1043/309/1011
f 1044/310/1012 1042/308/1010 1039/305/1007
f 1039/305/1007 1043/309/1011 1044/310/1012
f 1045/311/1013 1043/309/1011 1029/295/998
f 1044/310/1012 1043/309/1011 1045/311/1013
f 1029/295/998 1026/292/995 1045/311/1013
f 1042/308/1010 1044/310/1012 1046/312/1014
f 1047/313/1015 1045/311/1013 1026/292/995
f 1026/292/995 1023/289/992 1047/313/1015
f 1020/286/989 1047/313/1015 1023/289/992
f 1045/311/1013 1048/314/1016 1044/310/1012
f 1046/312/1014 1044/310/1012 1048/314/1016
f 1045/311/1013 1047/313/1015 1049/315/1017
f 1049/315/1017 1048/314/1016 1045/311/1013
f 1047/313/1015 1020/286/989 1050/316/1018
f 1050/316/1018 1049/315/1017 1047/313/1015
f 1051/317/1019 1050/316/1018 1020/286/989
f 1020/286/989 1013/279/982 1051/317/1019
f 1051/317/1019 1013/279/982 1011/277/980
f 1049/315/1017 1050/316/1018 1052/318/1020
f 1011/277/980 1053/319/1021 1051/317/1019
f 1012/278/981 1053/319/1021 1011/277/980
f 1053/319/1021 1012/278/981 1054/320/1022
f 1050/316/1018 1051/317/1019 1055/321/1023
f 1053/319/1021 1055/321/1023 1051/317/1019
f 1054/320/1022 1055/321/1023 1053/319/1021
f 1055/321/1023 1052/318/1020 1050/316/1018
f 1056/322/1024 1055/321/1023 1054/320/1022
f 1054/320/1022 1057/323/1025 1056/322/1024
f 1058/324/1026 1052/318/1020 1055/321/1023
f 1055/321/1023 1056/322/1024 1058/324/1026
f 1059/325/1027 1056/322/1024 1057/323/1025
f 1057/323/1025 1060/326/1028 1059/325/1027
f 1060/326/1028 1061/327/1029 1059/325/1027
f 1056/322/1024 1059/325/1027 1062/328/1030
f 1062/328/1030 1058/324/1026 1056/322/1024
f 1059/325/1027 1061/327/1029 1062/328/1030
f 1058/324/1026 1062/328/1030 1063/329/1031
f 1062/328/1030 1061/327/1029 1063/329/1031
f 1052/318/1020 1058/324/1026 1064/330/1032
f 1063/329/1031 1064/330/1032 1058/324/1026
f 1052/318/1020 1065/331/1033 1049/315/1017
f 1064/330/1032 1065/331/1033 1052/318/1020
f 1048/314/1016 1049/315/1017 1065/331/1033
f 1065/331/1033 1066/332/1034 1048/314/1016
f 1066/332/1034 1065/331/1033 1064/330/1032
f 1048/314/1016 1066/332/1034 1046/312/1014
f 1067/333/1035 1064/330/1032 1063/329/1031
f 1064/330/1032 1067/333/1035 1066/332/1034
f 1063/329/1031 1068/334/1036 1067/333/1035
f 1063/329/1031 1061/327/1029 1068/334/1036
f 1066/332/1034 1067/333/1035 1069/335/1037
f 1069/335/1037 1046/312/1014 1066/332/1034
f 1067/333/1035 1068/334/1036 1070/336/1038
f 1070/336/1038 1069/335/1037 1067/333/1035
f 1068/334/1036 1061/327/1029 1070/336/1038
f 1069/335/1037 1070/336/1038 1071/337/1039
f 1070/336/1038 1061/327/1029 1071/337/1039
f 1046/312/1014 1069/335/1037 1072/338/1040
f 1071/337/1039 1072/338/1040 1069/335/1037
f 1071/337/1039 1061/327/1029 1073/339/1041
f 1072/338/1040 1071/337/1039 1073/339/1041
f 1073/339/1041 1061/327/1029 1074/340/1042
f 1072/338/1040 1075/341/1043 1046/312/1014
f 1046/312/1014 1075/341/1043 1042/308/1010
f 1040/306/1008 1042/308/1010 1075/341/1043
f 1073/339/1041 1076/342/1044 1072/338/1040
f 1076/342/1044 1073/339/1041 1074/340/1042
f 1075/341/1043 1072/338/1040 1076/342/1044
f 1074/340/1042 1077/343/1045 1076/342/1044
f 1075/341/1043 1078/344/1046 1040/306/1008
f 1076/342/1044 1078/344/1046 1075/341/1043
f 1078/344/1046 1076/342/1044 1077/343/1045
f 1041/307/1009 1040/306/1008 1078/344/1046
f 1077/343/1045 1079/345/1047 1078/344/1046
f 1078/344/1046 1079/345/1047 1041/307/1009
f 1080/272/1048 1081/271/1049 1082/270/1050
f 1082/270/1050 1083/273/1051 1080/272/1048
f 1084/274/1052 1080/272/1048 1083/273/1051
f 1085/275/1053 1083/273/1051 1082/270/1050
f 1082/270/1050 1086/276/1054 1085/275/1053
f 1083/273/1051 1087/277/1055 1084/274/1052
f 1088/278/1056 1084/274/1052 1087/277/1055
f 1083/273/1051 1085/275/1053 1089/279/1057
f 1089/279/1057 1087/277/1055 1083/273/1051
f 1085/275/1053 1086/276/1054 1090/280/1058
f 1086/276/1054 1091/281/1059 1090/280/1058
f 1090/280/1058 1091/281/1059 1092/282/1060
f 1090/280/1058 1093/283/1061 1085/275/1053
f 1089/279/1057 1085/275/1053 1093/283/1061
f 1092/282/1060 1094/284/1062 1090/280/1058
f 1093/283/1061 1090/280/1058 1094/284/1062
f 1094/284/1062 1092/282/1060 1095/285/1063
f 1093/283/1061 1096/286/1064 1089/279/1057
f 1095/285/1063 1097/287/1065 1094/284/1062
f 1097/287/1065 1095/285/1063 1098/288/1066
f 1094/284/1062 1099/289/1067 1093/283/1061
f 1099/289/1067 1094/284/1062 1097/287/1065
f 1096/286/1064 1093/283/1061 1099/289/1067
f 1098/288/1066 1100/290/1068 1097/287/1065
f 1100/290/1068 1098/288/1066 1101/291/1069
f 1097/287/1065 1102/292/1070 1099/289/1067
f 1101/291/1069 1103/293/1071 1100/290/1068
f 1103/293/1071 1101/291/1069 1104/294/1072
f 1097/287/1065 1100/290/1068 1105/295/1073
f 1105/295/1073 1100/290/1068 1103/293/1071
f 1105/295/1073 1102/292/1070 1097/287/1065
f 1104/294/1072 1106/296/1074 1103/293/1071
f 1104/294/1072 1107/297/1075 1106/296/1074
f 1103/293/1071 1108/298/1076 1105/295/1073
f 1108/298/1076 1103/293/1071 1106/296/1074
f 1106/296/1074 1107/297/1075 1109/299/1077
f 1109/299/1077 1107/297/1075 1110/300/1078
f 1110/300/1078 1111/301/1079 1109/299/1077
f 1106/296/1074 1112/302/1080 1108/298/1076
f 1109/299/1077 1112/302/1080 1106/296/1074
f 1113/305/1081 1108/298/1076 1112/302/1080
f 1113/305/1081 1112/302/1080 1109/299/1077
f 1114/303/1082 1109/299/1077 1111/301/1079
f 1109/299/1077 1114/303/1082 1113/305/1081
f 1111/301/1079 1115/304/1083 1114/303/1082
f 1108/298/1076 1113/305/1081 1116/309/1084
f 1116/309/1084 1105/295/1073 1108/298/1076
f 1117/306/1085 1114/303/1082 1115/304/1083
f 1115/304/1083 1118/307/1086 1117/306/1085
f 1119/308/1087 1113/305/1081 1114/303/1082
f 1114/303/1082 1117/306/1085 1119/308/1087
f 1120/310/1088 1116/309/1084 1113/305/1081
f 1113/305/1081 1119/308/1087 1120/310/1088
f 1105/295/1073 1116/309/1084 1121/311/1089
f 1121/311/1089 1116/309/1084 1120/310/1088
f 1121/311/1089 1102/292/1070 1105/295/1073
f 1122/312/1090 1120/310/1088 1119/308/1087
f 1102/292/1070 1121/311/1089 1123/313/1091
f 1123/313/1091 1099/289/1067 1102/292/1070
f 1099/289/1067 1123/313/1091 1096/286/1064
f 1120/310/1088 1124/314/1092 1121/311/1089
f 1124/314/1092 1120/310/1088 1122/312/1090
f 1125/315/1093 1123/313/1091 1121/311/1089
f 1121/311/1089 1124/314/1092 1125/315/1093
f 1126/316/1094 1096/286/1064 1123/313/1091
f 1123/313/1091 1125/315/1093 1126/316/1094
f 1096/286/1064 1126/316/1094 1127/317/1095
f 1127/317/1095 1089/279/1057 1096/286/1064
f 1087/277/1055 1089/279/1057 1127/317/1095
f 1127/317/1095 1128/319/1096 1087/277/1055
f 1087/277/1055 1128/319/1096 1088/278/1056
f 1129/320/1097 1088/278/1056 1128/319/1096
f 1128/319/1096 1127/317/1095 1130/321/1098
f 1128/319/1096 1130/321/1098 1129/320/1097
f 1130/321/1098 1127/317/1095 1126/316/1094
f 1129/320/1097 1130/321/1098 1131/322/1099
f 1131/322/1099 1132/323/1100 1129/320/1097
f 1126/316/1094 1133/318/1101 1130/321/1098
f 1133/318/1101 1126/316/1094 1125/315/1093
f 1134/324/1102 1131/322/1099 1130/321/1098
f 1130/321/1098 1133/318/1101 1134/324/1102
f 1132/323/1100 1131/322/1099 1135/325/1103
f 1135/325/1103 1136/326/1104 1132/323/1100
f 1136/326/1104 1135/325/1103 1137/327/1105
f 1138/328/1106 1135/325/1103 1131/322/1099
f 1131/322/1099 1134/324/1102 1138/328/1106
f 1135/325/1103 1138/328/1106 1137/327/1105
f 1139/329/1107 1138/328/1106 1134/324/1102
f 1138/328/1106 1139/329/1107 1137/327/1105
f 1140/330/1108 1134/324/1102 1133/318/1101
f 1134/324/1102 1140/330/1108 1139/329/1107
f 1125/315/1093 1141/331/1109 1133/318/1101
f 1133/318/1101 1141/331/1109 1140/330/1108
f 1141/331/1109 1125/315/1093 1124/314/1092
f 1124/314/1092 1142/332/1110 1141/331/1109
f 1140/330/1108 1141/331/1109 1142/332/1110
f 1122/312/1090 1142/332/1110 1124/314/1092
f 1139/329/1107 1140/330/1108 1143/333/1111
f 1142/332/1110 1143/333/1111 1140/330/1108
f 1143/333/1111 1144/334/1112 1139/329/1107
f 1139/329/1107 1144/334/1112 1137/327/1105
f 1145/335/1113 1143/333/1111 1142/332/1110
f 1142/332/1110 1122/312/1090 1145/335/1113
f 1146/336/1114 1144/334/1112 1143/333/1111
f 1143/333/1111 1145/335/1113 1146/336/1114
f 1144/334/1112 1146/336/1114 1137/327/1105
f 1147/337/1115 1146/336/1114 1145/335/1113
f 1146/336/1114 1147/337/1115 1137/327/1105
f 1148/338/1116 1145/335/1113 1122/312/1090
f 1145/335/1113 1148/338/1116 1147/337/1115
f 1147/337/1115 1149/339/1117 1137/327/1105
f 1149/339/1117 1147/337/1115 1148/338/1116
f 1149/339/1117 1150/340/1118 1137/327/1105
f 1122/312/1090 1151/341/1119 1148/338/1116
f 1119/308/1087 1151/341/1119 1122/312/1090
f 1151/341/1119 1119/308/1087 1117/306/1085
f 1148/338/1116 1152/342/1120 1149/339/1117
f 1150/340/1118 1149/339/1117 1152/342/1120
f 1152/342/1120 1148/338/1116 1151/341/1119
f 1152/342/1120 1153/343/1121 1150/340/1118
f 1117/306/1085 1154/344/1122 1151/341/1119
f 1151/341/1119 1154/344/1122 1152/342/1120
f 1153/343/1121 1152/342/1120 1154/344/1122
f 1154/344/1122 1117/306/1085 1118/307/1086
f 1154/344/1122 1155/345/1123 1153/343/1121
f 1118/307/1086 1155/345/1123 1154/344/1122
f 1156/222/1124 1157/223/1125 1158/219/1126
f 1156/222/1124 1158/219/1126 1159/218/1127
f 1159/218/1127 1158/219/1126 1160/215/1128
f 1161/220/1129 1156/222/1124 1159/218/1127
f 1161/220/1129 1162/221/1130 1156/222/1124
f 1163/217/1131 1162/221/1130 1161/220/1129
f 1160/215/1128 1164/214/1132 1159/218/1127
f 1160/215/1128 1165/206/861 1164/214/1132
f 1161/220/1129 1166/216/1133 1163/217/1131
f 1167/195/1134 1163/217/1131 1166/216/1133
f 1168/194/1135 1167/195/1134 1166/216/1133
f 1161/220/1129 1159/218/1127 1169/213/1136
f 1166/216/1133 1161/220/1129 1169/213/1136
f 1159/218/1127 1164/214/1132 1169/213/1136
f 1166/216/1133 1170/212/1137 1168/194/1135
f 1170/212/1137 1166/216/1133 1169/213/1136
f 1171/208/1138 1168/194/1135 1170/212/1137
f 1170/212/1137 1172/207/1139 1171/208/1138
f 1170/212/1137 1169/213/1136 1172/207/1139
f 1173/204/1140 1171/208/1138 1172/207/1139
f 1174/211/1141 1169/213/1136 1164/214/1132
f 1172/207/1139 1169/213/1136 1174/211/1141
f 1175/205/1142 1164/214/1132 1165/206/861
f 1164/214/1132 1175/205/1142 1174/211/1141
f 1165/206/861 1176/200/1143 1175/205/1142
f 1177/199/1144 1175/205/1142 1176/200/1143
f 1177/199/1144 1174/211/1141 1175/205/1142
f 1176/200/1143 1178/198/1145 1177/199/1144
f 1174/211/1141 1179/210/1146 1172/207/1139
f 1179/210/1146 1174/211/1141 1177/199/1144
f 1172/207/1139 1179/210/1146 1180/209/1147
f 1177/199/1144 1180/209/1147 1179/210/1146
f 1180/209/1147 1181/201/1148 1172/207/1139
f 1181/201/1148 1180/209/1147 1177/199/1144
f 1172/207/1139 1181/201/1148 1173/204/1140
f 1182/202/858 1173/204/1140 1181/201/1148
f 1181/201/1148 1183/203/1149 1182/202/858
f 1184/346/1150 1183/203/1149 1181/201/1148
f 1177/199/1144 1185/196/1151 1181/201/1148
f 1185/196/1151 1184/346/1150 1181/201/1148
f 1185/196/1151 1177/199/1144 1178/198/1145
f 1184/346/1150 1185/196/1151 1186/197/854
f 1178/198/1145 1186/197/854 1185/196/1151
f 1187/347/1152 1188/348/1153 1189/349/1154
f 1189/349/1154 1188/348/1153 1190/350/1155
f 1190/350/1155 1191/351/1156 1189/349/1154
f 1189/349/1154 1191/351/1156 1192/352/1157
f 1189/349/1154 1192/352/1157 1193/353/1158
f 1193/353/1158 1194/354/1159 1189/349/1154
f 1194/354/1159 1195/355/1160 1189/349/1154
f 1189/349/1154 1195/355/1160 1196/356/1161
f 1196/356/1161 1197/357/1162 1189/349/1154
f 1189/349/1154 1197/357/1162 1198/358/1163
f 1199/347/1164 1200/349/1165 1201/348/1166
f 1200/349/1165 1202/350/1167 1201/348/1166
f 1202/350/1167 1200/349/1165 1203/351/1168
f 1200/349/1165 1204/352/1169 1203/351/1168
f 1200/349/1165 1205/353/1170 1204/352/1169
f 1205/353/1170 1200/349/1165 1206/354/1171
f 1206/354/1171 1200/349/1165 1207/355/1172
f 1200/349/1165 1208/356/1173 1207/355/1172
f 1208/356/1173 1200/349/1165 1209/357/1174
f 1200/349/1165 1210/358/1175 1209/357/1174
f 1211/359/1176 1212/360/1177 1213/361/1178
f 1213/361/1178 1214/362/1179 1211/359/1176
f 1214/362/1179 1213/361/1178 1215/363/1180
f 1213/361/1178 1216/364/1181 1215/363/1180
f 1217/365/1182 1211/359/1176 1214/362/1179
f 1218/366/1183 1211/359/1176 1217/365/1182
f 1216/364/1181 1219/367/1184 1215/363/1180
f 1220/368/1185 1219/367/1184 1216/364/1181
f 1219/367/1184 1220/368/1185 1221/369/1186
f 1215/363/1180 1222/370/1187 1214/362/1179
f 1221/369/1186 1223/371/1188 1219/367/1184
f 1223/371/1188 1221/369/1186 1224/372/1189
f 1219/367/1184 1225/373/1190 1215/363/1180
f 1215/363/1180 1225/373/1190 1222/370/1187
f 1226/374/1191 1219/367/1184 1223/371/1188
f 1225/373/1190 1219/367/1184 1226/374/1191
f 1225/373/1190 1227/375/1192 1222/370/1187
f 1226/374/1191 1227/375/1192 1225/373/1190
f 1214/362/1179 1222/370/1187 1227/375/1192
f 1223/371/1188 1228/376/1193 1226/374/1191
f 1229/377/1194 1227/375/1192 1226/374/1191
f 1227/375/1192 1229/377/1194 1214/362/1179
f 1226/374/1191 1228/376/1193 1229/377/1194
f 1224/372/1189 1230/378/1195 1223/371/1188
f 1228/376/1193 1223/371/1188 1230/378/1195
f 1230/378/1195 1224/372/1189 1231/379/1196
f 1230/378/1195 1232/380/1197 1228/376/1193
f 1229/377/1194 1228/376/1193 1232/380/1197
f 1231/379/1196 1233/381/1198 1230/378/1195
f 1233/381/1198 1232/380/1197 1230/378/1195
f 1233/381/1198 1231/379/1196 1234/382/1199
f 1232/380/1197 1235/383/1200 1229/377/1194
f 1234/382/1199 1236/384/1201 1233/381/1198
f 1237/385/1202 1229/377/1194 1235/383/1200
f 1238/386/1203 1236/384/1201 1234/382/1199
f 1234/382/1199 1239/387/1204 1238/386/1203
f 1229/377/1194 1237/385/1202 1240/388/1205
f 1214/362/1179 1229/377/1194 1240/388/1205
f 1217/365/1182 1214/362/1179 1240/388/1205
f 1238/386/1203 1239/387/1204 1241/389/1206
f 1241/389/1206 1239/387/1204 1242/390/1207
f 1240/388/1205 1243/391/1208 1217/365/1182
f 1241/389/1206 1242/390/1207 1244/392/1209
f 1244/392/1209 1242/390/1207 1245/393/1210
f 1246/394/1211 1243/391/1208 1240/388/1205
f 1240/388/1205 1237/385/1202 1246/394/1211
f 1243/391/1208 1247/395/1212 1217/365/1182
f 1217/365/1182 1247/395/1212 1218/366/1183
f 1243/391/1208 1246/394/1211 1248/396/1213
f 1248/396/1213 1247/395/1212 1243/391/1208
f 1246/394/1211 1237/385/1202 1249/397/1214
f 1235/383/1200 1249/397/1214 1237/385/1202
f 1248/396/1213 1246/394/1211 1250/398/1215
f 1249/397/1214 1250/398/1215 1246/394/1211
f 1247/395/1212 1248/396/1213 1251/399/1216
f 1251/399/1216 1248/396/1213 1250/398/1215
f 1252/400/1217 1250/398/1215 1249/397/1214
f 1250/398/1215 1252/400/1217 1251/399/1216
f 1249/397/1214 1235/383/1200 1253/401/1218
f 1249/397/1214 1253/401/1218 1252/400/1217
f 1235/383/1200 1232/380/1197 1253/401/1218
f 1254/402/1219 1252/400/1217 1253/401/1218
f 1252/400/1217 1254/402/1219 1251/399/1216
f 1255/403/1220 1253/401/1218 1232/380/1197
f 1232/380/1197 1233/381/1198 1255/403/1220
f 1253/401/1218 1256/404/1221 1254/402/1219
f 1256/404/1221 1253/401/1218 1255/403/1220
f 1257/405/1222 1251/399/1216 1254/402/1219
f 1256/404/1221 1258/406/1223 1254/402/1219
f 1254/402/1219 1258/406/1223 1257/405/1222
f 1251/399/1216 1259/407/1224 1247/395/1212
f 1247/395/1212 1259/407/1224 1218/366/1183
f 1260/408/1225 1251/399/1216 1257/405/1222
f 1259/407/1224 1251/399/1216 1260/408/1225
f 1218/366/1183 1259/407/1224 1261/409/1226
f 1261/409/1226 1259/407/1224 1260/408/1225
f 1262/410/1227 1218/366/1183 1261/409/1226
f 1263/411/1228 1260/408/1225 1257/405/1222
f 1257/405/1222 1258/406/1223 1263/411/1228
f 1264/412/1229 1261/409/1226 1260/408/1225
f 1260/408/1225 1263/411/1228 1264/412/1229
f 1261/409/1226 1264/412/1229 1262/410/1227
f 1264/412/1229 1263/411/1228 1265/413/1230
f 1265/413/1230 1263/411/1228 1258/406/1223
f 1264/412/1229 1266/414/1231 1262/410/1227
f 1265/413/1230 1266/414/1231 1264/412/1229
f 1266/414/1231 1267/415/1232 1262/410/1227
f 1266/414/1231 1265/413/1230 1268/416/1233
f 1262/410/1227 1267/415/1232 1269/417/1234
f 1269/417/1234 1270/418/1235 1262/410/1227
f 1266/414/1231 1268/416/1233 1271/419/1236
f 1271/419/1236 1267/415/1232 1266/414/1231
f 1268/416/1233 1265/413/1230 1272/420/1237
f 1271/419/1236 1268/416/1233 1272/420/1237
f 1258/406/1223 1273/421/1238 1265/413/1230
f 1272/420/1237 1265/413/1230 1273/421/1238
f 1274/422/1239 1273/421/1238 1258/406/1223
f 1258/406/1223 1256/404/1221 1274/422/1239
f 1273/421/1238 1275/423/1240 1272/420/1237
f 1275/423/1240 1273/421/1238 1274/422/1239
f 1276/424/1241 1272/420/1237 1275/423/1240
f 1271/419/1236 1272/420/1237 1276/424/1241
f 1275/423/1240 1277/425/1242 1276/424/1241
f 1277/425/1242 1275/423/1240 1274/422/1239
f 1271/419/1236 1276/424/1241 1278/426/1243
f 1278/426/1243 1276/424/1241 1277/425/1242
f 1278/426/1243 1279/427/1244 1271/419/1236
f 1271/419/1236 1279/427/1244 1267/415/1232
f 1277/425/1242 1280/428/1245 1278/426/1243
f 1267/415/1232 1279/427/1244 1281/429/1246
f 1281/429/1246 1269/417/1234 1267/415/1232
f 1279/427/1244 1278/426/1243 1282/430/1247
f 1282/430/1247 1278/426/1243 1280/428/1245
f 1279/427/1244 1283/431/1248 1281/429/1246
f 1282/430/1247 1283/431/1248 1279/427/1244
f 1281/429/1246 1284/432/1249 1269/417/1234
f 1269/417/1234 1284/432/1249 1270/418/1235
f 1283/431/1248 1282/430/1247 1285/433/1250
f 1283/431/1248 1285/433/1250 1281/429/1246
f 1282/430/1247 1280/428/1245 1286/434/1251
f 1286/434/1251 1285/433/1250 1282/430/1247
f 1280/428/1245 1277/425/1242 1286/434/1251
f 1285/433/1250 1287/435/1252 1281/429/1246
f 1286/434/1251 1277/425/1242 1288/436/1253
f 1274/422/1239 1288/436/1253 1277/425/1242
f 1285/433/1250 1286/434/1251 1289/437/1254
f 1287/435/1252 1285/433/1250 1289/437/1254
f 1288/436/1253 1274/422/1239 1290/438/1255
f 1274/422/1239 1256/404/1221 1290/438/1255
f 1281/429/1246 1287/435/1252 1291/439/1256
f 1291/439/1256 1284/432/1249 1281/429/1246
f 1291/439/1256 1287/435/1252 1292/440/1257
f 1289/437/1254 1292/440/1257 1287/435/1252
f 1291/439/1256 1293/441/1258 1284/432/1249
f 1293/441/1258 1291/439/1256 1292/440/1257
f 1270/418/1235 1284/432/1249 1293/441/1258
f 1294/442/1259 1270/418/1235 1293/441/1258
f 1292/440/1257 1289/437/1254 1295/443/1260
f 1295/443/1260 1289/437/1254 1286/434/1251
f 1292/440/1257 1296/444/1261 1293/441/1258
f 1295/443/1260 1296/444/1261 1292/440/1257
f 1286/434/1251 1297/445/1262 1295/443/1260
f 1288/436/1253 1297/445/1262 1286/434/1251
f 1295/443/1260 1298/446/1263 1296/444/1261
f 1297/445/1262 1288/436/1253 1299/447/1264
f 1290/438/1255 1299/447/1264 1288/436/1253
f 1300/448/1265 1295/443/1260 1297/445/1262
f 1299/447/1264 1300/448/1265 1297/445/1262
f 1298/446/1263 1295/443/1260 1300/448/1265
f 1290/438/1255 1301/449/1266 1299/447/1264
f 1296/444/1261 1298/446/1263 1302/450/1267
f 1296/444/1261 1302/450/1267 1303/451/1268
f 1303/451/1268 1293/441/1258 1296/444/1261
f 1302/450/1267 1298/446/1263 1304/452/1269
f 1293/441/1258 1303/451/1268 1305/453/1270
f 1306/454/1271 1303/451/1268 1302/450/1267
f 1305/453/1270 1303/451/1268 1306/454/1271
f 1305/453/1270 1307/455/1272 1293/441/1258
f 1293/441/1258 1307/455/1272 1294/442/1259
f 1305/453/1270 1308/456/1273 1307/455/1272
f 1306/454/1271 1308/456/1273 1305/453/1270
f 1294/442/1259 1307/455/1272 1309/457/1274
f 1309/457/1274 1307/455/1272 1308/456/1273
f 1310/458/1275 1294/442/1259 1309/457/1274
f 1306/454/1271 1311/459/1276 1308/456/1273
f 1308/456/1273 1311/459/1276 1309/457/1274
f 1302/450/1267 1312/460/1277 1306/454/1271
f 1312/460/1277 1311/459/1276 1306/454/1271
f 1304/452/1269 1312/460/1277 1302/450/1267
f 1313/461/1278 1311/459/1276 1312/460/1277
f 1312/460/1277 1304/452/1269 1313/461/1278
f 1309/457/1274 1311/459/1276 1313/461/1278
f 1309/457/1274 1314/462/1279 1310/458/1275
f 1315/463/1280 1310/458/1275 1314/462/1279
f 1313/461/1278 1316/464/1281 1309/457/1274
f 1316/464/1281 1314/462/1279 1309/457/1274
f 1314/462/1279 1317/465/1282 1315/463/1280
f 1318/466/1283 1315/463/1280 1317/465/1282
f 1314/462/1279 1316/464/1281 1319/467/1284
f 1317/465/1282 1320/468/1285 1318/466/1283
f 1316/464/1281 1321/469/1286 1319/467/1284
f 1321/469/1286 1316/464/1281 1313/461/1278
f 1322/470/1287 1317/465/1282 1314/462/1279
f 1313/461/1278 1323/471/1288 1321/469/1286
f 1314/462/1279 1324/472/1289 1322/470/1287
f 1319/467/1284 1324/472/1289 1314/462/1279
f 1322/470/1287 1325/473/1290 1317/465/1282
f 1320/468/1285 1317/465/1282 1325/473/1290
f 1326/474/1291 1322/470/1287 1324/472/1289
f 1326/474/1291 1325/473/1290 1322/470/1287
f 1324/472/1289 1319/467/1284 1327/475/1292
f 1324/472/1289 1328/476/1293 1326/474/1291
f 1327/475/1292 1328/476/1293 1324/472/1289
f 1319/467/1284 1321/469/1286 1329/477/1294
f 1329/477/1294 1327/475/1292 1319/467/1284
f 1329/477/1294 1321/469/1286 1323/471/1288
f 1327/475/1292 1329/477/1294 1330/478/1295
f 1328/476/1293 1327/475/1292 1330/478/1295
f 1323/471/1288 1331/479/1296 1329/477/1294
f 1330/478/1295 1329/477/1294 1331/479/1296
f 1332/480/1297 1331/479/1296 1323/471/1288
f 1332/480/1297 1323/471/1288 1313/461/1278
f 1333/481/1298 1330/478/1295 1331/479/1296
f 1331/479/1296 1332/480/1297 1333/481/1298
f 1330/478/1295 1333/481/1298 1328/476/1293
f 1313/461/1278 1334/482/1299 1332/480/1297
f 1313/461/1278 1304/452/1269 1334/482/1299
f 1304/452/1269 1298/446/1263 1334/482/1299
f 1332/480/1297 1335/483/1300 1333/481/1298
f 1328/476/1293 1333/481/1298 1335/483/1300
f 1336/484/1301 1332/480/1297 1334/482/1299
f 1336/484/1301 1335/483/1300 1332/480/1297
f 1334/482/1299 1298/446/1263 1337/485/1302
f 1300/448/1265 1337/485/1302 1298/446/1263
f 1335/483/1300 1338/486/1303 1328/476/1293
f 1326/474/1291 1328/476/1293 1338/486/1303
f 1338/486/1303 1325/473/1290 1326/474/1291
f 1335/483/1300 1339/487/1304 1338/486/1303
f 1340/488/1305 1325/473/1290 1338/486/1303
f 1338/486/1303 1339/487/1304 1340/488/1305
f 1341/489/1306 1339/487/1304 1335/483/1300
f 1336/484/1301 1341/489/1306 1335/483/1300
f 1342/490/1307 1325/473/1290 1340/488/1305
f 1325/473/1290 1342/490/1307 1320/468/1285
f 1340/488/1305 1343/491/1308 1342/490/1307
f 1343/491/1308 1344/492/1309 1342/490/1307
f 1345/493/1310 1343/491/1308 1340/488/1305
f 1345/493/1310 1344/492/1309 1343/491/1308
f 1342/490/1307 1344/492/1309 1346/494/1311
f 1346/494/1311 1344/492/1309 1345/493/1310
f 1346/494/1311 1320/468/1285 1342/490/1307
f 1340/488/1305 1347/495/1312 1345/493/1310
f 1348/496/1313 1320/468/1285 1346/494/1311
f 1320/468/1285 1348/496/1313 1318/466/1283
f 1349/497/1314 1318/466/1283 1348/496/1313
f 1350/498/1315 1347/495/1312 1340/488/1305
f 1340/488/1305 1339/487/1304 1350/498/1315
f 1351/499/1316 1345/493/1310 1347/495/1312
f 1346/494/1311 1345/493/1310 1351/499/1316
f 1347/495/1312 1350/498/1315 1351/499/1316
f 1351/499/1316 1352/500/1317 1346/494/1311
f 1346/494/1311 1352/500/1317 1348/496/1313
f 1348/496/1313 1352/500/1317 1351/499/1316
f 1353/501/1318 1350/498/1315 1339/487/1304
f 1339/487/1304 1341/489/1306 1353/501/1318
f 1350/498/1315 1354/502/1319 1351/499/1316
f 1351/499/1316 1355/503/1320 1348/496/1313
f 1355/503/1320 1351/499/1316 1354/502/1319
f 1350/498/1315 1356/504/1321 1354/502/1319
f 1353/501/1318 1356/504/1321 1350/498/1315
f 1357/505/1322 1354/502/1319 1356/504/1321
f 1354/502/1319 1357/505/1322 1355/503/1320
f 1358/506/1323 1356/504/1321 1353/501/1318
f 1356/504/1321 1358/506/1323 1357/505/1322
f 1359/507/1324 1348/496/1313 1355/503/1320
f 1348/496/1313 1359/507/1324 1349/497/1314
f 1355/503/1320 1357/505/1322 1360/508/1325
f 1355/503/1320 1361/509/1326 1359/507/1324
f 1360/508/1325 1361/509/1326 1355/503/1320
f 1359/507/1324 1362/510/1327 1349/497/1314
f 1363/511/1328 1349/497/1314 1362/510/1327
f 1364/512/1329 1359/507/1324 1361/509/1326
f 1359/507/1324 1364/512/1329 1362/510/1327
f 1361/509/1326 1360/508/1325 1364/512/1329
f 1362/510/1327 1365/513/1330 1363/511/1328
f 1366/514/1331 1362/510/1327 1364/512/1329
f 1364/512/1329 1360/508/1325 1366/514/1331
f 1366/514/1331 1365/513/1330 1362/510/1327
f 1367/515/1332 1363/511/1328 1365/513/1330
f 1368/516/1333 1366/514/1331 1360/508/1325
f 1369/517/1334 1360/508/1325 1357/505/1322
f 1369/517/1334 1368/516/1333 1360/508/1325
f 1357/505/1322 1358/506/1323 1369/517/1334
f 1368/516/1333 1370/518/1335 1366/514/1331
f 1366/514/1331 1370/518/1335 1365/513/1330
f 1371/519/1336 1368/516/1333 1369/517/1334
f 1369/517/1334 1358/506/1323 1371/519/1336
f 1372/520/1337 1370/518/1335 1368/516/1333
f 1368/516/1333 1371/519/1336 1372/520/1337
f 1373/521/1338 1365/513/1330 1370/518/1335
f 1370/518/1335 1372/520/1337 1373/521/1338
f 1365/513/1330 1373/521/1338 1374/522/1339
f 1365/513/1330 1374/522/1339 1367/515/1332
f 1373/521/1338 1372/520/1337 1375/523/1340
f 1374/522/1339 1373/521/1338 1375/523/1340
f 1375/523/1340 1372/520/1337 1376/524/1341
f 1375/523/1340 1377/525/1342 1374/522/1339
f 1377/525/1342 1375/523/1340 1376/524/1341
f 1374/522/1339 1378/526/1343 1367/515/1332
f 1377/525/1342 1378/526/1343 1374/522/1339
f 1376/524/1341 1379/527/1344 1377/525/1342
f 1377/525/1342 1379/527/1344 1378/526/1343
f 1380/528/1345 1376/524/1341 1372/520/1337
f 1379/527/1344 1376/524/1341 1380/528/1345
f 1372/520/1337 1371/519/1336 1380/528/1345
f 1367/515/1332 1378/526/1343 1381/529/1346
f 1381/529/1346 1382/530/1347 1367/515/1332
f 1378/526/1343 1379/527/1344 1383/531/1348
f 1381/529/1346 1384/532/1349 1382/530/1347
f 1385/533/1350 1382/530/1347 1384/532/1349
f 1386/534/1351 1381/529/1346 1378/526/1343
f 1383/531/1348 1387/535/1352 1378/526/1343
f 1378/526/1343 1387/535/1352 1386/534/1351
f 1383/531/1348 1388/536/1353 1387/535/1352
f 1387/535/1352 1388/536/1353 1386/534/1351
f 1383/531/1348 1379/527/1344 1389/537/1354
f 1389/537/1354 1379/527/1344 1380/528/1345
f 1390/538/1355 1388/536/1353 1383/531/1348
f 1389/537/1354 1390/538/1355 1383/531/1348
f 1386/534/1351 1388/536/1353 1391/539/1356
f 1390/538/1355 1391/539/1356 1388/536/1353
f 1386/534/1351 1391/539/1356 1392/540/1357
f 1392/540/1357 1391/539/1356 1390/538/1355
f 1392/540/1357 1381/529/1346 1386/534/1351
f 1390/538/1355 1389/537/1354 1392/540/1357
f 1384/532/1349 1381/529/1346 1392/540/1357
f 1392/540/1357 1389/537/1354 1393/541/1358
f 1380/528/1345 1393/541/1358 1389/537/1354
f 1392/540/1357 1394/542/1359 1384/532/1349
f 1393/541/1358 1395/543/1360 1392/540/1357
f 1394/542/1359 1392/540/1357 1395/543/1360
f 1396/544/1361 1393/541/1358 1380/528/1345
f 1395/543/1360 1393/541/1358 1396/544/1361
f 1397/545/1362 1384/532/1349 1394/542/1359
f 1384/532/1349 1397/545/1362 1385/533/1350
f 1395/543/1360 1398/546/1363 1394/542/1359
f 1394/542/1359 1399/547/1364 1397/545/1362
f 1399/547/1364 1394/542/1359 1398/546/1363
f 1397/545/1362 1400/548/1365 1385/533/1350
f 1397/545/1362 1399/547/1364 1401/549/1366
f 1400/548/1365 1397/545/1362 1401/549/1366
f 1401/549/1366 1399/547/1364 1402/550/1367
f 1398/546/1363 1402/550/1367 1399/547/1364
f 1402/550/1367 1403/551/1368 1401/549/1366
f 1401/549/1366 1403/551/1368 1400/548/1365
f 1398/546/1363 1403/551/1368 1402/550/1367
f 1400/548/1365 1404/552/1369 1385/533/1350
f 1404/552/1369 1400/548/1365 1403/551/1368
f 1405/553/1370 1385/533/1350 1404/552/1369
f 1398/546/1363 1406/554/1371 1403/551/1368
f 1403/551/1368 1407/555/1372 1404/552/1369
f 1407/555/1372 1403/551/1368 1406/554/1371
f 1404/552/1369 1407/555/1372 1408/556/1373
f 1406/554/1371 1409/557/1374 1407/555/1372
f 1408/556/1373 1407/555/1372 1409/557/1374
f 1398/546/1363 1410/558/1375 1406/554/1371
f 1395/543/1360 1410/558/1375 1398/546/1363
f 1411/559/1376 1409/557/1374 1406/554/1371
f 1409/557/1374 1411/559/1376 1408/556/1373
f 1404/552/1369 1408/556/1373 1411/559/1376
f 1406/554/1371 1410/558/1375 1411/559/1376
f 1404/552/1369 1412/560/1377 1405/553/1370
f 1411/559/1376 1412/560/1377 1404/552/1369
f 1412/560/1377 1413/561/1378 1405/553/1370
f 1413/561/1378 1412/560/1377 1411/559/1376
f 1413/561/1378 1414/562/1379 1405/553/1370
f 1415/563/1380 1405/553/1370 1414/562/1379
f 1411/559/1376 1416/564/1381 1413/561/1378
f 1414/562/1379 1417/565/1382 1415/563/1380
f 1418/566/1383 1415/563/1380 1417/565/1382
f 1419/567/1384 1414/562/1379 1413/561/1378
f 1413/561/1378 1416/564/1381 1419/567/1384
f 1417/565/1382 1420/568/1385 1418/566/1383
f 1420/568/1385 1421/569/1386 1418/566/1383
f 1422/570/1387 1421/569/1386 1420/568/1385
f 1420/568/1385 1417/565/1382 1423/571/1388
f 1420/568/1385 1424/572/1389 1422/570/1387
f 1423/571/1388 1424/572/1389 1420/568/1385
f 1422/570/1387 1424/572/1389 1425/573/1390
f 1426/574/1391 1425/573/1390 1424/572/1389
f 1417/565/1382 1427/575/1392 1423/571/1388
f 1427/575/1392 1417/565/1382 1414/562/1379
f 1424/572/1389 1423/571/1388 1428/576/1393
f 1428/576/1393 1423/571/1388 1427/575/1392
f 1424/572/1389 1429/577/1394 1426/574/1391
f 1428/576/1393 1429/577/1394 1424/572/1389
f 1430/578/1395 1426/574/1391 1429/577/1394
f 1431/579/1396 1428/576/1393 1427/575/1392
f 1431/579/1396 1429/577/1394 1428/576/1393
f 1414/562/1379 1432/580/1397 1427/575/1392
f 1427/575/1392 1432/580/1397 1431/579/1396
f 1432/580/1397 1414/562/1379 1419/567/1384
f 1429/577/1394 1433/581/1398 1430/578/1395
f 1434/582/1399 1430/578/1395 1433/581/1398
f 1419/567/1384 1435/583/1400 1432/580/1397
f 1436/584/1401 1435/583/1400 1419/567/1384
f 1432/580/1397 1435/583/1400 1436/584/1401
f 1419/567/1384 1416/564/1381 1436/584/1401
f 1436/584/1401 1437/585/1402 1432/580/1397
f 1437/585/1402 1436/584/1401 1416/564/1381
f 1432/580/1397 1437/585/1402 1431/579/1396
f 1416/564/1381 1411/559/1376 1437/585/1402
f 1437/585/1402 1411/559/1376 1410/558/1375
f 1410/558/1375 1431/579/1396 1437/585/1402
f 1429/577/1394 1431/579/1396 1438/586/1403
f 1438/586/1403 1431/579/1396 1410/558/1375
f 1438/586/1403 1433/581/1398 1429/577/1394
f 1433/581/1398 1439/587/1404 1434/582/1399
f 1440/588/1405 1434/582/1399 1439/587/1404
f 1433/581/1398 1438/586/1403 1441/589/1406
f 1441/589/1406 1439/587/1404 1433/581/1398
f 1410/558/1375 1442/590/1407 1438/586/1403
f 1439/587/1404 1443/591/1408 1440/588/1405
f 1444/592/1409 1442/590/1407 1410/558/1375
f 1410/558/1375 1395/543/1360 1444/592/1409
f 1396/544/1361 1444/592/1409 1395/543/1360
f 1440/588/1405 1443/591/1408 1445/593/1410
f 1445/593/1410 1446/594/1411 1440/588/1405
f 1439/587/1404 1447/595/1412 1443/591/1408
f 1446/594/1411 1445/593/1410 1448/596/1413
f 1449/597/1414 1446/594/1411 1448/596/1413
f 1450/598/1415 1449/597/1414 1448/596/1413
f 1443/591/1408 1451/599/1416 1445/593/1410
f 1443/591/1408 1447/595/1412 1451/599/1416
f 1452/600/1417 1448/596/1413 1445/593/1410
f 1448/596/1413 1452/600/1417 1450/598/1415
f 1445/593/1410 1451/599/1416 1452/600/1417
f 1453/601/1418 1450/598/1415 1452/600/1417
f 1451/599/1416 1447/595/1412 1454/602/1419
f 1454/602/1419 1447/595/1412 1439/587/1404
f 1451/599/1416 1454/602/1419 1455/603/1420
f 1455/603/1420 1454/602/1419 1439/587/1404
f 1455/603/1420 1452/600/1417 1451/599/1416
f 1439/587/1404 1441/589/1406 1455/603/1420
f 1452/600/1417 1456/604/1421 1453/601/1418
f 1457/605/1422 1453/601/1418 1456/604/1421
f 1452/600/1417 1455/603/1420 1458/1/1423
f 1458/1/1423 1455/603/1420 1441/589/1406
f 1458/1/1423 1456/604/1421 1452/600/1417
f 1441/589/1406 1459/606/1424 1458/1/1423
f 1459/606/1424 1441/589/1406 1438/586/1403
f 1456/604/1421 1458/1/1423 1460/607/1425
f 1461/2/1426 1458/1/1423 1459/606/1424
f 1462/3/1427 1460/607/1425 1458/1/1423
f 1459/606/1424 1463/608/1428 1461/2/1426
f 1462/3/1427 1461/2/1426 1463/608/1428
f 1460/607/1425 1462/3/1427 1464/609/1429
f 1464/609/1429 1462/3/1427 1463/608/1428
f 1464/609/1429 1463/608/1428 1459/606/1424
f 1456/604/1421 1460/607/1425 1464/609/1429
f 1465/610/1430 1459/606/1424 1438/586/1403
f 1459/606/1424 1465/610/1430 1464/609/1429
f 1438/586/1403 1442/590/1407 1465/610/1430
f 1464/609/1429 1466/611/1431 1456/604/1421
f 1466/611/1431 1464/609/1429 1465/610/1430
f 1467/612/1432 1456/604/1421 1466/611/1431
f 1456/604/1421 1467/612/1432 1457/605/1422
f 1468/613/1433 1466/611/1431 1465/610/1430
f 1467/612/1432 1466/611/1431 1468/613/1433
f 1442/590/1407 1469/614/1434 1465/610/1430
f 1465/610/1430 1469/614/1434 1468/613/1433
f 1470/615/1435 1469/614/1434 1442/590/1407
f 1442/590/1407 1444/592/1409 1470/615/1435
f 1471/616/1436 1468/613/1433 1469/614/1434
f 1469/614/1434 1470/615/1435 1471/616/1436
f 1472/617/1437 1468/613/1433 1471/616/1436
f 1473/618/1438 1471/616/1436 1470/615/1435
f 1471/616/1436 1473/618/1438 1472/617/1437
f 1474/619/1439 1470/615/1435 1444/592/1409
f 1470/615/1435 1474/619/1439 1473/618/1438
f 1475/620/1440 1468/613/1433 1472/617/1437
f 1468/613/1433 1475/620/1440 1467/612/1432
f 1475/620/1440 1472/617/1437 1476/621/1441
f 1472/617/1437 1473/618/1438 1476/621/1441
f 1475/620/1440 1476/621/1441 1477/622/1442
f 1467/612/1432 1475/620/1440 1477/622/1442
f 1477/622/1442 1476/621/1441 1473/618/1438
f 1457/605/1422 1467/612/1432 1478/623/1443
f 1477/622/1442 1478/623/1443 1467/612/1432
f 1479/624/1444 1457/605/1422 1478/623/1443
f 1478/623/1443 1480/625/1445 1479/624/1444
f 1481/626/1446 1479/624/1444 1480/625/1445
f 1482/627/1447 1478/623/1443 1477/622/1442
f 1483/628/1448 1480/625/1445 1478/623/1443
f 1478/623/1443 1482/627/1447 1483/628/1448
f 1480/625/1445 1484/629/1449 1481/626/1446
f 1484/629/1449 1480/625/1445 1483/628/1448
f 1477/622/1442 1485/630/1450 1482/627/1447
f 1483/628/1448 1482/627/1447 1486/631/1451
f 1486/631/1451 1482/627/1447 1485/630/1450
f 1477/622/1442 1487/632/1452 1485/630/1450
f 1487/632/1452 1486/631/1451 1485/630/1450
f 1473/618/1438 1487/632/1452 1477/622/1442
f 1483/628/1448 1486/631/1451 1488/633/1453
f 1483/628/1448 1488/633/1453 1484/629/1449
f 1486/631/1451 1487/632/1452 1489/634/1454
f 1488/633/1453 1486/631/1451 1489/634/1454
f 1487/632/1452 1473/618/1438 1489/634/1454
f 1490/635/1455 1488/633/1453 1489/634/1454
f 1488/633/1453 1490/635/1455 1484/629/1449
f 1491/636/1456 1489/634/1454 1473/618/1438
f 1489/634/1454 1491/636/1456 1490/635/1455
f 1473/618/1438 1474/619/1439 1491/636/1456
f 1484/629/1449 1490/635/1455 1492/637/1457
f 1492/637/1457 1490/635/1455 1491/636/1456
f 1493/638/1458 1481/626/1446 1484/629/1449
f 1484/629/1449 1492/637/1457 1493/638/1458
f 1494/639/1459 1481/626/1446 1493/638/1458
f 1491/636/1456 1495/640/1460 1492/637/1457
f 1495/640/1460 1491/636/1456 1474/619/1439
f 1492/637/1457 1496/641/1461 1493/638/1458
f 1495/640/1460 1496/641/1461 1492/637/1457
f 1493/638/1458 1497/642/1462 1494/639/1459
f 1498/643/1463 1494/639/1459 1497/642/1462
f 1493/638/1458 1496/641/1461 1499/644/1464
f 1499/644/1464 1497/642/1462 1493/638/1458
f 1496/641/1461 1495/640/1460 1500/645/1465
f 1499/644/1464 1496/641/1461 1500/645/1465
f 1474/619/1439 1501/646/1466 1495/640/1460
f 1444/592/1409 1501/646/1466 1474/619/1439
f 1501/646/1466 1444/592/1409 1396/544/1361
f 1495/640/1460 1501/646/1466 1396/544/1361
f 1500/645/1465 1495/640/1460 1502/647/1467
f 1396/544/1361 1503/648/1468 1495/640/1460
f 1502/647/1467 1495/640/1460 1503/648/1468
f 1504/649/1469 1500/645/1465 1502/647/1467
f 1500/645/1465 1504/649/1469 1499/644/1464
f 1502/647/1467 1505/650/1470 1504/649/1469
f 1505/650/1470 1502/647/1467 1506/651/1471
f 1503/648/1468 1506/651/1471 1502/647/1467
f 1505/650/1470 1507/652/1472 1504/649/1469
f 1506/651/1471 1507/652/1472 1505/650/1470
f 1507/652/1472 1506/651/1471 1503/648/1468
f 1504/649/1469 1507/652/1472 1499/644/1464
f 1503/648/1468 1508/653/1473 1507/652/1472
f 1508/653/1473 1503/648/1468 1396/544/1361
f 1499/644/1464 1507/652/1472 1509/654/1474
f 1509/654/1474 1507/652/1472 1508/653/1473
f 1396/544/1361 1510/655/1475 1508/653/1473
f 1396/544/1361 1380/528/1345 1510/655/1475
f 1509/654/1474 1511/656/1476 1499/644/1464
f 1497/642/1462 1499/644/1464 1511/656/1476
f 1512/657/1477 1510/655/1475 1380/528/1345
f 1508/653/1473 1510/655/1475 1512/657/1477
f 1380/528/1345 1371/519/1336 1512/657/1477
f 1512/657/1477 1371/519/1336 1358/506/1323
f 1508/653/1473 1513/658/1478 1509/654/1474
f 1513/658/1478 1508/653/1473 1512/657/1477
f 1511/656/1476 1509/654/1474 1514/659/1479
f 1514/659/1479 1509/654/1474 1513/658/1478
f 1511/656/1476 1514/659/1479 1515/660/1480
f 1511/656/1476 1515/660/1480 1497/642/1462
f 1515/660/1480 1514/659/1479 1516/661/1481
f 1497/642/1462 1515/660/1480 1516/661/1481
f 1517/662/1482 1514/659/1479 1513/658/1478
f 1516/661/1481 1514/659/1479 1517/662/1482
f 1513/658/1478 1518/663/1483 1517/662/1482
f 1512/657/1477 1518/663/1483 1513/658/1478
f 1516/661/1481 1517/662/1482 1519/664/1484
f 1519/664/1484 1517/662/1482 1518/663/1483
f 1516/661/1481 1520/665/1485 1497/642/1462
f 1519/664/1484 1520/665/1485 1516/661/1481
f 1497/642/1462 1520/665/1485 1521/666/1486
f 1521/666/1486 1520/665/1485 1519/664/1484
f 1521/666/1486 1498/643/1463 1497/642/1462
f 1518/663/1483 1522/667/1487 1519/664/1484
f 1522/667/1487 1518/663/1483 1512/657/1477
f 1519/664/1484 1523/668/1488 1521/666/1486
f 1523/668/1488 1519/664/1484 1522/667/1487
f 1498/643/1463 1521/666/1486 1524/669/1489
f 1524/669/1489 1521/666/1486 1523/668/1488
f 1524/669/1489 1525/670/1490 1498/643/1463
f 1522/667/1487 1512/657/1477 1526/671/1491
f 1358/506/1323 1526/671/1491 1512/657/1477
f 1353/501/1318 1526/671/1491 1358/506/1323
f 1526/671/1491 1527/672/1492 1522/667/1487
f 1522/667/1487 1527/672/1492 1523/668/1488
f 1526/671/1491 1353/501/1318 1528/673/1493
f 1528/673/1493 1527/672/1492 1526/671/1491
f 1523/668/1488 1527/672/1492 1529/5/1494
f 1529/5/1494 1530/4/1495 1523/668/1488
f 1523/668/1488 1530/4/1495 1524/669/1489
f 1531/6/6 1529/5/1494 1527/672/1492
f 1527/672/1492 1528/673/1493 1531/6/6
f 1524/669/1489 1530/4/1495 1532/674/1496
f 1531/6/6 1532/674/1496 1530/4/1495
f 1532/674/1496 1525/670/1490 1524/669/1489
f 1533/675/1497 1531/6/6 1528/673/1493
f 1532/674/1496 1531/6/6 1533/675/1497
f 1528/673/1493 1353/501/1318 1533/675/1497
f 1525/670/1490 1532/674/1496 1534/676/1498
f 1534/676/1498 1532/674/1496 1533/675/1497
f 1534/676/1498 1535/677/1499 1525/670/1490
f 1533/675/1497 1353/501/1318 1341/489/1306
f 1535/677/1499 1534/676/1498 1536/678/1500
f 1537/679/1501 1535/677/1499 1536/678/1500
f 1533/675/1497 1538/680/1502 1534/676/1498
f 1341/489/1306 1539/681/1503 1533/675/1497
f 1538/680/1502 1533/675/1497 1539/681/1503
f 1540/682/1504 1539/681/1503 1341/489/1306
f 1539/681/1503 1540/682/1504 1538/680/1502
f 1534/676/1498 1538/680/1502 1541/683/1505
f 1541/683/1505 1538/680/1502 1540/682/1504
f 1534/676/1498 1541/683/1505 1536/678/1500
f 1341/489/1306 1542/684/1506 1540/682/1504
f 1541/683/1505 1540/682/1504 1542/684/1506
f 1542/684/1506 1341/489/1306 1336/484/1301
f 1536/678/1500 1541/683/1505 1543/685/1507
f 1542/684/1506 1543/685/1507 1541/683/1505
f 1543/685/1507 1544/686/1508 1536/678/1500
f 1544/686/1508 1543/685/1507 1542/684/1506
f 1536/678/1500 1544/686/1508 1545/687/1509
f 1544/686/1508 1542/684/1506 1546/688/1510
f 1546/688/1510 1545/687/1509 1544/686/1508
f 1545/687/1509 1547/689/1511 1536/678/1500
f 1536/678/1500 1547/689/1511 1537/679/1501
f 1546/688/1510 1548/690/1512 1545/687/1509
f 1547/689/1511 1545/687/1509 1548/690/1512
f 1549/691/1513 1546/688/1510 1542/684/1506
f 1336/484/1301 1549/691/1513 1542/684/1506
f 1550/692/1514 1548/690/1512 1546/688/1510
f 1550/692/1514 1547/689/1511 1548/690/1512
f 1546/688/1510 1549/691/1513 1550/692/1514
f 1551/693/1515 1547/689/1511 1550/692/1514
f 1537/679/1501 1547/689/1511 1551/693/1515
f 1552/694/1516 1550/692/1514 1549/691/1513
f 1550/692/1514 1552/694/1516 1551/693/1515
f 1537/679/1501 1551/693/1515 1553/695/1517
f 1553/695/1517 1551/693/1515 1552/694/1516
f 1553/695/1517 1554/696/1518 1537/679/1501
f 1555/697/1519 1554/696/1518 1553/695/1517
f 1556/698/1520 1552/694/1516 1549/691/1513
f 1549/691/1513 1336/484/1301 1556/698/1520
f 1557/699/1521 1552/694/1516 1556/698/1520
f 1552/694/1516 1557/699/1521 1553/695/1517
f 1556/698/1520 1336/484/1301 1558/700/1522
f 1334/482/1299 1558/700/1522 1336/484/1301
f 1557/699/1521 1556/698/1520 1559/701/1523
f 1558/700/1522 1559/701/1523 1556/698/1520
f 1559/701/1523 1560/702/1524 1557/699/1521
f 1560/702/1524 1559/701/1523 1558/700/1522
f 1557/699/1521 1560/702/1524 1553/695/1517
f 1337/485/1302 1558/700/1522 1334/482/1299
f 1553/695/1517 1560/702/1524 1561/703/1525
f 1561/703/1525 1560/702/1524 1558/700/1522
f 1553/695/1517 1562/704/1526 1555/697/1519
f 1561/703/1525 1562/704/1526 1553/695/1517
f 1563/705/1527 1555/697/1519 1562/704/1526
f 1564/706/1528 1561/703/1525 1558/700/1522
f 1564/706/1528 1558/700/1522 1337/485/1302
f 1565/707/1529 1561/703/1525 1564/706/1528
f 1561/703/1525 1565/707/1529 1566/708/1530
f 1566/708/1530 1562/704/1526 1561/703/1525
f 1564/706/1528 1567/709/1531 1565/707/1529
f 1565/707/1529 1568/710/1532 1566/708/1530
f 1567/709/1531 1568/710/1532 1565/707/1529
f 1566/708/1530 1568/710/1532 1569/711/1533
f 1569/711/1533 1568/710/1532 1567/709/1531
f 1566/708/1530 1569/711/1533 1570/712/1534
f 1570/712/1534 1569/711/1533 1567/709/1531
f 1567/709/1531 1564/706/1528 1570/712/1534
f 1570/712/1534 1562/704/1526 1566/708/1530
f 1570/712/1534 1564/706/1528 1337/485/1302
f 1562/704/1526 1570/712/1534 1571/713/1535
f 1571/713/1535 1570/712/1534 1337/485/1302
f 1571/713/1535 1572/714/1536 1562/704/1526
f 1562/704/1526 1572/714/1536 1563/705/1527
f 1337/485/1302 1573/715/1537 1571/713/1535
f 1573/715/1537 1337/485/1302 1300/448/1265
f 1572/714/1536 1571/713/1535 1574/716/1538
f 1574/716/1538 1571/713/1535 1573/715/1537
f 1563/705/1527 1572/714/1536 1575/717/1539
f 1574/716/1538 1576/718/1540 1572/714/1536
f 1575/717/1539 1572/714/1536 1576/718/1540
f 1573/715/1537 1577/719/1541 1574/716/1538
f 1563/705/1527 1575/717/1539 1578/720/1542
f 1578/720/1542 1575/717/1539 1576/718/1540
f 1574/716/1538 1579/721/1543 1576/718/1540
f 1579/721/1543 1574/716/1538 1577/719/1541
f 1576/718/1540 1579/721/1543 1580/722/1544
f 1576/718/1540 1580/722/1544 1578/720/1542
f 1581/723/1545 1579/721/1543 1577/719/1541
f 1580/722/1544 1579/721/1543 1581/723/1545
f 1582/724/1546 1581/723/1545 1577/719/1541
f 1580/722/1544 1581/723/1545 1582/724/1546
f 1577/719/1541 1573/715/1537 1582/724/1546
f 1582/724/1546 1578/720/1542 1580/722/1544
f 1300/448/1265 1582/724/1546 1573/715/1537
f 1578/720/1542 1583/725/1547 1563/705/1527
f 1584/726/1548 1563/705/1527 1583/725/1547
f 1585/727/1549 1578/720/1542 1582/724/1546
f 1583/725/1547 1578/720/1542 1585/727/1549
f 1586/728/1550 1582/724/1546 1300/448/1265
f 1300/448/1265 1299/447/1264 1586/728/1550
f 1582/724/1546 1587/729/1551 1585/727/1549
f 1587/729/1551 1582/724/1546 1586/728/1550
f 1585/727/1549 1588/730/1552 1583/725/1547
f 1587/729/1551 1589/731/1553 1585/727/1549
f 1585/727/1549 1589/731/1553 1588/730/1552
f 1589/731/1553 1587/729/1551 1590/732/1554
f 1586/728/1550 1590/732/1554 1587/729/1551
f 1588/730/1552 1589/731/1553 1591/733/1555
f 1591/733/1555 1589/731/1553 1590/732/1554
f 1583/725/1547 1588/730/1552 1591/733/1555
f 1590/732/1554 1586/728/1550 1592/734/1556
f 1592/734/1556 1591/733/1555 1590/732/1554
f 1593/735/1557 1583/725/1547 1591/733/1555
f 1593/735/1557 1591/733/1555 1592/734/1556
f 1583/725/1547 1593/735/1557 1584/726/1548
f 1594/736/1558 1592/734/1556 1586/728/1550
f 1586/728/1550 1299/447/1264 1594/736/1558
f 1595/737/1559 1593/735/1557 1592/734/1556
f 1584/726/1548 1593/735/1557 1595/737/1559
f 1596/738/1560 1594/736/1558 1299/447/1264
f 1299/447/1264 1301/449/1266 1596/738/1560
f 1592/734/1556 1594/736/1558 1597/739/1561
f 1597/739/1561 1594/736/1558 1596/738/1560
f 1597/739/1561 1595/737/1559 1592/734/1556
f 1301/449/1266 1598/740/1562 1596/738/1560
f 1596/738/1560 1598/740/1562 1597/739/1561
f 1599/741/1563 1598/740/1562 1301/449/1266
f 1597/739/1561 1598/740/1562 1599/741/1563
f 1600/742/1564 1599/741/1563 1301/449/1266
f 1599/741/1563 1600/742/1564 1597/739/1561
f 1301/449/1266 1290/438/1255 1600/742/1564
f 1595/737/1559 1597/739/1561 1601/743/1565
f 1600/742/1564 1601/743/1565 1597/739/1561
f 1584/726/1548 1595/737/1559 1602/744/1566
f 1601/743/1565 1602/744/1566 1595/737/1559
f 1602/744/1566 1603/745/1567 1584/726/1548
f 1604/746/1568 1601/743/1565 1600/742/1564
f 1602/744/1566 1605/747/1569 1603/745/1567
f 1606/748/1570 1602/744/1566 1601/743/1565
f 1601/743/1565 1604/746/1568 1606/748/1570
f 1606/748/1570 1605/747/1569 1602/744/1566
f 1600/742/1564 1607/749/1571 1604/746/1568
f 1607/749/1571 1606/748/1570 1604/746/1568
f 1608/750/1572 1607/749/1571 1600/742/1564
f 1608/750/1572 1606/748/1570 1607/749/1571
f 1600/742/1564 1290/438/1255 1609/751/1573
f 1608/750/1572 1600/742/1564 1609/751/1573
f 1256/404/1221 1609/751/1573 1290/438/1255
f 1255/403/1220 1609/751/1573 1256/404/1221
f 1609/751/1573 1610/752/1574 1608/750/1572
f 1610/752/1574 1609/751/1573 1255/403/1220
f 1608/750/1572 1611/753/1575 1606/748/1570
f 1606/748/1570 1611/753/1575 1605/747/1569
f 1608/750/1572 1610/752/1574 1612/754/1576
f 1612/754/1576 1611/753/1575 1608/750/1572
f 1612/754/1576 1610/752/1574 1255/403/1220
f 1613/755/1577 1605/747/1569 1611/753/1575
f 1611/753/1575 1612/754/1576 1613/755/1577
f 1605/747/1569 1613/755/1577 1603/745/1567
f 1614/756/1578 1603/745/1567 1613/755/1577
f 1255/403/1220 1615/757/1579 1612/754/1576
f 1613/755/1577 1612/754/1576 1616/758/1580
f 1616/758/1580 1612/754/1576 1615/757/1579
f 1613/755/1577 1617/759/1581 1614/756/1578
f 1617/759/1581 1613/755/1577 1616/758/1580
f 1618/760/1582 1615/757/1579 1255/403/1220
f 1615/757/1579 1619/761/1583 1616/758/1580
f 1619/761/1583 1615/757/1579 1618/760/1582
f 1619/761/1583 1620/762/1584 1616/758/1580
f 1621/763/1585 1620/762/1584 1619/761/1583
f 1618/760/1582 1621/763/1585 1619/761/1583
f 1616/758/1580 1620/762/1584 1622/764/1586
f 1622/764/1586 1620/762/1584 1621/763/1585
f 1616/758/1580 1622/764/1586 1617/759/1581
f 1622/764/1586 1621/763/1585 1618/760/1582
f 1623/765/1587 1617/759/1581 1622/764/1586
f 1618/760/1582 1623/765/1587 1622/764/1586
f 1614/756/1578 1617/759/1581 1623/765/1587
f 1624/766/1588 1618/760/1582 1255/403/1220
f 1255/403/1220 1233/381/1198 1624/766/1588
f 1623/765/1587 1625/767/1589 1614/756/1578
f 1626/768/1590 1624/766/1588 1233/381/1198
f 1236/384/1201 1626/768/1590 1233/381/1198
f 1625/767/1589 1623/765/1587 1627/769/1591
f 1627/769/1591 1623/765/1587 1618/760/1582
f 1614/756/1578 1625/767/1589 1628/770/1592
f 1628/770/1592 1625/767/1589 1627/769/1591
f 1245/393/1210 1614/756/1578 1628/770/1592
f 1628/770/1592 1244/392/1209 1245/393/1210
f 1618/760/1582 1629/771/1593 1627/769/1591
f 1629/771/1593 1618/760/1582 1624/766/1588
f 1630/772/1594 1244/392/1209 1628/770/1592
f 1244/392/1209 1630/772/1594 1241/389/1206
f 1624/766/1588 1631/773/1595 1629/771/1593
f 1631/773/1595 1624/766/1588 1626/768/1590
f 1632/774/1596 1629/771/1593 1631/773/1595
f 1627/769/1591 1629/771/1593 1632/774/1596
f 1626/768/1590 1633/775/1597 1631/773/1595
f 1633/775/1597 1632/774/1596 1631/773/1595
f 1627/769/1591 1632/774/1596 1634/776/1598
f 1627/769/1591 1634/776/1598 1628/770/1592
f 1634/776/1598 1632/774/1596 1635/777/1599
f 1628/770/1592 1634/776/1598 1635/777/1599
f 1635/777/1599 1632/774/1596 1633/775/1597
f 1628/770/1592 1635/777/1599 1630/772/1594
f 1633/775/1597 1626/768/1590 1636/778/1600
f 1635/777/1599 1633/775/1597 1636/778/1600
f 1636/778/1600 1630/772/1594 1635/777/1599
f 1636/778/1600 1241/389/1206 1630/772/1594
f 1636/778/1600 1626/768/1590 1236/384/1201
f 1238/386/1203 1241/389/1206 1636/778/1600
f 1236/384/1201 1238/386/1203 1636/778/1600
f 1637/361/1601 1638/360/1602 1639/359/1603
f 1639/359/1603 1640/362/1604 1637/361/1601
f 1641/365/1605 1640/362/1604 1639/359/1603
f 1641/365/1605 1639/359/1603 1642/366/1606
f 1643/363/1607 1637/361/1601 1640/362/1604
f 1637/361/1601 1643/363/1607 1644/364/1608
f 1644/364/1608 1643/363/1607 1645/367/1609
f 1646/368/1610 1644/364/1608 1645/367/1609
f 1647/369/1611 1646/368/1610 1645/367/1609
f 1640/362/1604 1648/370/1612 1643/363/1607
f 1645/367/1609 1649/371/1613 1647/369/1611
f 1650/372/1614 1647/369/1611 1649/371/1613
f 1645/367/1609 1643/363/1607 1651/373/1615
f 1643/363/1607 1648/370/1612 1651/373/1615
f 1651/373/1615 1652/374/1616 1645/367/1609
f 1649/371/1613 1645/367/1609 1652/374/1616
f 1651/373/1615 1648/370/1612 1653/375/1617
f 1652/374/1616 1651/373/1615 1653/375/1617
f 1653/375/1617 1648/370/1612 1640/362/1604
f 1652/374/1616 1654/376/1618 1649/371/1613
f 1652/374/1616 1653/375/1617 1655/377/1619
f 1640/362/1604 1655/377/1619 1653/375/1617
f 1655/377/1619 1654/376/1618 1652/374/1616
f 1649/371/1613 1656/378/1620 1650/372/1614
f 1656/378/1620 1649/371/1613 1654/376/1618
f 1657/379/1621 1650/372/1614 1656/378/1620
f 1654/376/1618 1658/380/1622 1656/378/1620
f 1658/380/1622 1654/376/1618 1655/377/1619
f 1656/378/1620 1659/381/1623 1657/379/1621
f 1659/381/1623 1656/378/1620 1658/380/1622
f 1660/382/1624 1657/379/1621 1659/381/1623
f 1640/362/1604 1661/388/1625 1655/377/1619
f 1661/388/1625 1640/362/1604 1641/365/1605
f 1655/377/1619 1662/383/1626 1658/380/1622
f 1655/377/1619 1661/388/1625 1663/385/1627
f 1662/383/1626 1655/377/1619 1663/385/1627
f 1641/365/1605 1664/391/1628 1661/388/1625
f 1661/388/1625 1665/394/1629 1663/385/1627
f 1665/394/1629 1661/388/1625 1664/391/1628
f 1663/385/1627 1666/397/1630 1662/383/1626
f 1666/397/1630 1663/385/1627 1665/394/1629
f 1664/391/1628 1641/365/1605 1667/395/1631
f 1642/366/1606 1667/395/1631 1641/365/1605
f 1668/396/1632 1665/394/1629 1664/391/1628
f 1664/391/1628 1667/395/1631 1668/396/1632
f 1668/396/1632 1669/398/1633 1665/394/1629
f 1665/394/1629 1669/398/1633 1666/397/1630
f 1670/399/1634 1668/396/1632 1667/395/1631
f 1669/398/1633 1668/396/1632 1670/399/1634
f 1667/395/1631 1642/366/1606 1671/407/1635
f 1667/395/1631 1671/407/1635 1670/399/1634
f 1642/366/1606 1672/409/1636 1671/407/1635
f 1672/409/1636 1642/366/1606 1673/410/1637
f 1672/409/1636 1674/408/1638 1671/407/1635
f 1671/407/1635 1674/408/1638 1670/399/1634
f 1673/410/1637 1675/412/1639 1672/409/1636
f 1675/412/1639 1674/408/1638 1672/409/1636
f 1670/399/1634 1676/400/1640 1669/398/1633
f 1666/397/1630 1669/398/1633 1676/400/1640
f 1674/408/1638 1677/405/1641 1670/399/1634
f 1676/400/1640 1678/401/1642 1666/397/1630
f 1666/397/1630 1678/401/1642 1662/383/1626
f 1662/383/1626 1678/401/1642 1658/380/1622
f 1676/400/1640 1670/399/1634 1679/402/1643
f 1678/401/1642 1676/400/1640 1679/402/1643
f 1679/402/1643 1670/399/1634 1677/405/1641
f 1658/380/1622 1678/401/1642 1680/403/1644
f 1680/403/1644 1659/381/1623 1658/380/1622
f 1679/402/1643 1681/404/1645 1678/401/1642
f 1680/403/1644 1678/401/1642 1681/404/1645
f 1677/405/1641 1682/406/1646 1679/402/1643
f 1681/404/1645 1679/402/1643 1682/406/1646
f 1677/405/1641 1674/408/1638 1683/411/1647
f 1683/411/1647 1682/406/1646 1677/405/1641
f 1674/408/1638 1675/412/1639 1683/411/1647
f 1682/406/1646 1683/411/1647 1684/413/1648
f 1684/413/1648 1683/411/1647 1675/412/1639
f 1685/422/1649 1681/404/1645 1682/406/1646
f 1675/412/1639 1686/414/1650 1684/413/1648
f 1675/412/1639 1673/410/1637 1686/414/1650
f 1684/413/1648 1687/421/1651 1682/406/1646
f 1682/406/1646 1687/421/1651 1685/422/1649
f 1686/414/1650 1688/416/1652 1684/413/1648
f 1687/421/1651 1684/413/1648 1689/420/1653
f 1688/416/1652 1689/420/1653 1684/413/1648
f 1689/420/1653 1690/423/1654 1687/421/1651
f 1690/423/1654 1685/422/1649 1687/421/1651
f 1691/419/1655 1689/420/1653 1688/416/1652
f 1691/419/1655 1688/416/1652 1686/414/1650
f 1690/423/1654 1689/420/1653 1692/424/1656
f 1691/419/1655 1692/424/1656 1689/420/1653
f 1692/424/1656 1693/425/1657 1690/423/1654
f 1685/422/1649 1690/423/1654 1693/425/1657
f 1694/426/1658 1692/424/1656 1691/419/1655
f 1693/425/1657 1692/424/1656 1694/426/1658
f 1686/414/1650 1695/415/1659 1691/419/1655
f 1686/414/1650 1673/410/1637 1695/415/1659
f 1691/419/1655 1696/427/1660 1694/426/1658
f 1691/419/1655 1695/415/1659 1696/427/1660
f 1697/417/1661 1695/415/1659 1673/410/1637
f 1673/410/1637 1698/418/1662 1697/417/1661
f 1695/415/1659 1697/417/1661 1699/429/1663
f 1699/429/1663 1696/427/1660 1695/415/1659
f 1697/417/1661 1698/418/1662 1700/432/1664
f 1699/429/1663 1697/417/1661 1700/432/1664
f 1698/418/1662 1701/441/1665 1700/432/1664
f 1701/441/1665 1698/418/1662 1702/442/1666
f 1699/429/1663 1700/432/1664 1703/439/1667
f 1703/439/1667 1700/432/1664 1701/441/1665
f 1696/427/1660 1699/429/1663 1704/431/1668
f 1703/439/1667 1705/435/1669 1699/429/1663
f 1696/427/1660 1704/431/1668 1706/430/1670
f 1706/430/1670 1694/426/1658 1696/427/1660
f 1704/431/1668 1699/429/1663 1707/433/1671
f 1704/431/1668 1707/433/1671 1706/430/1670
f 1707/433/1671 1699/429/1663 1705/435/1669
f 1706/430/1670 1708/428/1672 1694/426/1658
f 1694/426/1658 1708/428/1672 1693/425/1657
f 1709/434/1673 1708/428/1672 1706/430/1670
f 1708/428/1672 1709/434/1673 1693/425/1657
f 1706/430/1670 1707/433/1671 1709/434/1673
f 1710/437/1674 1707/433/1671 1705/435/1669
f 1707/433/1671 1710/437/1674 1709/434/1673
f 1703/439/1667 1711/440/1675 1705/435/1669
f 1705/435/1669 1711/440/1675 1710/437/1674
f 1711/440/1675 1703/439/1667 1701/441/1665
f 1712/443/1676 1710/437/1674 1711/440/1675
f 1709/434/1673 1710/437/1674 1712/443/1676
f 1701/441/1665 1713/444/1677 1711/440/1675
f 1711/440/1675 1713/444/1677 1712/443/1676
f 1714/436/1678 1693/425/1657 1709/434/1673
f 1693/425/1657 1714/436/1678 1685/422/1649
f 1712/443/1676 1715/445/1679 1709/434/1673
f 1709/434/1673 1715/445/1679 1714/436/1678
f 1716/438/1680 1685/422/1649 1714/436/1678
f 1685/422/1649 1716/438/1680 1681/404/1645
f 1717/447/1681 1714/436/1678 1715/445/1679
f 1714/436/1678 1717/447/1681 1716/438/1680
f 1718/448/1682 1715/445/1679 1712/443/1676
f 1715/445/1679 1718/448/1682 1717/447/1681
f 1681/404/1645 1716/438/1680 1719/751/1683
f 1681/404/1645 1719/751/1683 1680/403/1644
f 1716/438/1680 1717/447/1681 1720/449/1684
f 1721/742/1685 1719/751/1683 1716/438/1680
f 1721/742/1685 1716/438/1680 1720/449/1684
f 1722/752/1686 1680/403/1644 1719/751/1683
f 1723/750/1687 1722/752/1686 1719/751/1683
f 1719/751/1683 1721/742/1685 1723/750/1687
f 1680/403/1644 1722/752/1686 1724/754/1688
f 1724/754/1688 1722/752/1686 1723/750/1687
f 1724/754/1688 1725/757/1689 1680/403/1644
f 1723/750/1687 1721/742/1685 1726/749/1690
f 1723/750/1687 1727/753/1691 1724/754/1688
f 1723/750/1687 1726/749/1690 1728/748/1692
f 1723/750/1687 1728/748/1692 1727/753/1691
f 1729/746/1693 1726/749/1690 1721/742/1685
f 1726/749/1690 1729/746/1693 1728/748/1692
f 1721/742/1685 1730/743/1694 1729/746/1693
f 1728/748/1692 1729/746/1693 1730/743/1694
f 1728/748/1692 1731/747/1695 1727/753/1691
f 1730/743/1694 1732/744/1696 1728/748/1692
f 1728/748/1692 1732/744/1696 1731/747/1695
f 1727/753/1691 1731/747/1695 1733/755/1697
f 1733/755/1697 1724/754/1688 1727/753/1691
f 1732/744/1696 1734/745/1698 1731/747/1695
f 1731/747/1695 1734/745/1698 1733/755/1697
f 1735/726/1699 1734/745/1698 1732/744/1696
f 1733/755/1697 1734/745/1698 1736/756/1700
f 1732/744/1696 1737/737/1701 1735/726/1699
f 1737/737/1701 1732/744/1696 1730/743/1694
f 1733/755/1697 1738/758/1702 1724/754/1688
f 1725/757/1689 1724/754/1688 1738/758/1702
f 1738/758/1702 1733/755/1697 1739/759/1703
f 1736/756/1700 1739/759/1703 1733/755/1697
f 1738/758/1702 1740/761/1704 1725/757/1689
f 1736/756/1700 1741/765/1705 1739/759/1703
f 1739/759/1703 1742/764/1706 1738/758/1702
f 1741/765/1705 1742/764/1706 1739/759/1703
f 1740/761/1704 1738/758/1702 1743/762/1707
f 1738/758/1702 1742/764/1706 1743/762/1707
f 1744/763/1708 1740/761/1704 1743/762/1707
f 1742/764/1706 1744/763/1708 1743/762/1707
f 1745/760/1709 1725/757/1689 1740/761/1704
f 1740/761/1704 1744/763/1708 1745/760/1709
f 1745/760/1709 1744/763/1708 1742/764/1706
f 1742/764/1706 1741/765/1705 1745/760/1709
f 1745/760/1709 1680/403/1644 1725/757/1689
f 1741/765/1705 1736/756/1700 1746/767/1710
f 1680/403/1644 1745/760/1709 1747/766/1711
f 1747/766/1711 1659/381/1623 1680/403/1644
f 1745/760/1709 1741/765/1705 1748/769/1712
f 1746/767/1710 1748/769/1712 1741/765/1705
f 1747/766/1711 1745/760/1709 1749/771/1713
f 1748/769/1712 1749/771/1713 1745/760/1709
f 1736/756/1700 1750/770/1714 1746/767/1710
f 1748/769/1712 1746/767/1710 1750/770/1714
f 1750/770/1714 1736/756/1700 1751/393/1715
f 1748/769/1712 1752/774/1716 1749/771/1713
f 1751/393/1715 1753/392/1717 1750/770/1714
f 1753/392/1717 1751/393/1715 1754/390/1718
f 1750/770/1714 1755/776/1719 1748/769/1712
f 1748/769/1712 1755/776/1719 1752/774/1716
f 1756/389/1720 1753/392/1717 1754/390/1718
f 1756/389/1720 1754/390/1718 1757/387/1721
f 1750/770/1714 1753/392/1717 1758/772/1722
f 1753/392/1717 1756/389/1720 1758/772/1722
f 1750/770/1714 1759/777/1723 1755/776/1719
f 1758/772/1722 1759/777/1723 1750/770/1714
f 1755/776/1719 1759/777/1723 1752/774/1716
f 1760/778/1724 1758/772/1722 1756/389/1720
f 1759/777/1723 1758/772/1722 1760/778/1724
f 1761/386/1725 1756/389/1720 1757/387/1721
f 1761/386/1725 1760/778/1724 1756/389/1720
f 1761/386/1725 1757/387/1721 1660/382/1624
f 1660/382/1624 1762/384/1726 1761/386/1725
f 1760/778/1724 1761/386/1725 1762/384/1726
f 1659/381/1623 1762/384/1726 1660/382/1624
f 1760/778/1724 1763/775/1727 1759/777/1723
f 1759/777/1723 1763/775/1727 1752/774/1716
f 1762/384/1726 1764/768/1728 1760/778/1724
f 1762/384/1726 1659/381/1623 1764/768/1728
f 1763/775/1727 1760/778/1724 1764/768/1728
f 1764/768/1728 1659/381/1623 1747/766/1711
f 1763/775/1727 1765/773/1729 1752/774/1716
f 1765/773/1729 1763/775/1727 1764/768/1728
f 1764/768/1728 1747/766/1711 1765/773/1729
f 1752/774/1716 1765/773/1729 1749/771/1713
f 1749/771/1713 1765/773/1729 1747/766/1711
f 1766/779/1730 1767/780/1731 1768/781/1732
f 1768/781/1732 1769/782/1733 1766/779/1730
f 1766/779/1730 1769/782/1733 1770/783/1734
f 1770/783/1734 1771/784/1735 1766/779/1730
f 1772/785/1736 1769/782/1733 1768/781/1732
f 1770/783/1734 1769/782/1733 1772/785/1736
f 1768/781/1732 1773/786/1737 1772/785/1736
f 1772/785/1736 1773/786/1737 1774/787/1738
f 1771/784/1735 1770/783/1734 1775/788/1739
f 1775/788/1739 1776/789/1740 1771/784/1735
f 1777/790/1741 1776/789/1740 1775/788/1739
f 1772/785/1736 1778/791/1742 1770/783/1734
f 1775/788/1739 1770/783/1734 1778/791/1742
f 1774/787/1738 1779/792/1743 1772/785/1736
f 1779/792/1743 1774/787/1738 1780/793/1744
f 1781/794/1745 1778/791/1742 1772/785/1736
f 1772/785/1736 1779/792/1743 1781/794/1745
f 1778/791/1742 1782/795/1746 1775/788/1739
f 1782/795/1746 1778/791/1742 1781/794/1745
f 1775/788/1739 1783/796/1747 1777/790/1741
f 1783/796/1747 1775/788/1739 1782/795/1746
f 1784/797/1748 1777/790/1741 1783/796/1747
f 1780/793/1744 1785/798/1749 1779/792/1743
f 1781/794/1745 1779/792/1743 1785/798/1749
f 1785/798/1749 1780/793/1744 1786/799/1750
f 1783/796/1747 1787/800/1751 1784/797/1748
f 1786/799/1750 1788/801/1752 1785/798/1749
f 1784/797/1748 1787/800/1751 1789/802/1753
f 1789/802/1753 1790/803/1754 1784/797/1748
f 1791/804/1755 1790/803/1754 1789/802/1753
f 1792/805/1756 1787/800/1751 1783/796/1747
f 1789/802/1753 1787/800/1751 1792/805/1756
f 1783/796/1747 1793/806/1757 1792/805/1756
f 1782/795/1746 1793/806/1757 1783/796/1747
f 1792/805/1756 1794/807/1758 1789/802/1753
f 1794/807/1758 1791/804/1755 1789/802/1753
f 1793/806/1757 1782/795/1746 1795/808/1759
f 1781/794/1745 1795/808/1759 1782/795/1746
f 1792/805/1756 1793/806/1757 1796/809/1760
f 1795/808/1759 1796/809/1760 1793/806/1757
f 1792/805/1756 1797/810/1761 1794/807/1758
f 1796/809/1760 1797/810/1761 1792/805/1756
f 1795/808/1759 1781/794/1745 1798/811/1762
f 1785/798/1749 1798/811/1762 1781/794/1745
f 1796/809/1760 1795/808/1759 1799/812/1763
f 1798/811/1762 1799/812/1763 1795/808/1759
f 1797/810/1761 1796/809/1760 1800/813/1764
f 1799/812/1763 1800/813/1764 1796/809/1760
f 1801/814/1765 1798/811/1762 1785/798/1749
f 1785/798/1749 1788/801/1752 1801/814/1765
f 1802/815/1766 1799/812/1763 1798/811/1762
f 1798/811/1762 1801/814/1765 1802/815/1766
f 1800/813/1764 1799/812/1763 1802/815/1766
f 1801/814/1765 1788/801/1752 1803/816/1767
f 1803/816/1767 1788/801/1752 1786/799/1750
f 1786/799/1750 1804/817/1768 1803/816/1767
f 1803/816/1767 1804/817/1768 1805/818/1769
f 1802/815/1766 1801/814/1765 1806/819/1770
f 1803/816/1767 1806/819/1770 1801/814/1765
f 1805/818/1769 1807/820/1771 1803/816/1767
f 1808/821/1772 1806/819/1770 1803/816/1767
f 1803/816/1767 1807/820/1771 1808/821/1772
f 1809/822/1773 1807/820/1771 1805/818/1769
f 1808/821/1772 1807/820/1771 1809/822/1773
f 1805/818/1769 1810/823/1774 1809/822/1773
f 1809/822/1773 1810/823/1774 1811/824/1775
f 1811/824/1775 1812/825/1776 1809/822/1773
f 1812/825/1776 1811/824/1775 1813/826/1777
f 1813/826/1777 1814/827/1778 1812/825/1776
f 1815/828/1779 1812/825/1776 1814/827/1778
f 1809/822/1773 1812/825/1776 1815/828/1779
f 1814/827/1778 1816/829/1780 1815/828/1779
f 1815/828/1779 1816/829/1780 1817/830/1781
f 1815/828/1779 1818/831/1782 1809/822/1773
f 1809/822/1773 1818/831/1782 1808/821/1772
f 1817/830/1781 1819/832/1783 1815/828/1779
f 1818/831/1782 1815/828/1779 1819/832/1783
f 1819/832/1783 1817/830/1781 1820/833/1784
f 1808/821/1772 1818/831/1782 1821/834/1785
f 1819/832/1783 1821/834/1785 1818/831/1782
f 1820/833/1784 1822/835/1786 1819/832/1783
f 1821/834/1785 1819/832/1783 1822/835/1786
f 1822/835/1786 1820/833/1784 1823/836/1787
f 1821/834/1785 1824/837/1788 1808/821/1772
f 1806/819/1770 1808/821/1772 1824/837/1788
f 1822/835/1786 1825/838/1789 1821/834/1785
f 1824/837/1788 1821/834/1785 1825/838/1789
f 1823/836/1787 1826/839/1790 1822/835/1786
f 1826/839/1790 1823/836/1787 1827/840/1791
f 1828/841/1792 1825/838/1789 1822/835/1786
f 1822/835/1786 1826/839/1790 1828/841/1792
f 1827/840/1791 1829/842/1793 1826/839/1790
f 1828/841/1792 1826/839/1790 1829/842/1793
f 1829/842/1793 1827/840/1791 1791/804/1755
f 1830/843/1794 1825/838/1789 1828/841/1792
f 1825/838/1789 1830/843/1794 1824/837/1788
f 1829/842/1793 1831/844/1795 1828/841/1792
f 1829/842/1793 1791/804/1755 1831/844/1795
f 1828/841/1792 1832/845/1796 1830/843/1794
f 1831/844/1795 1832/845/1796 1828/841/1792
f 1791/804/1755 1833/846/1797 1831/844/1795
f 1794/807/1758 1833/846/1797 1791/804/1755
f 1834/847/1798 1832/845/1796 1831/844/1795
f 1831/844/1795 1833/846/1797 1834/847/1798
f 1830/843/1794 1832/845/1796 1834/847/1798
f 1835/848/1799 1833/846/1797 1794/807/1758
f 1794/807/1758 1797/810/1761 1835/848/1799
f 1800/813/1764 1835/848/1799 1797/810/1761
f 1835/848/1799 1836/849/1800 1833/846/1797
f 1836/849/1800 1835/848/1799 1800/813/1764
f 1833/846/1797 1836/849/1800 1834/847/1798
f 1800/813/1764 1837/850/1801 1836/849/1800
f 1834/847/1798 1836/849/1800 1837/850/1801
f 1802/815/1766 1837/850/1801 1800/813/1764
f 1837/850/1801 1838/851/1802 1834/847/1798
f 1834/847/1798 1838/851/1802 1830/843/1794
f 1837/850/1801 1802/815/1766 1839/852/1803
f 1839/852/1803 1838/851/1802 1837/850/1801
f 1830/843/1794 1838/851/1802 1839/852/1803
f 1806/819/1770 1839/852/1803 1802/815/1766
f 1839/852/1803 1824/837/1788 1830/843/1794
f 1824/837/1788 1839/852/1803 1806/819/1770
f 1840/781/1804 1841/780/1805 1842/779/1806
f 1842/779/1806 1843/782/1807 1840/781/1804
f 1844/783/1808 1843/782/1807 1842/779/1806
f 1842/779/1806 1845/784/1809 1844/783/1808
f 1844/783/1808 1845/784/1809 1846/789/1810
f 1840/781/1804 1843/782/1807 1847/785/1811
f 1847/785/1811 1843/782/1807 1844/783/1808
f 1847/785/1811 1848/786/1812 1840/781/1804
f 1849/787/1813 1848/786/1812 1847/785/1811
f 1846/789/1810 1850/788/1814 1844/783/1808
f 1850/788/1814 1846/789/1810 1851/790/1815
f 1844/783/1808 1852/791/1816 1847/785/1811
f 1852/791/1816 1844/783/1808 1850/788/1814
f 1847/785/1811 1853/792/1817 1849/787/1813
f 1854/793/1818 1849/787/1813 1853/792/1817
f 1847/785/1811 1852/791/1816 1855/794/1819
f 1855/794/1819 1853/792/1817 1847/785/1811
f 1853/792/1817 1856/798/1820 1854/793/1818
f 1856/798/1820 1853/792/1817 1855/794/1819
f 1857/799/1821 1854/793/1818 1856/798/1820
f 1855/794/1819 1852/791/1816 1858/795/1822
f 1850/788/1814 1858/795/1822 1852/791/1816
f 1856/798/1820 1859/801/1823 1857/799/1821
f 1858/795/1822 1850/788/1814 1860/796/1824
f 1851/790/1815 1860/796/1824 1850/788/1814
f 1860/796/1824 1851/790/1815 1861/797/1825
f 1857/799/1821 1859/801/1823 1862/816/1826
f 1862/816/1826 1863/817/1827 1857/799/1821
f 1864/818/1828 1863/817/1827 1862/816/1826
f 1865/814/1829 1859/801/1823 1856/798/1820
f 1862/816/1826 1859/801/1823 1865/814/1829
f 1855/794/1819 1866/811/1830 1856/798/1820
f 1856/798/1820 1866/811/1830 1865/814/1829
f 1866/811/1830 1855/794/1819 1867/808/1831
f 1858/795/1822 1867/808/1831 1855/794/1819
f 1865/814/1829 1866/811/1830 1868/812/1832
f 1867/808/1831 1868/812/1832 1866/811/1830
f 1867/808/1831 1858/795/1822 1869/806/1833
f 1860/796/1824 1869/806/1833 1858/795/1822
f 1868/812/1832 1867/808/1831 1870/809/1834
f 1869/806/1833 1870/809/1834 1867/808/1831
f 1871/805/1835 1869/806/1833 1860/796/1824
f 1870/809/1834 1869/806/1833 1871/805/1835
f 1860/796/1824 1872/800/1836 1871/805/1835
f 1861/797/1825 1872/800/1836 1860/796/1824
f 1873/802/1837 1872/800/1836 1861/797/1825
f 1873/802/1837 1871/805/1835 1872/800/1836
f 1861/797/1825 1874/803/1838 1873/802/1837
f 1875/804/1839 1873/802/1837 1874/803/1838
f 1871/805/1835 1873/802/1837 1876/807/1840
f 1876/807/1840 1873/802/1837 1875/804/1839
f 1871/805/1835 1877/810/1841 1870/809/1834
f 1871/805/1835 1876/807/1840 1877/810/1841
f 1878/813/1842 1870/809/1834 1877/810/1841
f 1870/809/1834 1878/813/1842 1868/812/1832
f 1876/807/1840 1879/848/1843 1877/810/1841
f 1877/810/1841 1879/848/1843 1878/813/1842
f 1879/848/1843 1876/807/1840 1880/846/1844
f 1876/807/1840 1875/804/1839 1880/846/1844
f 1878/813/1842 1879/848/1843 1881/849/1845
f 1879/848/1843 1880/846/1844 1881/849/1845
f 1882/815/1846 1868/812/1832 1878/813/1842
f 1868/812/1832 1882/815/1846 1865/814/1829
f 1881/849/1845 1883/850/1847 1878/813/1842
f 1878/813/1842 1883/850/1847 1882/815/1846
f 1880/846/1844 1884/847/1848 1881/849/1845
f 1883/850/1847 1881/849/1845 1884/847/1848
f 1885/819/1849 1865/814/1829 1882/815/1846
f 1865/814/1829 1885/819/1849 1862/816/1826
f 1886/852/1850 1882/815/1846 1883/850/1847
f 1882/815/1846 1886/852/1850 1885/819/1849
f 1883/850/1847 1887/851/1851 1886/852/1850
f 1884/847/1848 1887/851/1851 1883/850/1847
f 1886/852/1850 1887/851/1851 1888/843/1852
f 1888/843/1852 1887/851/1851 1884/847/1848
f 1885/819/1849 1886/852/1850 1889/837/1853
f 1888/843/1852 1889/837/1853 1886/852/1850
f 1862/816/1826 1885/819/1849 1890/821/1854
f 1889/837/1853 1890/821/1854 1885/819/1849
f 1890/821/1854 1891/820/1855 1862/816/1826
f 1862/816/1826 1891/820/1855 1864/818/1828
f 1864/818/1828 1891/820/1855 1892/822/1856
f 1892/822/1856 1891/820/1855 1890/821/1854
f 1892/822/1856 1893/823/1857 1864/818/1828
f 1894/824/1858 1893/823/1857 1892/822/1856
f 1890/821/1854 1889/837/1853 1895/834/1859
f 1892/822/1856 1896/825/1860 1894/824/1858
f 1897/826/1861 1894/824/1858 1896/825/1860
f 1896/825/1860 1898/827/1862 1897/826/1861
f 1890/821/1854 1899/831/1863 1892/822/1856
f 1895/834/1859 1899/831/1863 1890/821/1854
f 1900/828/1864 1896/825/1860 1892/822/1856
f 1898/827/1862 1896/825/1860 1900/828/1864
f 1892/822/1856 1899/831/1863 1900/828/1864
f 1900/828/1864 1901/829/1865 1898/827/1862
f 1902/832/1866 1900/828/1864 1899/831/1863
f 1901/829/1865 1900/828/1864 1902/832/1866
f 1899/831/1863 1895/834/1859 1902/832/1866
f 1902/832/1866 1903/830/1867 1901/829/1865
f 1904/833/1868 1903/830/1867 1902/832/1866
f 1902/832/1866 1905/835/1869 1904/833/1868
f 1905/835/1869 1902/832/1866 1895/834/1859
f 1906/836/1870 1904/833/1868 1905/835/1869
f 1907/838/1871 1895/834/1859 1889/837/1853
f 1895/834/1859 1907/838/1871 1905/835/1869
f 1889/837/1853 1888/843/1852 1907/838/1871
f 1905/835/1869 1908/839/1872 1906/836/1870
f 1909/840/1873 1906/836/1870 1908/839/1872
f 1905/835/1869 1907/838/1871 1910/841/1874
f 1910/841/1874 1908/839/1872 1905/835/1869
f 1910/841/1874 1907/838/1871 1888/843/1852
f 1908/839/1872 1911/842/1875 1909/840/1873
f 1910/841/1874 1911/842/1875 1908/839/1872
f 1911/842/1875 1875/804/1839 1909/840/1873
f 1888/843/1852 1912/845/1876 1910/841/1874
f 1884/847/1848 1912/845/1876 1888/843/1852
f 1911/842/1875 1910/841/1874 1913/844/1877
f 1913/844/1877 1910/841/1874 1912/845/1876
f 1911/842/1875 1913/844/1877 1875/804/1839
f 1884/847/1848 1913/844/1877 1912/845/1876
f 1875/804/1839 1913/844/1877 1880/846/1844
f 1913/844/1877 1884/847/1848 1880/846/1844
f 1914/853/1878 1915/854/1879 1916/855/1880
f 1917/856/1881 1914/853/1878 1916/855/1880
f 1916/855/1880 1915/854/1879 1918/857/1882
f 1917/856/1881 1916/855/1880 1919/858/1883
f 1919/858/1883 1916/855/1880 1918/857/1882
f 1918/857/1882 1920/859/1884 1919/858/1883
f 1920/859/1884 1918/857/1882 1921/860/1885
f 1917/856/1881 1919/858/1883 1922/861/1886
f 1922/861/1886 1923/862/1887 1917/856/1881
f 1924/863/1888 1919/858/1883 1920/859/1884
f 1919/858/1883 1924/863/1888 1922/861/1886
f 1921/860/1885 1925/864/1889 1920/859/1884
f 1925/864/1889 1924/863/1888 1920/859/1884
f 1921/860/1885 1926/865/1890 1925/864/1889
f 1927/866/1891 1925/864/1889 1926/865/1890
f 1927/866/1891 1928/867/1892 1925/864/1889
f 1925/864/1889 1928/867/1892 1924/863/1888
f 1928/867/1892 1927/866/1891 1929/868/1893
f 1924/863/1888 1928/867/1892 1930/869/1894
f 1930/869/1894 1928/867/1892 1929/868/1893
f 1930/869/1894 1922/861/1886 1924/863/1888
f 1929/868/1893 1931/870/1895 1930/869/1894
f 1931/870/1895 1929/868/1893 1932/871/1896
f 1933/872/1897 1931/870/1895 1932/871/1896
f 1934/873/1898 1931/870/1895 1933/872/1897
f 1934/873/1898 1930/869/1894 1931/870/1895
f 1922/861/1886 1930/869/1894 1934/873/1898
f 1934/873/1898 1935/874/1899 1922/861/1886
f 1922/861/1886 1935/874/1899 1936/875/1900
f 1937/876/1901 1923/862/1887 1922/861/1886
f 1936/875/1900 1938/877/1902 1922/861/1886
f 1922/861/1886 1938/877/1902 1937/876/1901
f 1938/877/1902 1936/875/1900 1939/878/1903
f 1940/879/1904 1939/878/1903 1936/875/1900
f 1936/875/1900 1941/880/1905 1940/879/1904
f 1940/879/1904 1941/880/1905 1942/881/1906
f 1943/882/1907 1939/878/1903 1940/879/1904
f 1940/879/1904 1944/883/1908 1943/882/1907
f 1939/878/1903 1943/882/1907 1945/884/1909
f 1939/878/1903 1945/884/1909 1938/877/1902
f 1945/884/1909 1943/882/1907 1946/885/1910
f 1944/883/1908 1940/879/1904 1947/886/1911
f 1942/881/1906 1947/886/1911 1940/879/1904
f 1947/886/1911 1948/887/1912 1944/883/1908
f 1949/888/1913 1947/886/1911 1942/881/1906
f 1947/886/1911 1949/888/1913 1948/887/1912
f 1942/881/1906 1950/889/1914 1949/888/1913
f 1949/888/1913 1950/889/1914 1951/890/1915
f 1948/887/1912 1949/888/1913 1952/891/1916
f 1951/890/1915 1952/891/1916 1949/888/1913
f 1952/891/1916 1953/892/1917 1948/887/1912
f 1952/891/1916 1951/890/1915 1954/893/1918
f 1953/892/1917 1952/891/1916 1955/894/1919
f 1954/893/1918 1955/894/1919 1952/891/1916
f 1955/894/1919 1956/895/1920 1953/892/1917
f 1955/894/1919 1954/893/1918 1956/895/1920
f 1945/884/1909 1946/885/1910 1957/896/1921
f 1957/896/1921 1938/877/1902 1945/884/1909
f 1957/896/1921 1946/885/1910 1958/897/1922
f 1957/896/1921 1959/898/1923 1938/877/1902
f 1958/897/1922 1960/899/1924 1957/896/1921
f 1960/899/1924 1958/897/1922 1961/900/1925
f 1959/898/1923 1957/896/1921 1962/901/1926
f 1963/902/1927 1962/901/1926 1957/896/1921
f 1957/896/1921 1960/899/1924 1963/902/1927
f 1959/898/1923 1962/901/1926 1964/903/1928
f 1965/904/1929 1963/902/1927 1960/899/1924
f 1938/877/1902 1959/898/1923 1966/905/1930
f 1966/905/1930 1959/898/1923 1964/903/1928
f 1966/905/1930 1937/876/1901 1938/877/1902
f 1960/899/1924 1967/906/1931 1965/904/1929
f 1961/900/1925 1967/906/1931 1960/899/1924
f 1968/907/1932 1965/904/1929 1967/906/1931
f 1967/906/1931 1961/900/1925 1969/908/1933
f 1967/906/1931 1970/909/1934 1968/907/1932
f 1969/908/1933 1970/909/1934 1967/906/1931
f 1971/910/1935 1968/907/1932 1970/909/1934
f 1970/909/1934 1969/908/1933 1972/911/1936
f 1970/909/1934 1973/912/1937 1971/910/1935
f 1972/911/1936 1973/912/1937 1970/909/1934
f 1937/876/1901 1966/905/1930 1974/913/1938
f 1974/913/1938 1966/905/1930 1964/903/1928
f 1974/913/1938 1975/914/1939 1937/876/1901
f 1964/903/1928 1976/915/1940 1974/913/1938
f 1977/916/1941 1975/914/1939 1974/913/1938
f 1978/917/1942 1974/913/1938 1976/915/1940
f 1974/913/1938 1978/917/1942 1977/916/1941
f 1976/915/1940 1979/918/1943 1978/917/1942
f 1977/916/1941 1978/917/1942 1980/919/1944
f 1978/917/1942 1979/918/1943 1980/919/1944
f 1980/919/1944 1981/920/1945 1977/916/1941
f 1982/921/1946 1981/920/1945 1980/919/1944
f 1983/922/1947 1980/919/1944 1979/918/1943
f 1980/919/1944 1983/922/1947 1982/921/1946
f 1979/918/1943 1984/923/1948 1983/922/1947
f 1985/924/1949 1982/921/1946 1983/922/1947
f 1986/925/1950 1983/922/1947 1984/923/1948
f 1983/922/1947 1986/925/1950 1985/924/1949
f 1984/923/1948 1987/926/1951 1986/925/1950
f 1986/925/1950 1987/926/1951 1985/924/1949
f 1988/853/1952 1989/855/1953 1990/854/1954
f 1991/856/1955 1989/855/1953 1988/853/1952
f 1989/855/1953 1992/857/1956 1990/854/1954
f 1991/856/1955 1993/858/1957 1989/855/1953
f 1992/857/1956 1989/855/1953 1993/858/1957
f 1993/858/1957 1994/859/1958 1992/857/1956
f 1994/859/1958 1995/860/1959 1992/857/1956
f 1996/861/1960 1993/858/1957 1991/856/1955
f 1991/856/1955 1997/862/1961 1996/861/1960
f 1998/863/1962 1994/859/1958 1993/858/1957
f 1993/858/1957 1996/861/1960 1998/863/1962
f 1995/860/1959 1994/859/1958 1999/864/1963
f 1999/864/1963 1994/859/1958 1998/863/1962
f 1995/860/1959 1999/864/1963 2000/865/1964
f 2001/866/1965 2000/865/1964 1999/864/1963
f 2001/866/1965 1999/864/1963 2002/867/1966
f 1999/864/1963 1998/863/1962 2002/867/1966
f 2002/867/1966 2003/868/1967 2001/866/1965
f 1998/863/1962 2004/869/1968 2002/867/1966
f 2003/868/1967 2002/867/1966 2004/869/1968
f 2004/869/1968 1998/863/1962 1996/861/1960
f 2004/869/1968 2005/870/1969 2003/868/1967
f 2005/870/1969 2006/871/1970 2003/868/1967
f 2007/872/1971 2006/871/1970 2005/870/1969
f 2008/873/1972 2007/872/1971 2005/870/1969
f 2008/873/1972 2005/870/1969 2004/869/1968
f 2008/873/1972 2004/869/1968 1996/861/1960
f 1996/861/1960 2009/874/1973 2008/873/1972
f 2010/875/1974 2009/874/1973 1996/861/1960
f 1996/861/1960 1997/862/1961 2011/876/1975
f 1996/861/1960 2012/877/1976 2010/875/1974
f 2011/876/1975 2012/877/1976 1996/861/1960
f 2013/878/1977 2010/875/1974 2012/877/1976
f 2012/877/1976 2011/876/1975 2014/905/1978
f 2010/875/1974 2013/878/1977 2015/879/1979
f 2015/879/1979 2016/880/1980 2010/875/1974
f 2017/881/1981 2016/880/1980 2015/879/1979
f 2012/877/1976 2018/884/1982 2013/878/1977
f 2015/879/1979 2013/878/1977 2019/882/1983
f 2013/878/1977 2018/884/1982 2019/882/1983
f 2019/882/1983 2020/883/1984 2015/879/1979
f 2018/884/1982 2021/885/1985 2019/882/1983
f 2022/886/1986 2015/879/1979 2020/883/1984
f 2015/879/1979 2022/886/1986 2017/881/1981
f 2020/883/1984 2023/887/1987 2022/886/1986
f 2017/881/1981 2022/886/1986 2024/888/1988
f 2022/886/1986 2023/887/1987 2024/888/1988
f 2024/888/1988 2025/889/1989 2017/881/1981
f 2026/890/1990 2025/889/1989 2024/888/1988
f 2027/891/1991 2024/888/1988 2023/887/1987
f 2024/888/1988 2027/891/1991 2026/890/1990
f 2023/887/1987 2028/892/1992 2027/891/1991
f 2029/893/1993 2026/890/1990 2027/891/1991
f 2030/894/1994 2027/891/1991 2028/892/1992
f 2027/891/1991 2030/894/1994 2029/893/1993
f 2028/892/1992 2031/895/1995 2030/894/1994
f 2030/894/1994 2031/895/1995 2029/893/1993
f 2018/884/1982 2032/896/1996 2021/885/1985
f 2032/896/1996 2018/884/1982 2012/877/1976
f 2033/897/1997 2021/885/1985 2032/896/1996
f 2032/896/1996 2012/877/1976 2034/898/1998
f 2014/905/1978 2034/898/1998 2012/877/1976
f 2032/896/1996 2035/899/1999 2033/897/1997
f 2036/900/2000 2033/897/1997 2035/899/1999
f 2034/898/1998 2037/901/2001 2032/896/1996
f 2032/896/1996 2037/901/2001 2038/902/2002
f 2038/902/2002 2035/899/1999 2032/896/1996
f 2034/898/1998 2039/903/2003 2037/901/2001
f 2014/905/1978 2039/903/2003 2034/898/1998
f 2035/899/1999 2038/902/2002 2040/904/2004
f 2039/903/2003 2014/905/1978 2041/913/2005
f 2041/913/2005 2014/905/1978 2011/876/1975
f 2011/876/1975 2042/914/2006 2041/913/2005
f 2041/913/2005 2043/915/2007 2039/903/2003
f 2041/913/2005 2042/914/2006 2044/916/2008
f 2043/915/2007 2041/913/2005 2045/917/2009
f 2044/916/2008 2045/917/2009 2041/913/2005
f 2045/917/2009 2046/918/2010 2043/915/2007
f 2047/919/2011 2045/917/2009 2044/916/2008
f 2045/917/2009 2047/919/2011 2046/918/2010
f 2044/916/2008 2048/920/2012 2047/919/2011
f 2047/919/2011 2048/920/2012 2049/921/2013
f 2046/918/2010 2047/919/2011 2050/922/2014
f 2049/921/2013 2050/922/2014 2047/919/2011
f 2050/922/2014 2051/923/2015 2046/918/2010
f 2050/922/2014 2049/921/2013 2052/924/2016
f 2051/923/2015 2050/922/2014 2053/925/2017
f 2052/924/2016 2053/925/2017 2050/922/2014
f 2053/925/2017 2054/926/2018 2051/923/2015
f 2053/925/2017 2052/924/2016 2054/926/2018
f 2040/904/2004 2055/906/2019 2035/899/1999
f 2035/899/1999 2055/906/2019 2036/900/2000
f 2055/906/2019 2040/904/2004 2056/907/2020
f 2057/908/2021 2036/900/2000 2055/906/2019
f 2056/907/2020 2058/909/2022 2055/906/2019
f 2055/906/2019 2058/909/2022 2057/908/2021
f 2058/909/2022 2056/907/2020 2059/910/2023
f 2060/911/2024 2057/908/2021 2058/909/2022
f 2059/910/2023 2061/912/2025 2058/909/2022
f 2058/909/2022 2061/912/2025 2060/911/2024
f 2062/927/2026 2063/928/2027 2064/929/2028
f 2064/929/2028 2065/930/2029 2062/927/2026
f 2066/931/2030 2064/929/2028 2063/928/2027
f 2065/930/2029 2064/929/2028 2067/932/2031
f 2067/932/2031 2068/933/2032 2065/930/2029
f 2069/934/2033 2064/929/2028 2066/931/2030
f 2067/932/2031 2064/929/2028 2069/934/2033
f 2066/931/2030 2070/935/2034 2069/934/2033
f 2069/934/2033 2070/935/2034 2071/936/2035
f 2068/933/2032 2067/932/2031 2072/937/2036
f 2072/937/2036 2073/938/2037 2068/933/2032
f 2074/939/2038 2073/938/2037 2072/937/2036
f 2069/934/2033 2075/940/2039 2067/932/2031
f 2072/937/2036 2076/941/2040 2074/939/2038
f 2074/939/2038 2076/941/2040 2077/942/2041
f 2078/943/2042 2072/937/2036 2067/932/2031
f 2067/932/2031 2075/940/2039 2078/943/2042
f 2079/944/2043 2076/941/2040 2072/937/2036
f 2076/941/2040 2079/944/2043 2077/942/2041
f 2072/937/2036 2078/943/2042 2079/944/2043
f 2080/945/2044 2077/942/2041 2079/944/2043
f 2081/946/2045 2077/942/2041 2080/945/2044
f 2082/947/2046 2080/945/2044 2079/944/2043
f 2081/946/2045 2080/945/2044 2082/947/2046
f 2079/944/2043 2078/943/2042 2082/947/2046
f 2082/947/2046 2083/948/2047 2081/946/2045
f 2084/949/2048 2083/948/2047 2082/947/2046
f 2085/950/2049 2082/947/2046 2078/943/2042
f 2082/947/2046 2085/950/2049 2084/949/2048
f 2078/943/2042 2075/940/2039 2085/950/2049
f 2085/950/2049 2075/940/2039 2069/934/2033
f 2086/951/2050 2084/949/2048 2085/950/2049
f 2069/934/2033 2087/952/2051 2085/950/2049
f 2085/950/2049 2087/952/2051 2086/951/2050
f 2071/936/2035 2087/952/2051 2069/934/2033
f 2088/953/2052 2086/951/2050 2087/952/2051
f 2071/936/2035 2089/954/2053 2087/952/2051
f 2087/952/2051 2089/954/2053 2088/953/2052
f 2090/929/2054 2091/928/2055 2092/927/2056
f 2093/931/2057 2091/928/2055 2090/929/2054
f 2092/927/2056 2094/930/2058 2090/929/2054
f 2093/931/2057 2090/929/2054 2095/934/2059
f 2095/934/2059 2096/935/2060 2093/931/2057
f 2097/932/2061 2090/929/2054 2094/930/2058
f 2095/934/2059 2090/929/2054 2097/932/2061
f 2094/930/2058 2098/933/2062 2097/932/2061
f 2099/936/2063 2096/935/2060 2095/934/2059
f 2100/937/2064 2097/932/2061 2098/933/2062
f 2098/933/2062 2101/938/2065 2100/937/2064
f 2100/937/2064 2101/938/2065 2102/939/2066
f 2095/934/2059 2103/952/2067 2099/936/2063
f 2099/936/2063 2103/952/2067 2104/954/2068
f 2105/953/2069 2104/954/2068 2103/952/2067
f 2103/952/2067 2106/951/2070 2105/953/2069
f 2106/951/2070 2103/952/2067 2107/950/2071
f 2107/950/2071 2103/952/2067 2095/934/2059
f 2107/950/2071 2108/949/2072 2106/951/2070
f 2095/934/2059 2109/940/2073 2107/950/2071
f 2097/932/2061 2109/940/2073 2095/934/2059
f 2108/949/2072 2107/950/2071 2110/947/2074
f 2110/947/2074 2111/948/2075 2108/949/2072
f 2112/946/2076 2111/948/2075 2110/947/2074
f 2107/950/2071 2109/940/2073 2113/943/2077
f 2113/943/2077 2109/940/2073 2097/932/2061
f 2113/943/2077 2110/947/2074 2107/950/2071
f 2097/932/2061 2100/937/2064 2113/943/2077
f 2110/947/2074 2114/945/2078 2112/946/2076
f 2112/946/2076 2114/945/2078 2115/942/2079
f 2110/947/2074 2113/943/2077 2116/944/2080
f 2116/944/2080 2114/945/2078 2110/947/2074
f 2116/944/2080 2113/943/2077 2100/937/2064
f 2114/945/2078 2116/944/2080 2115/942/2079
f 2100/937/2064 2117/941/2081 2116/944/2080
f 2117/941/2081 2115/942/2079 2116/944/2080
f 2102/939/2066 2117/941/2081 2100/937/2064
f 2102/939/2066 2115/942/2079 2117/941/2081
f 2118/955/2082 2119/956/2083 2120/957/2084
f 2120/957/2084 2121/958/2085 2118/955/2082
f 2120/957/2084 2119/956/2083 2122/959/2086
f 2123/960/2087 2121/958/2085 2120/957/2084
f 2122/959/2086 2124/961/2088 2120/957/2084
f 2120/957/2084 2125/962/2089 2123/960/2087
f 2124/961/2088 2125/962/2089 2120/957/2084
f 2126/963/2090 2123/960/2087 2125/962/2089
f 2127/964/2091 2124/961/2088 2122/959/2086
f 2125/962/2089 2128/965/2092 2126/963/2090
f 2128/965/2092 2125/962/2089 2124/961/2088
f 2129/966/2093 2124/961/2088 2127/964/2091
f 2124/961/2088 2129/966/2093 2128/965/2092
f 2129/966/2093 2127/964/2091 2130/967/2094
f 2128/965/2092 2129/966/2093 2130/967/2094
f 2127/964/2091 2131/968/2095 2130/967/2094
f 2126/963/2090 2128/965/2092 2132/969/2096
f 2130/967/2094 2132/969/2096 2128/965/2092
f 2132/969/2096 2133/970/2097 2126/963/2090
f 2134/971/2098 2130/967/2094 2131/968/2095
f 2130/967/2094 2134/971/2098 2132/969/2096
f 2133/970/2097 2132/969/2096 2134/971/2098
f 2131/968/2095 2135/972/2099 2134/971/2098
f 2134/971/2098 2136/973/2100 2133/970/2097
f 2134/971/2098 2135/972/2099 2137/974/2101
f 2137/974/2101 2136/973/2100 2134/971/2098
f 2138/955/2102 2139/958/2103 2140/957/2104
f 2140/957/2104 2141/956/2105 2138/955/2102
f 2140/957/2104 2139/958/2103 2142/960/2106
f 2143/959/2107 2141/956/2105 2140/957/2104
f 2142/960/2106 2144/962/2108 2140/957/2104
f 2144/962/2108 2142/960/2106 2145/963/2109
f 2140/957/2104 2146/961/2110 2143/959/2107
f 2146/961/2110 2140/957/2104 2144/962/2108
f 2147/964/2111 2143/959/2107 2146/961/2110
f 2145/963/2109 2148/965/2112 2144/962/2108
f 2146/961/2110 2144/962/2108 2148/965/2112
f 2149/966/2113 2147/964/2111 2146/961/2110
f 2148/965/2112 2149/966/2113 2146/961/2110
f 2149/966/2113 2150/967/2114 2147/964/2111
f 2150/967/2114 2149/966/2113 2148/965/2112
f 2147/964/2111 2150/967/2114 2151/968/2115
f 2152/969/2116 2148/965/2112 2145/963/2109
f 2148/965/2112 2152/969/2116 2150/967/2114
f 2145/963/2109 2153/970/2117 2152/969/2116
f 2151/968/2115 2150/967/2114 2154/971/2118
f 2150/967/2114 2152/969/2116 2154/971/2118
f 2154/971/2118 2152/969/2116 2153/970/2117
f 2154/971/2118 2155/972/2119 2151/968/2115
f 2153/970/2117 2156/973/2120 2154/971/2118
f 2157/974/2121 2155/972/2119 2154/971/2118
f 2154/971/2118 2156/973/2120 2157/974/2121
f 2158/975/2122 2159/976/746 2160/977/2123
f 2158/975/2122 2160/977/2123 2161/978/2124
f 2162/979/2125 2159/976/746 2158/975/2122
f 2161/978/2124 2163/980/2126 2158/975/2122
f 2158/975/2122 2164/981/2127 2162/979/2125
f 2165/982/2128 2163/980/2126 2161/978/2124
f 2161/978/2124 2166/983/2129 2165/982/2128
f 2165/982/2128 2166/983/2129 2167/984/2130
f 2168/985/2131 2158/975/2122 2163/980/2126
f 2163/980/2126 2165/982/2128 2168/985/2131
f 2164/981/2127 2158/975/2122 2168/985/2131
f 2167/984/2130 2169/986/2132 2165/982/2128
f 2168/985/2131 2165/982/2128 2169/986/2132
f 2170/987/2133 2169/986/2132 2167/984/2130
f 2169/986/2132 2170/987/2133 2168/985/2131
f 2167/984/2130 2171/988/2134 2170/987/2133
f 2170/987/2133 2171/988/2134 2172/989/2135
f 2172/989/2135 2173/990/2136 2170/987/2133
f 2168/985/2131 2170/987/2133 2173/990/2136
f 2174/991/2137 2173/990/2136 2172/989/2135
f 2173/990/2136 2174/991/2137 2168/985/2131
f 2172/989/2135 2175/992/2138 2174/991/2137
f 2174/991/2137 2175/992/2138 2176/993/2139
f 2176/993/2139 2177/994/2140 2174/991/2137
f 2168/985/2131 2174/991/2137 2177/994/2140
f 2178/995/2141 2177/994/2140 2176/993/2139
f 2177/994/2140 2178/995/2141 2168/985/2131
f 2176/993/2139 2179/996/2142 2178/995/2141
f 2178/995/2141 2179/996/2142 2180/997/2143
f 2180/997/2143 2181/998/2144 2178/995/2141
f 2168/985/2131 2178/995/2141 2181/998/2144
f 2182/999/2145 2181/998/2144 2180/997/2143
f 2181/998/2144 2182/999/2145 2168/985/2131
f 2180/997/2143 2183/1000/2146 2182/999/2145
f 2182/999/2145 2183/1000/2146 2184/1001/2147
f 2184/1001/2147 2185/1002/2148 2182/999/2145
f 2168/985/2131 2182/999/2145 2185/1002/2148
f 2186/1003/2149 2185/1002/2148 2184/1001/2147
f 2185/1002/2148 2186/1003/2149 2168/985/2131
f 2184/1001/2147 2187/1004/2150 2186/1003/2149
f 2186/1003/2149 2187/1004/2150 2188/1005/2151
f 2188/1005/2151 2189/1006/2152 2186/1003/2149
f 2168/985/2131 2186/1003/2149 2189/1006/2152
f 2190/1007/2153 2189/1006/2152 2188/1005/2151
f 2189/1006/2152 2190/1007/2153 2168/985/2131
f 2188/1005/2151 2191/1008/2154 2190/1007/2153
f 2190/1007/2153 2191/1008/2154 2192/1009/2155
f 2192/1009/2155 2193/1010/2156 2190/1007/2153
f 2168/985/2131 2190/1007/2153 2193/1010/2156
f 2194/1011/2157 2193/1010/2156 2192/1009/2155
f 2193/1010/2156 2194/1011/2157 2168/985/2131
f 2192/1009/2155 2195/1012/2158 2194/1011/2157
f 2194/1011/2157 2195/1012/2158 2196/1013/2159
f 2168/985/2131 2194/1011/2157 2197/1014/2160
f 2196/1013/2159 2197/1014/2160 2194/1011/2157
f 2197/1014/2160 2198/1015/2161 2168/985/2131
f 2198/1015/2161 2197/1014/2160 2196/1013/2159
f 2168/985/2131 2198/1015/2161 2164/981/2127
f 2196/1013/2159 2199/1016/38 2198/1015/2161
f 2162/979/2125 2164/981/2127 2198/1015/2161
f 2198/1015/2161 2199/1016/38 2200/1017/37
f 2198/1015/2161 2200/1017/37 2162/979/2125
f 2201/975/2162 2202/977/751 2203/976/750
f 2204/978/2163 2202/977/751 2201/975/2162
f 2201/975/2162 2203/976/750 2205/979/2164
f 2201/975/2162 2206/980/2165 2204/978/2163
f 2205/979/2164 2207/981/2166 2201/975/2162
f 2204/978/2163 2206/980/2165 2208/982/2167
f 2208/982/2167 2209/983/2168 2204/978/2163
f 2210/984/2169 2209/983/2168 2208/982/2167
f 2211/1015/2170 2207/981/2166 2205/979/2164
f 2205/979/2164 2212/1017/403 2211/1015/2170
f 2211/1015/2170 2212/1017/403 2213/1016/402
f 2211/1015/2170 2213/1016/402 2214/1013/2171
f 2208/982/2167 2215/986/2172 2210/984/2169
f 2214/1013/2171 2216/1014/2173 2211/1015/2170
f 2210/984/2169 2215/986/2172 2217/987/2174
f 2217/987/2174 2218/988/2175 2210/984/2169
f 2219/989/2176 2218/988/2175 2217/987/2174
f 2220/1011/2177 2216/1014/2173 2214/1013/2171
f 2214/1013/2171 2221/1012/2178 2220/1011/2177
f 2220/1011/2177 2221/1012/2178 2222/1009/2179
f 2217/987/2174 2223/990/2180 2219/989/2176
f 2222/1009/2179 2224/1010/2181 2220/1011/2177
f 2219/989/2176 2223/990/2180 2225/991/2182
f 2225/991/2182 2226/992/2183 2219/989/2176
f 2227/993/2184 2226/992/2183 2225/991/2182
f 2228/1007/2185 2224/1010/2181 2222/1009/2179
f 2222/1009/2179 2229/1008/2186 2228/1007/2185
f 2228/1007/2185 2229/1008/2186 2230/1005/2187
f 2225/991/2182 2231/994/2188 2227/993/2184
f 2230/1005/2187 2232/1006/2189 2228/1007/2185
f 2227/993/2184 2231/994/2188 2233/995/2190
f 2233/995/2190 2234/996/2191 2227/993/2184
f 2235/997/2192 2234/996/2191 2233/995/2190
f 2236/1003/2193 2232/1006/2189 2230/1005/2187
f 2230/1005/2187 2237/1004/2194 2236/1003/2193
f 2236/1003/2193 2237/1004/2194 2238/1001/2195
f 2233/995/2190 2239/998/2196 2235/997/2192
f 2238/1001/2195 2240/1002/2197 2236/1003/2193
f 2235/997/2192 2239/998/2196 2241/999/2198
f 2241/999/2198 2240/1002/2197 2238/1001/2195
f 2241/999/2198 2242/1000/2199 2235/997/2192
f 2238/1001/2195 2242/1000/2199 2241/999/2198
f 2243/985/2200 2236/1003/2193 2240/1002/2197
f 2240/1002/2197 2241/999/2198 2243/985/2200
f 2232/1006/2189 2236/1003/2193 2243/985/2200
f 2243/985/2200 2241/999/2198 2239/998/2196
f 2239/998/2196 2233/995/2190 2243/985/2200
f 2243/985/2200 2228/1007/2185 2232/1006/2189
f 2243/985/2200 2233/995/2190 2231/994/2188
f 2224/1010/2181 2228/1007/2185 2243/985/2200
f 2231/994/2188 2225/991/2182 2243/985/2200
f 2243/985/2200 2220/1011/2177 2224/1010/2181
f 2243/985/2200 2225/991/2182 2223/990/2180
f 2216/1014/2173 2220/1011/2177 2243/985/2200
f 2223/990/2180 2217/987/2174 2243/985/2200
f 2243/985/2200 2211/1015/2170 2216/1014/2173
f 2243/985/2200 2217/987/2174 2215/986/2172
f 2207/981/2166 2211/1015/2170 2243/985/2200
f 2215/986/2172 2208/982/2167 2243/985/2200
f 2243/985/2200 2201/975/2162 2207/981/2166
f 2243/985/2200 2208/982/2167 2206/980/2165
f 2206/980/2165 2201/975/2162 2243/985/2200
f 2244/1018/2201 2245/1019/2202 2246/1020/2203
f 2247/1021/2204 2246/1020/2203 2245/1019/2202
f 2246/1020/2203 2248/1022/2205 2244/1018/2201
f 2249/1023/2206 2244/1018/2201 2248/1022/2205
f 2248/1022/2205 2246/1020/2203 2250/1024/2207
f 2247/1021/2204 2250/1024/2207 2246/1020/2203
f 2248/1022/2205 2251/1025/2208 2249/1023/2206
f 2252/1026/2209 2249/1023/2206 2251/1025/2208
f 2250/1024/2207 2253/1027/2210 2248/1022/2205
f 2251/1025/2208 2248/1022/2205 2253/1027/2210
f 2251/1025/2208 2254/1028/2211 2252/1026/2209
f 2255/1029/2212 2252/1026/2209 2254/1028/2211
f 2253/1027/2210 2256/1030/2213 2251/1025/2208
f 2254/1028/2211 2251/1025/2208 2256/1030/2213
f 2254/1028/2211 2257/1031/2214 2255/1029/2212
f 2258/1032/2215 2255/1029/2212 2257/1031/2214
f 2256/1030/2213 2259/1033/2216 2254/1028/2211
f 2257/1031/2214 2254/1028/2211 2259/1033/2216
f 2256/1030/2213 2253/1027/2210 2260/1034/2217
f 2257/1031/2214 2261/1035/2218 2258/1032/2215
f 2260/1034/2217 2262/1036/2219 2256/1030/2213
f 2259/1033/2216 2256/1030/2213 2262/1036/2219
f 2253/1027/2210 2263/1037/2220 2260/1034/2217
f 2250/1024/2207 2263/1037/2220 2253/1027/2210
f 2264/1038/2221 2262/1036/2219 2260/1034/2217
f 2260/1034/2217 2263/1037/2220 2264/1038/2221
f 2259/1033/2216 2265/1039/2222 2257/1031/2214
f 2257/1031/2214 2265/1039/2222 2266/1040/2223
f 2266/1040/2223 2261/1035/2218 2257/1031/2214
f 2267/1041/2224 2265/1039/2222 2259/1033/2216
f 2266/1040/2223 2265/1039/2222 2267/1041/2224
f 2258/1032/2215 2261/1035/2218 2268/1042/2225
f 2268/1042/2225 2261/1035/2218 2266/1040/2223
f 2268/1042/2225 2269/1043/2226 2258/1032/2215
f 2270/1044/2227 2269/1043/2226 2268/1042/2225
f 2266/1040/2223 2271/1045/2228 2268/1042/2225
f 2268/1042/2225 2272/1046/2229 2270/1044/2227
f 2272/1046/2229 2268/1042/2225 2271/1045/2228
f 2270/1044/2227 2272/1046/2229 2273/1047/2230
f 2273/1047/2230 2274/1048/2231 2270/1044/2227
f 2275/1049/2232 2274/1048/2231 2273/1047/2230
f 2273/1047/2230 2276/1050/2233 2275/1049/2232
f 2277/1051/2234 2275/1049/2232 2276/1050/2233
f 2278/1052/2235 2273/1047/2230 2272/1046/2229
f 2276/1050/2233 2273/1047/2230 2278/1052/2235
f 2276/1050/2233 2279/1053/2236 2277/1051/2234
f 2280/1054/2237 2277/1051/2234 2279/1053/2236
f 2278/1052/2235 2281/1055/2238 2276/1050/2233
f 2279/1053/2236 2276/1050/2233 2281/1055/2238
f 2272/1046/2229 2282/1056/2239 2278/1052/2235
f 2271/1045/2228 2282/1056/2239 2272/1046/2229
f 2279/1053/2236 2283/1057/2240 2280/1054/2237
f 2284/1058/2241 2280/1054/2237 2283/1057/2240
f 2283/1057/2240 2279/1053/2236 2285/1059/2242
f 2281/1055/2238 2285/1059/2242 2279/1053/2236
f 2283/1057/2240 2286/1060/2243 2284/1058/2241
f 2285/1059/2242 2287/1061/2244 2283/1057/2240
f 2286/1060/2243 2283/1057/2240 2287/1061/2244
f 2285/1059/2242 2281/1055/2238 2288/1062/2245
f 2284/1058/2241 2286/1060/2243 2289/1063/2246
f 2289/1063/2246 2290/1064/2247 2284/1058/2241
f 2287/1061/2244 2291/1065/2248 2286/1060/2243
f 2289/1063/2246 2286/1060/2243 2291/1065/2248
f 2287/1061/2244 2285/1059/2242 2292/1066/2249
f 2288/1062/2245 2292/1066/2249 2285/1059/2242
f 2291/1065/2248 2287/1061/2244 2293/1067/2250
f 2292/1066/2249 2293/1067/2250 2287/1061/2244
f 2294/1068/2251 2288/1062/2245 2281/1055/2238
f 2281/1055/2238 2278/1052/2235 2294/1068/2251
f 2292/1066/2249 2288/1062/2245 2295/1069/2252
f 2296/1070/2253 2294/1068/2251 2278/1052/2235
f 2278/1052/2235 2282/1056/2239 2296/1070/2253
f 2288/1062/2245 2294/1068/2251 2297/1071/2254
f 2297/1071/2254 2295/1069/2252 2288/1062/2245
f 2294/1068/2251 2296/1070/2253 2298/1072/2255
f 2298/1072/2255 2297/1071/2254 2294/1068/2251
f 2299/1073/2256 2296/1070/2253 2282/1056/2239
f 2282/1056/2239 2271/1045/2228 2299/1073/2256
f 2300/1074/2257 2298/1072/2255 2296/1070/2253
f 2296/1070/2253 2299/1073/2256 2300/1074/2257
f 2297/1071/2254 2298/1072/2255 2301/1075/2258
f 2302/1076/2259 2299/1073/2256 2271/1045/2228
f 2271/1045/2228 2266/1040/2223 2302/1076/2259
f 2267/1041/2224 2302/1076/2259 2266/1040/2223
f 2303/1077/2260 2299/1073/2256 2302/1076/2259
f 2304/1078/2261 2302/1076/2259 2267/1041/2224
f 2302/1076/2259 2304/1078/2261 2303/1077/2260
f 2299/1073/2256 2303/1077/2260 2305/1079/2262
f 2305/1079/2262 2300/1074/2257 2299/1073/2256
f 2303/1077/2260 2304/1078/2261 2306/1080/984
f 2307/1081/985 2305/1079/2262 2303/1077/2260
f 2303/1077/2260 2306/1080/984 2307/1081/985
f 2308/1082/2263 2305/1079/2262 2307/1081/985
f 2300/1074/2257 2305/1079/2262 2308/1082/2263
f 2307/1081/985 2309/1083/2264 2308/1082/2263
f 2308/1082/2263 2309/1083/2264 2310/1084/2265
f 2306/1080/984 2304/1078/2261 2311/1085/2266
f 2267/1041/2224 2311/1085/2266 2304/1078/2261
f 2311/1085/2266 2312/1086/979 2306/1080/984
f 2313/1087/2267 2312/1086/979 2311/1085/2266
f 2310/1084/2265 2314/1088/2268 2308/1082/2263
f 2314/1088/2268 2310/1084/2265 2315/1089/2269
f 2311/1085/2266 2316/1090/2270 2313/1087/2267
f 2313/1087/2267 2316/1090/2270 2317/1091/974
f 2311/1085/2266 2267/1041/2224 2318/1092/2271
f 2318/1092/2271 2316/1090/2270 2311/1085/2266
f 2318/1092/2271 2267/1041/2224 2319/1093/2272
f 2259/1033/2216 2319/1093/2272 2267/1041/2224
f 2262/1036/2219 2319/1093/2272 2259/1033/2216
f 2320/1094/2273 2318/1092/2271 2319/1093/2272
f 2320/1094/2273 2319/1093/2272 2262/1036/2219
f 2318/1092/2271 2320/1094/2273 2316/1090/2270
f 2317/1091/974 2316/1090/2270 2321/1095/2274
f 2321/1095/2274 2316/1090/2270 2320/1094/2273
f 2322/1096/2275 2317/1091/974 2321/1095/2274
f 2320/1094/2273 2262/1036/2219 2323/1097/2276
f 2323/1097/2276 2262/1036/2219 2264/1038/2221
f 2320/1094/2273 2324/1098/2277 2321/1095/2274
f 2323/1097/2276 2324/1098/2277 2320/1094/2273
f 2321/1095/2274 2325/1099/2278 2322/1096/2275
f 2326/1100/997 2322/1096/2275 2325/1099/2278
f 2321/1095/2274 2324/1098/2277 2327/1101/2279
f 2327/1101/2279 2325/1099/2278 2321/1095/2274
f 2324/1098/2277 2323/1097/2276 2328/1102/2280
f 2324/1098/2277 2328/1102/2280 2327/1101/2279
f 2325/1099/2278 2329/1103/2281 2326/1100/997
f 2315/1089/2269 2326/1100/997 2329/1103/2281
f 2325/1099/2278 2327/1101/2279 2330/1104/2282
f 2330/1104/2282 2329/1103/2281 2325/1099/2278
f 2329/1103/2281 2331/1105/2283 2315/1089/2269
f 2331/1105/2283 2329/1103/2281 2330/1104/2282
f 2315/1089/2269 2331/1105/2283 2314/1088/2268
f 2330/1104/2282 2332/1106/2284 2331/1105/2283
f 2314/1088/2268 2331/1105/2283 2332/1106/2284
f 2333/1107/2285 2330/1104/2282 2327/1101/2279
f 2327/1101/2279 2328/1102/2280 2333/1107/2285
f 2332/1106/2284 2334/1108/2286 2314/1088/2268
f 2328/1102/2280 2323/1097/2276 2335/1109/2287
f 2264/1038/2221 2335/1109/2287 2323/1097/2276
f 2335/1109/2287 2336/1110/2288 2328/1102/2280
f 2333/1107/2285 2328/1102/2280 2336/1110/2288
f 2337/1111/2289 2335/1109/2287 2264/1038/2221
f 2338/1112/2290 2336/1110/2288 2335/1109/2287
f 2335/1109/2287 2337/1111/2289 2338/1112/2290
f 2336/1110/2288 2339/1113/2291 2333/1107/2285
f 2264/1038/2221 2340/1114/2292 2337/1111/2289
f 2340/1114/2292 2264/1038/2221 2263/1037/2220
f 2341/1115/2293 2339/1113/2291 2336/1110/2288
f 2336/1110/2288 2338/1112/2290 2341/1115/2293
f 2333/1107/2285 2339/1113/2291 2342/1116/2294
f 2339/1113/2291 2341/1115/2293 2343/1117/2295
f 2343/1117/2295 2342/1116/2294 2339/1113/2291
f 2344/1118/2296 2341/1115/2293 2338/1112/2290
f 2342/1116/2294 2345/1119/2297 2333/1107/2285
f 2330/1104/2282 2333/1107/2285 2345/1119/2297
f 2338/1112/2290 2346/1120/2298 2344/1118/2296
f 2346/1120/2298 2338/1112/2290 2337/1111/2289
f 2341/1115/2293 2344/1118/2296 2347/1121/2299
f 2347/1121/2299 2343/1117/2295 2341/1115/2293
f 2337/1111/2289 2348/1122/2300 2346/1120/2298
f 2348/1122/2300 2337/1111/2289 2340/1114/2292
f 2349/1123/2301 2344/1118/2296 2346/1120/2298
f 2349/1123/2301 2346/1120/2298 2348/1122/2300
f 2350/1124/2302 2347/1121/2299 2344/1118/2296
f 2344/1118/2296 2349/1123/2301 2350/1124/2302
f 2343/1117/2295 2347/1121/2299 2351/1125/2303
f 2347/1121/2299 2350/1124/2302 2352/1126/2304
f 2352/1126/2304 2351/1125/2303 2347/1121/2299
f 2353/1127/2305 2350/1124/2302 2349/1123/2301
f 2353/1127/2305 2352/1126/2304 2350/1124/2302
f 2351/1125/2303 2354/1128/2306 2343/1117/2295
f 2342/1116/2294 2343/1117/2295 2354/1128/2306
f 2352/1126/2304 2355/1129/2307 2351/1125/2303
f 2354/1128/2306 2351/1125/2303 2355/1129/2307
f 2355/1129/2307 2352/1126/2304 2356/1130/2308
f 2352/1126/2304 2353/1127/2305 2356/1130/2308
f 2354/1128/2306 2357/1131/2309 2342/1116/2294
f 2345/1119/2297 2342/1116/2294 2357/1131/2309
f 2355/1129/2307 2358/1132/2310 2354/1128/2306
f 2357/1131/2309 2354/1128/2306 2358/1132/2310
f 2356/1130/2308 2359/1133/2311 2355/1129/2307
f 2358/1132/2310 2355/1129/2307 2359/1133/2311
f 2359/1133/2311 2356/1130/2308 2360/1134/2312
f 2356/1130/2308 2353/1127/2305 2360/1134/2312
f 2359/1133/2311 2361/1135/2313 2358/1132/2310
f 2360/1134/2312 2362/1136/2314 2359/1133/2311
f 2361/1135/2313 2359/1133/2311 2362/1136/2314
f 2358/1132/2310 2363/1137/2315 2357/1131/2309
f 2363/1137/2315 2358/1132/2310 2361/1135/2313
f 2360/1134/2312 2364/1138/2316 2362/1136/2314
f 2362/1136/2314 2365/1139/2317 2361/1135/2313
f 2365/1139/2317 2362/1136/2314 2364/1138/2316
f 2361/1135/2313 2366/1140/2318 2363/1137/2315
f 2366/1140/2318 2361/1135/2313 2365/1139/2317
f 2364/1138/2316 2360/1134/2312 2367/1141/2319
f 2360/1134/2312 2353/1127/2305 2367/1141/2319
f 2364/1138/2316 2368/1142/2320 2365/1139/2317
f 2365/1139/2317 2369/1143/2321 2366/1140/2318
f 2369/1143/2321 2365/1139/2317 2368/1142/2320
f 2367/1141/2319 2370/1144/2322 2364/1138/2316
f 2368/1142/2320 2364/1138/2316 2370/1144/2322
f 2366/1140/2318 2369/1143/2321 2371/1145/2323
f 2363/1137/2315 2366/1140/2318 2371/1145/2323
f 2368/1142/2320 2372/1146/2324 2369/1143/2321
f 2371/1145/2323 2373/1147/2325 2363/1137/2315
f 2357/1131/2309 2363/1137/2315 2373/1147/2325
f 2372/1146/2324 2368/1142/2320 2374/1148/2326
f 2370/1144/2322 2374/1148/2326 2368/1142/2320
f 2369/1143/2321 2372/1146/2324 2247/1021/2204
f 2371/1145/2323 2369/1143/2321 2247/1021/2204
f 2374/1148/2326 2375/1149/2327 2372/1146/2324
f 2372/1146/2324 2375/1149/2327 2247/1021/2204
f 2374/1148/2326 2370/1144/2322 2376/1150/2328
f 2367/1141/2319 2376/1150/2328 2370/1144/2322
f 2375/1149/2327 2374/1148/2326 2377/1151/2329
f 2376/1150/2328 2377/1151/2329 2374/1148/2326
f 2376/1150/2328 2367/1141/2319 2378/1152/2330
f 2367/1141/2319 2353/1127/2305 2378/1152/2330
f 2377/1151/2329 2376/1150/2328 2379/1153/2331
f 2378/1152/2330 2379/1153/2331 2376/1150/2328
f 2377/1151/2329 2380/1154/2332 2375/1149/2327
f 2247/1021/2204 2375/1149/2327 2380/1154/2332
f 2379/1153/2331 2381/1155/2333 2377/1151/2329
f 2380/1154/2332 2377/1151/2329 2381/1155/2333
f 2379/1153/2331 2378/1152/2330 2382/1156/2334
f 2378/1152/2330 2353/1127/2305 2382/1156/2334
f 2247/1021/2204 2380/1154/2332 2250/1024/2207
f 2250/1024/2207 2380/1154/2332 2383/1157/2335
f 2381/1155/2333 2383/1157/2335 2380/1154/2332
f 2383/1157/2335 2263/1037/2220 2250/1024/2207
f 2381/1155/2333 2379/1153/2331 2384/1158/2336
f 2382/1156/2334 2384/1158/2336 2379/1153/2331
f 2383/1157/2335 2381/1155/2333 2385/1159/2337
f 2385/1159/2337 2263/1037/2220 2383/1157/2335
f 2384/1158/2336 2385/1159/2337 2381/1155/2333
f 2263/1037/2220 2385/1159/2337 2340/1114/2292
f 2385/1159/2337 2384/1158/2336 2386/1160/2338
f 2386/1160/2338 2340/1114/2292 2385/1159/2337
f 2382/1156/2334 2386/1160/2338 2384/1158/2336
f 2340/1114/2292 2386/1160/2338 2348/1122/2300
f 2386/1160/2338 2382/1156/2334 2387/1161/2339
f 2387/1161/2339 2348/1122/2300 2386/1160/2338
f 2353/1127/2305 2387/1161/2339 2382/1156/2334
f 2348/1122/2300 2387/1161/2339 2349/1123/2301
f 2353/1127/2305 2349/1123/2301 2387/1161/2339
f 2247/1021/2204 2388/1162/2340 2371/1145/2323
f 2247/1021/2204 2389/1163/2341 2388/1162/2340
f 2390/1164/2342 2371/1145/2323 2388/1162/2340
f 2390/1164/2342 2373/1147/2325 2371/1145/2323
f 2391/1165/2343 2388/1162/2340 2389/1163/2341
f 2388/1162/2340 2391/1165/2343 2390/1164/2342
f 2389/1163/2341 2392/1166/2344 2391/1165/2343
f 2393/1167/2345 2390/1164/2342 2391/1165/2343
f 2373/1147/2325 2390/1164/2342 2393/1167/2345
f 2394/1168/2346 2391/1165/2343 2392/1166/2344
f 2391/1165/2343 2394/1168/2346 2393/1167/2345
f 2392/1166/2344 2395/1169/2347 2394/1168/2346
f 2393/1167/2345 2396/1170/2348 2373/1147/2325
f 2397/1171/2349 2394/1168/2346 2395/1169/2347
f 2395/1169/2347 2398/1172/2350 2397/1171/2349
f 2399/1173/2351 2393/1167/2345 2394/1168/2346
f 2394/1168/2346 2397/1171/2349 2399/1173/2351
f 2396/1170/2348 2393/1167/2345 2399/1173/2351
f 2400/1174/2352 2397/1171/2349 2398/1172/2350
f 2399/1173/2351 2397/1171/2349 2400/1174/2352
f 2398/1172/2350 2401/1175/2353 2400/1174/2352
f 2400/1174/2352 2402/1176/2354 2399/1173/2351
f 2403/1177/2355 2400/1174/2352 2401/1175/2353
f 2402/1176/2354 2400/1174/2352 2403/1177/2355
f 2401/1175/2353 2404/1178/2356 2403/1177/2355
f 2405/1179/2357 2399/1173/2351 2402/1176/2354
f 2399/1173/2351 2405/1179/2357 2396/1170/2348
f 2406/1180/2358 2403/1177/2355 2404/1178/2356
f 2404/1178/2356 2407/1181/2359 2406/1180/2358
f 2403/1177/2355 2408/1182/2360 2402/1176/2354
f 2409/1183/2361 2406/1180/2358 2407/1181/2359
f 2407/1181/2359 2410/1184/2362 2409/1183/2361
f 2403/1177/2355 2406/1180/2358 2411/1185/2363
f 2411/1185/2363 2408/1182/2360 2403/1177/2355
f 2406/1180/2358 2409/1183/2361 2412/1186/2364
f 2412/1186/2364 2411/1185/2363 2406/1180/2358
f 2413/1187/2365 2409/1183/2361 2410/1184/2362
f 2410/1184/2362 2414/1188/2366 2413/1187/2365
f 2415/1189/2367 2412/1186/2364 2409/1183/2361
f 2409/1183/2361 2413/1187/2365 2415/1189/2367
f 2416/1190/2368 2413/1187/2365 2414/1188/2366
f 2414/1188/2366 2417/1191/2369 2416/1190/2368
f 2413/1187/2365 2416/1190/2368 2418/1192/2370
f 2418/1192/2370 2415/1189/2367 2413/1187/2365
f 2419/1193/2371 2416/1190/2368 2417/1191/2369
f 2418/1192/2370 2416/1190/2368 2419/1193/2371
f 2417/1191/2369 2420/1194/2372 2419/1193/2371
f 2421/1195/2373 2419/1193/2371 2420/1194/2372
f 2420/1194/2372 2422/1196/2374 2421/1195/2373
f 2419/1193/2371 2423/1197/2375 2418/1192/2370
f 2423/1197/2375 2419/1193/2371 2421/1195/2373
f 2424/1198/2376 2421/1195/2373 2422/1196/2374
f 2422/1196/2374 2425/1199/2377 2424/1198/2376
f 2421/1195/2373 2426/1200/2378 2423/1197/2375
f 2426/1200/2378 2421/1195/2373 2424/1198/2376
f 2418/1192/2370 2423/1197/2375 2427/1201/2379
f 2423/1197/2375 2426/1200/2378 2428/1202/2380
f 2428/1202/2380 2427/1201/2379 2423/1197/2375
f 2424/1198/2376 2429/1203/2381 2426/1200/2378
f 2427/1201/2379 2430/1204/2382 2418/1192/2370
f 2415/1189/2367 2418/1192/2370 2430/1204/2382
f 2431/1205/2383 2424/1198/2376 2425/1199/2377
f 2429/1203/2381 2424/1198/2376 2431/1205/2383
f 2425/1199/2377 2432/1206/2384 2431/1205/2383
f 2431/1205/2383 2432/1206/2384 2433/1207/2385
f 2426/1200/2378 2429/1203/2381 2434/1208/2386
f 2434/1208/2386 2428/1202/2380 2426/1200/2378
f 2429/1203/2381 2431/1205/2383 2435/1209/2387
f 2435/1209/2387 2434/1208/2386 2429/1203/2381
f 2433/1207/2385 2436/1210/2388 2431/1205/2383
f 2436/1210/2388 2433/1207/2385 2437/1211/2389
f 2438/1212/2390 2435/1209/2387 2431/1205/2383
f 2431/1205/2383 2436/1210/2388 2438/1212/2390
f 2437/1211/2389 2439/1213/2391 2436/1210/2388
f 2438/1212/2390 2436/1210/2388 2439/1213/2391
f 2439/1213/2391 2437/1211/2389 2440/1214/2392
f 2440/1214/2392 2441/1215/2393 2439/1213/2391
f 2441/1215/2393 2440/1214/2392 2442/1216/2394
f 2439/1213/2391 2443/1217/2395 2438/1212/2390
f 2443/1217/2395 2439/1213/2391 2441/1215/2393
f 2435/1209/2387 2438/1212/2390 2444/1218/2396
f 2444/1218/2396 2438/1212/2390 2443/1217/2395
f 2434/1208/2386 2435/1209/2387 2445/1219/2397
f 2444/1218/2396 2445/1219/2397 2435/1209/2387
f 2445/1219/2397 2446/1220/2398 2434/1208/2386
f 2447/1221/2399 2445/1219/2397 2444/1218/2396
f 2446/1220/2398 2445/1219/2397 2447/1221/2399
f 2434/1208/2386 2446/1220/2398 2448/1222/2400
f 2448/1222/2400 2428/1202/2380 2434/1208/2386
f 2447/1221/2399 2449/1223/2401 2446/1220/2398
f 2448/1222/2400 2446/1220/2398 2449/1223/2401
f 2428/1202/2380 2448/1222/2400 2450/1224/2402
f 2450/1224/2402 2427/1201/2379 2428/1202/2380
f 2449/1223/2401 2451/1225/2403 2448/1222/2400
f 2450/1224/2402 2448/1222/2400 2451/1225/2403
f 2449/1223/2401 2447/1221/2399 2452/1226/2404
f 2452/1226/2404 2447/1221/2399 2444/1218/2396
f 2451/1225/2403 2449/1223/2401 2453/1227/2405
f 2452/1226/2404 2453/1227/2405 2449/1223/2401
f 2451/1225/2403 2454/1228/2406 2450/1224/2402
f 2427/1201/2379 2450/1224/2402 2455/1229/2407
f 2455/1229/2407 2450/1224/2402 2454/1228/2406
f 2455/1229/2407 2430/1204/2382 2427/1201/2379
f 2454/1228/2406 2451/1225/2403 2456/1230/2408
f 2453/1227/2405 2456/1230/2408 2451/1225/2403
f 2454/1228/2406 2457/1231/2409 2455/1229/2407
f 2456/1230/2408 2458/1232/2410 2454/1228/2406
f 2457/1231/2409 2454/1228/2406 2458/1232/2410
f 2456/1230/2408 2453/1227/2405 2459/1233/2411
f 2458/1232/2410 2456/1230/2408 2293/1067/2250
f 2459/1233/2411 2293/1067/2250 2456/1230/2408
f 2293/1067/2250 2292/1066/2249 2458/1232/2410
f 2295/1069/2252 2458/1232/2410 2292/1066/2249
f 2458/1232/2410 2295/1069/2252 2457/1231/2409
f 2293/1067/2250 2459/1233/2411 2291/1065/2248
f 2460/1234/2412 2457/1231/2409 2295/1069/2252
f 2455/1229/2407 2457/1231/2409 2460/1234/2412
f 2295/1069/2252 2297/1071/2254 2460/1234/2412
f 2301/1075/2258 2460/1234/2412 2297/1071/2254
f 2460/1234/2412 2461/1235/2413 2455/1229/2407
f 2461/1235/2413 2460/1234/2412 2301/1075/2258
f 2430/1204/2382 2455/1229/2407 2461/1235/2413
f 2461/1235/2413 2462/1236/2414 2430/1204/2382
f 2430/1204/2382 2462/1236/2414 2415/1189/2367
f 2412/1186/2364 2415/1189/2367 2462/1236/2414
f 2462/1236/2414 2461/1235/2413 2463/1237/2415
f 2301/1075/2258 2463/1237/2415 2461/1235/2413
f 2462/1236/2414 2464/1238/2416 2412/1186/2364
f 2463/1237/2415 2464/1238/2416 2462/1236/2414
f 2411/1185/2363 2412/1186/2364 2464/1238/2416
f 2463/1237/2415 2301/1075/2258 2465/1239/2417
f 2464/1238/2416 2466/1240/2418 2411/1185/2363
f 2464/1238/2416 2463/1237/2415 2467/1241/2419
f 2467/1241/2419 2466/1240/2418 2464/1238/2416
f 2465/1239/2417 2467/1241/2419 2463/1237/2415
f 2411/1185/2363 2466/1240/2418 2468/1242/2420
f 2468/1242/2420 2408/1182/2360 2411/1185/2363
f 2466/1240/2418 2467/1241/2419 2469/1243/2421
f 2469/1243/2421 2468/1242/2420 2466/1240/2418
f 2408/1182/2360 2468/1242/2420 2470/1244/2422
f 2470/1244/2422 2402/1176/2354 2408/1182/2360
f 2402/1176/2354 2470/1244/2422 2405/1179/2357
f 2471/1245/2423 2470/1244/2422 2468/1242/2420
f 2405/1179/2357 2470/1244/2422 2471/1245/2423
f 2468/1242/2420 2469/1243/2421 2471/1245/2423
f 2471/1245/2423 2472/1246/2424 2405/1179/2357
f 2396/1170/2348 2405/1179/2357 2472/1246/2424
f 2473/1247/2425 2469/1243/2421 2467/1241/2419
f 2467/1241/2419 2465/1239/2417 2473/1247/2425
f 2472/1246/2424 2474/1248/2426 2396/1170/2348
f 2373/1147/2325 2396/1170/2348 2474/1248/2426
f 2474/1248/2426 2357/1131/2309 2373/1147/2325
f 2357/1131/2309 2474/1248/2426 2345/1119/2297
f 2474/1248/2426 2472/1246/2424 2475/1249/2427
f 2475/1249/2427 2345/1119/2297 2474/1248/2426
f 2475/1249/2427 2472/1246/2424 2471/1245/2423
f 2345/1119/2297 2475/1249/2427 2330/1104/2282
f 2471/1245/2423 2476/1250/2428 2475/1249/2427
f 2330/1104/2282 2475/1249/2427 2476/1250/2428
f 2476/1250/2428 2471/1245/2423 2469/1243/2421
f 2469/1243/2421 2473/1247/2425 2476/1250/2428
f 2476/1250/2428 2332/1106/2284 2330/1104/2282
f 2334/1108/2286 2332/1106/2284 2476/1250/2428
f 2476/1250/2428 2473/1247/2425 2334/1108/2286
f 2334/1108/2286 2473/1247/2425 2465/1239/2417
f 2465/1239/2417 2477/1251/2429 2334/1108/2286
f 2477/1251/2429 2465/1239/2417 2301/1075/2258
f 2314/1088/2268 2334/1108/2286 2477/1251/2429
f 2477/1251/2429 2301/1075/2258 2298/1072/2255
f 2477/1251/2429 2308/1082/2263 2314/1088/2268
f 2298/1072/2255 2300/1074/2257 2477/1251/2429
f 2308/1082/2263 2477/1251/2429 2300/1074/2257
f 2478/1252/2430 2459/1233/2411 2453/1227/2405
f 2453/1227/2405 2452/1226/2404 2478/1252/2430
f 2459/1233/2411 2478/1252/2430 2479/1253/2431
f 2479/1253/2431 2291/1065/2248 2459/1233/2411
f 2291/1065/2248 2479/1253/2431 2289/1063/2246
f 2480/1254/2432 2478/1252/2430 2452/1226/2404
f 2479/1253/2431 2478/1252/2430 2480/1254/2432
f 2289/1063/2246 2479/1253/2431 2481/1255/2433
f 2480/1254/2432 2481/1255/2433 2479/1253/2431
f 2452/1226/2404 2482/1256/2434 2480/1254/2432
f 2444/1218/2396 2482/1256/2434 2452/1226/2404
f 2481/1255/2433 2480/1254/2432 2483/1257/2435
f 2483/1257/2435 2480/1254/2432 2482/1256/2434
f 2481/1255/2433 2484/1258/2436 2289/1063/2246
f 2290/1064/2247 2289/1063/2246 2484/1258/2436
f 2484/1258/2436 2485/1259/2437 2290/1064/2247
f 2484/1258/2436 2481/1255/2433 2486/1260/2438
f 2483/1257/2435 2486/1260/2438 2481/1255/2433
f 2485/1259/2437 2484/1258/2436 2487/1261/2439
f 2486/1260/2438 2487/1261/2439 2484/1258/2436
f 2487/1261/2439 2488/1262/2440 2485/1259/2437
f 2487/1261/2439 2486/1260/2438 2489/1263/2441
f 2486/1260/2438 2483/1257/2435 2489/1263/2441
f 2488/1262/2440 2487/1261/2439 2490/1264/2442
f 2489/1263/2441 2490/1264/2442 2487/1261/2439
f 2490/1264/2442 2491/1265/2443 2488/1262/2440
f 2491/1265/2443 2490/1264/2442 2492/1266/2444
f 2492/1266/2444 2493/1267/2445 2491/1265/2443
f 2494/1268/2446 2492/1266/2444 2490/1264/2442
f 2490/1264/2442 2489/1263/2441 2494/1268/2446
f 2493/1267/2445 2492/1266/2444 2495/1269/2447
f 2495/1269/2447 2492/1266/2444 2494/1268/2446
f 2495/1269/2447 2496/1270/2448 2493/1267/2445
f 2497/1271/2449 2494/1268/2446 2489/1263/2441
f 2496/1270/2448 2495/1269/2447 2498/1272/2450
f 2498/1272/2450 2499/1273/2451 2496/1270/2448
f 2494/1268/2446 2500/1274/2452 2495/1269/2447
f 2498/1272/2450 2495/1269/2447 2500/1274/2452
f 2500/1274/2452 2494/1268/2446 2497/1271/2449
f 2499/1273/2451 2498/1272/2450 2501/1275/2453
f 2500/1274/2452 2502/1276/2454 2498/1272/2450
f 2498/1272/2450 2502/1276/2454 2501/1275/2453
f 2502/1276/2454 2500/1274/2452 2503/1277/2455
f 2497/1271/2449 2503/1277/2455 2500/1274/2452
f 2502/1276/2454 2504/1278/2456 2501/1275/2453
f 2503/1277/2455 2504/1278/2456 2502/1276/2454
f 2504/1278/2456 2505/1279/2457 2501/1275/2453
f 2505/1279/2457 2504/1278/2456 2503/1277/2455
f 2489/1263/2441 2506/1280/2458 2497/1271/2449
f 2506/1280/2458 2489/1263/2441 2483/1257/2435
f 2503/1277/2455 2497/1271/2449 2507/1281/2459
f 2507/1281/2459 2497/1271/2449 2506/1280/2458
f 2503/1277/2455 2508/1282/2460 2505/1279/2457
f 2507/1281/2459 2508/1282/2460 2503/1277/2455
f 2483/1257/2435 2509/1283/2461 2506/1280/2458
f 2482/1256/2434 2509/1283/2461 2483/1257/2435
f 2506/1280/2458 2510/1284/2462 2507/1281/2459
f 2510/1284/2462 2506/1280/2458 2509/1283/2461
f 2511/1285/2463 2509/1283/2461 2482/1256/2434
f 2509/1283/2461 2511/1285/2463 2510/1284/2462
f 2482/1256/2434 2444/1218/2396 2511/1285/2463
f 2443/1217/2395 2511/1285/2463 2444/1218/2396
f 2511/1285/2463 2443/1217/2395 2512/1286/2464
f 2512/1286/2464 2510/1284/2462 2511/1285/2463
f 2441/1215/2393 2512/1286/2464 2443/1217/2395
f 2513/1287/2465 2507/1281/2459 2510/1284/2462
f 2510/1284/2462 2512/1286/2464 2513/1287/2465
f 2508/1282/2460 2507/1281/2459 2513/1287/2465
f 2512/1286/2464 2441/1215/2393 2514/1288/2466
f 2514/1288/2466 2513/1287/2465 2512/1286/2464
f 2442/1216/2394 2514/1288/2466 2441/1215/2393
f 2513/1287/2465 2515/1289/2467 2508/1282/2460
f 2515/1289/2467 2513/1287/2465 2514/1288/2466
f 2505/1279/2457 2508/1282/2460 2515/1289/2467
f 2516/1290/2468 2514/1288/2466 2442/1216/2394
f 2514/1288/2466 2516/1290/2468 2515/1289/2467
f 2442/1216/2394 2517/1291/2469 2516/1290/2468
f 2515/1289/2467 2518/1292/2470 2505/1279/2457
f 2518/1292/2470 2515/1289/2467 2516/1290/2468
f 2505/1279/2457 2518/1292/2470 2501/1275/2453
f 2519/1293/2471 2516/1290/2468 2517/1291/2469
f 2516/1290/2468 2519/1293/2471 2518/1292/2470
f 2518/1292/2470 2519/1293/2471 2501/1275/2453
f 2517/1291/2469 2520/1294/2472 2519/1293/2471
f 2519/1293/2471 2520/1294/2472 2501/1275/2453
f 2521/1020/2473 2522/1019/2202 2523/1018/2201
f 2524/1021/2204 2522/1019/2202 2521/1020/2473
f 2523/1018/2201 2525/1022/2474 2521/1020/2473
f 2525/1022/2474 2523/1018/2201 2526/1023/2475
f 2527/1024/2476 2521/1020/2473 2525/1022/2474
f 2524/1021/2204 2521/1020/2473 2527/1024/2476
f 2526/1023/2475 2528/1025/2477 2525/1022/2474
f 2528/1025/2477 2526/1023/2475 2529/1026/2209
f 2530/1027/2478 2525/1022/2474 2528/1025/2477
f 2525/1022/2474 2530/1027/2478 2527/1024/2476
f 2529/1026/2209 2531/1028/2479 2528/1025/2477
f 2531/1028/2479 2529/1026/2209 2532/1029/2480
f 2528/1025/2477 2533/1030/2481 2530/1027/2478
f 2533/1030/2481 2528/1025/2477 2531/1028/2479
f 2532/1029/2480 2534/1031/2482 2531/1028/2479
f 2534/1031/2482 2532/1029/2480 2535/1032/2483
f 2531/1028/2479 2536/1033/2484 2533/1030/2481
f 2536/1033/2484 2531/1028/2479 2534/1031/2482
f 2537/1034/2485 2530/1027/2478 2533/1030/2481
f 2535/1032/2483 2538/1035/2486 2534/1031/2482
f 2530/1027/2478 2537/1034/2485 2539/1037/2487
f 2527/1024/2476 2530/1027/2478 2539/1037/2487
f 2540/1042/2488 2538/1035/2486 2535/1032/2483
f 2535/1032/2483 2541/1043/2226 2540/1042/2488
f 2540/1042/2488 2541/1043/2226 2542/1044/2489
f 2534/1031/2482 2538/1035/2486 2543/1040/2490
f 2543/1040/2490 2538/1035/2486 2540/1042/2488
f 2543/1040/2490 2544/1039/2491 2534/1031/2482
f 2534/1031/2482 2544/1039/2491 2536/1033/2484
f 2545/1041/2492 2544/1039/2491 2543/1040/2490
f 2536/1033/2484 2544/1039/2491 2545/1041/2492
f 2540/1042/2488 2546/1045/2493 2543/1040/2490
f 2542/1044/2489 2547/1046/2494 2540/1042/2488
f 2546/1045/2493 2540/1042/2488 2547/1046/2494
f 2548/1047/2495 2547/1046/2494 2542/1044/2489
f 2542/1044/2489 2549/1048/2496 2548/1047/2495
f 2548/1047/2495 2549/1048/2496 2550/1049/2232
f 2551/1076/2497 2543/1040/2490 2546/1045/2493
f 2543/1040/2490 2551/1076/2497 2545/1041/2492
f 2550/1049/2232 2552/1050/2498 2548/1047/2495
f 2552/1050/2498 2550/1049/2232 2553/1051/2234
f 2547/1046/2494 2548/1047/2495 2554/1052/2499
f 2554/1052/2499 2548/1047/2495 2552/1050/2498
f 2547/1046/2494 2555/1056/2500 2546/1045/2493
f 2554/1052/2499 2555/1056/2500 2547/1046/2494
f 2553/1051/2234 2556/1053/2501 2552/1050/2498
f 2556/1053/2501 2553/1051/2234 2557/1054/2237
f 2552/1050/2498 2558/1055/2502 2554/1052/2499
f 2558/1055/2502 2552/1050/2498 2556/1053/2501
f 2557/1054/2237 2559/1057/2503 2556/1053/2501
f 2559/1057/2503 2557/1054/2237 2560/1058/2504
f 2556/1053/2501 2561/1059/2505 2558/1055/2502
f 2561/1059/2505 2556/1053/2501 2559/1057/2503
f 2562/1068/2506 2554/1052/2499 2558/1055/2502
f 2563/1062/2507 2558/1055/2502 2561/1059/2505
f 2558/1055/2502 2563/1062/2507 2562/1068/2506
f 2559/1057/2503 2564/1061/2508 2561/1059/2505
f 2554/1052/2499 2562/1068/2506 2565/1070/2509
f 2565/1070/2509 2555/1056/2500 2554/1052/2499
f 2564/1061/2508 2559/1057/2503 2566/1060/2510
f 2560/1058/2504 2566/1060/2510 2559/1057/2503
f 2555/1056/2500 2565/1070/2509 2567/1073/2511
f 2567/1073/2511 2546/1045/2493 2555/1056/2500
f 2546/1045/2493 2567/1073/2511 2551/1076/2497
f 2568/1063/2512 2566/1060/2510 2560/1058/2504
f 2560/1058/2504 2569/1064/2513 2568/1063/2512
f 2566/1060/2510 2570/1065/2514 2564/1061/2508
f 2570/1065/2514 2566/1060/2510 2568/1063/2512
f 2571/1258/2515 2568/1063/2512 2569/1064/2513
f 2569/1064/2513 2572/1259/2516 2571/1258/2515
f 2568/1063/2512 2573/1253/2517 2570/1065/2514
f 2574/1261/2518 2571/1258/2515 2572/1259/2516
f 2572/1259/2516 2575/1262/2519 2574/1261/2518
f 2568/1063/2512 2571/1258/2515 2576/1255/2520
f 2576/1255/2520 2573/1253/2517 2568/1063/2512
f 2571/1258/2515 2574/1261/2518 2577/1260/2521
f 2577/1260/2521 2576/1255/2520 2571/1258/2515
f 2578/1264/2522 2574/1261/2518 2575/1262/2519
f 2575/1262/2519 2579/1265/2523 2578/1264/2522
f 2580/1263/2524 2577/1260/2521 2574/1261/2518
f 2574/1261/2518 2578/1264/2522 2580/1263/2524
f 2576/1255/2520 2577/1260/2521 2581/1257/2525
f 2577/1260/2521 2580/1263/2524 2581/1257/2525
f 2582/1266/2526 2578/1264/2522 2579/1265/2523
f 2579/1265/2523 2583/1267/2445 2582/1266/2526
f 2578/1264/2522 2582/1266/2526 2584/1268/2527
f 2584/1268/2527 2580/1263/2524 2578/1264/2522
f 2585/1269/2528 2582/1266/2526 2583/1267/2445
f 2584/1268/2527 2582/1266/2526 2585/1269/2528
f 2583/1267/2445 2586/1270/2529 2585/1269/2528
f 2580/1263/2524 2584/1268/2527 2587/1271/2530
f 2588/1272/2531 2585/1269/2528 2586/1270/2529
f 2586/1270/2529 2589/1273/2532 2588/1272/2531
f 2585/1269/2528 2590/1274/2533 2584/1268/2527
f 2590/1274/2533 2585/1269/2528 2588/1272/2531
f 2587/1271/2530 2584/1268/2527 2590/1274/2533
f 2589/1273/2532 2591/1275/2534 2588/1272/2531
f 2588/1272/2531 2592/1276/2535 2590/1274/2533
f 2588/1272/2531 2591/1275/2534 2592/1276/2535
f 2593/1277/2536 2590/1274/2533 2592/1276/2535
f 2590/1274/2533 2593/1277/2536 2587/1271/2530
f 2592/1276/2535 2591/1275/2534 2594/1278/2537
f 2592/1276/2535 2594/1278/2537 2593/1277/2536
f 2594/1278/2537 2591/1275/2534 2595/1279/2538
f 2593/1277/2536 2594/1278/2537 2595/1279/2538
f 2587/1271/2530 2596/1280/2539 2580/1263/2524
f 2581/1257/2525 2580/1263/2524 2596/1280/2539
f 2597/1281/2540 2587/1271/2530 2593/1277/2536
f 2596/1280/2539 2587/1271/2530 2597/1281/2540
f 2595/1279/2538 2598/1282/2541 2593/1277/2536
f 2593/1277/2536 2598/1282/2541 2597/1281/2540
f 2595/1279/2538 2591/1275/2534 2599/1292/2542
f 2600/1289/2543 2598/1282/2541 2595/1279/2538
f 2595/1279/2538 2599/1292/2542 2600/1289/2543
f 2601/1287/2544 2597/1281/2540 2598/1282/2541
f 2598/1282/2541 2600/1289/2543 2601/1287/2544
f 2599/1292/2542 2591/1275/2534 2602/1293/2545
f 2602/1293/2545 2591/1275/2534 2603/1294/2546
f 2602/1293/2545 2603/1294/2546 2604/1291/2547
f 2599/1292/2542 2602/1293/2545 2605/1290/2548
f 2604/1291/2547 2605/1290/2548 2602/1293/2545
f 2605/1290/2548 2600/1289/2543 2599/1292/2542
f 2605/1290/2548 2604/1291/2547 2606/1216/2549
f 2600/1289/2543 2605/1290/2548 2607/1288/2550
f 2606/1216/2549 2607/1288/2550 2605/1290/2548
f 2607/1288/2550 2601/1287/2544 2600/1289/2543
f 2608/1215/2551 2607/1288/2550 2606/1216/2549
f 2606/1216/2549 2609/1214/2552 2608/1215/2551
f 2610/1286/2553 2601/1287/2544 2607/1288/2550
f 2607/1288/2550 2608/1215/2551 2610/1286/2553
f 2611/1284/2554 2597/1281/2540 2601/1287/2544
f 2601/1287/2544 2610/1286/2553 2611/1284/2554
f 2597/1281/2540 2611/1284/2554 2596/1280/2539
f 2612/1213/2555 2608/1215/2551 2609/1214/2552
f 2609/1214/2552 2613/1211/2556 2612/1213/2555
f 2614/1283/2557 2596/1280/2539 2611/1284/2554
f 2596/1280/2539 2614/1283/2557 2581/1257/2525
f 2611/1284/2554 2615/1285/2558 2614/1283/2557
f 2615/1285/2558 2611/1284/2554 2610/1286/2553
f 2581/1257/2525 2614/1283/2557 2616/1256/2559
f 2616/1256/2559 2614/1283/2557 2615/1285/2558
f 2617/1217/2560 2610/1286/2553 2608/1215/2551
f 2610/1286/2553 2617/1217/2560 2615/1285/2558
f 2608/1215/2551 2612/1213/2555 2617/1217/2560
f 2618/1218/2561 2615/1285/2558 2617/1217/2560
f 2615/1285/2558 2618/1218/2561 2616/1256/2559
f 2619/1212/2562 2617/1217/2560 2612/1213/2555
f 2617/1217/2560 2619/1212/2562 2618/1218/2561
f 2620/1210/2563 2612/1213/2555 2613/1211/2556
f 2612/1213/2555 2620/1210/2563 2619/1212/2562
f 2613/1211/2556 2621/1207/2564 2620/1210/2563
f 2622/1205/2565 2620/1210/2563 2621/1207/2564
f 2619/1212/2562 2620/1210/2563 2622/1205/2565
f 2621/1207/2564 2623/1206/2384 2622/1205/2565
f 2622/1205/2565 2623/1206/2384 2624/1199/2566
f 2622/1205/2565 2625/1209/2567 2619/1212/2562
f 2618/1218/2561 2619/1212/2562 2625/1209/2567
f 2624/1199/2566 2626/1198/2568 2622/1205/2565
f 2626/1198/2568 2624/1199/2566 2627/1196/2569
f 2625/1209/2567 2622/1205/2565 2628/1203/2570
f 2628/1203/2570 2622/1205/2565 2626/1198/2568
f 2627/1196/2569 2629/1195/2571 2626/1198/2568
f 2629/1195/2571 2627/1196/2569 2630/1194/2572
f 2631/1200/2573 2628/1203/2570 2626/1198/2568
f 2626/1198/2568 2629/1195/2571 2631/1200/2573
f 2628/1203/2570 2632/1208/2574 2625/1209/2567
f 2632/1208/2574 2628/1203/2570 2631/1200/2573
f 2630/1194/2572 2633/1193/2575 2629/1195/2571
f 2633/1193/2575 2630/1194/2572 2634/1191/2576
f 2635/1197/2577 2631/1200/2573 2629/1195/2571
f 2629/1195/2571 2633/1193/2575 2635/1197/2577
f 2634/1191/2576 2636/1190/2578 2633/1193/2575
f 2636/1190/2578 2634/1191/2576 2637/1188/2366
f 2633/1193/2575 2636/1190/2578 2638/1192/2579
f 2638/1192/2579 2635/1197/2577 2633/1193/2575
f 2637/1188/2366 2639/1187/2580 2636/1190/2578
f 2638/1192/2579 2636/1190/2578 2639/1187/2580
f 2639/1187/2580 2637/1188/2366 2640/1184/2581
f 2641/1202/2582 2631/1200/2573 2635/1197/2577
f 2631/1200/2573 2641/1202/2582 2632/1208/2574
f 2640/1184/2581 2642/1183/2583 2639/1187/2580
f 2642/1183/2583 2640/1184/2581 2643/1181/2584
f 2644/1189/2585 2639/1187/2580 2642/1183/2583
f 2639/1187/2580 2644/1189/2585 2638/1192/2579
f 2643/1181/2584 2645/1180/2586 2642/1183/2583
f 2645/1180/2586 2643/1181/2584 2646/1178/2587
f 2642/1183/2583 2647/1186/2588 2644/1189/2585
f 2647/1186/2588 2642/1183/2583 2645/1180/2586
f 2646/1178/2587 2648/1177/2589 2645/1180/2586
f 2648/1177/2589 2646/1178/2587 2649/1175/2590
f 2645/1180/2586 2650/1185/2591 2647/1186/2588
f 2650/1185/2591 2645/1180/2586 2648/1177/2589
f 2651/1236/2592 2644/1189/2585 2647/1186/2588
f 2649/1175/2590 2652/1174/2593 2648/1177/2589
f 2652/1174/2593 2649/1175/2590 2653/1172/2350
f 2644/1189/2585 2651/1236/2592 2654/1204/2594
f 2654/1204/2594 2638/1192/2579 2644/1189/2585
f 2653/1172/2350 2655/1171/2595 2652/1174/2593
f 2655/1171/2595 2653/1172/2350 2656/1169/2347
f 2638/1192/2579 2654/1204/2594 2657/1201/2596
f 2657/1201/2596 2635/1197/2577 2638/1192/2579
f 2635/1197/2577 2657/1201/2596 2641/1202/2582
f 2656/1169/2347 2658/1168/2597 2655/1171/2595
f 2658/1168/2597 2656/1169/2347 2659/1166/2344
f 2652/1174/2593 2655/1171/2595 2660/1173/2598
f 2660/1173/2598 2655/1171/2595 2658/1168/2597
f 2659/1166/2344 2661/1165/2599 2658/1168/2597
f 2661/1165/2599 2659/1166/2344 2662/1163/2341
f 2658/1168/2597 2663/1167/2600 2660/1173/2598
f 2663/1167/2600 2658/1168/2597 2661/1165/2599
f 2662/1163/2341 2664/1162/2601 2661/1165/2599
f 2524/1021/2204 2664/1162/2601 2662/1163/2341
f 2661/1165/2599 2665/1164/2602 2663/1167/2600
f 2665/1164/2602 2661/1165/2599 2664/1162/2601
f 2664/1162/2601 2666/1145/2603 2665/1164/2602
f 2524/1021/2204 2666/1145/2603 2664/1162/2601
f 2663/1167/2600 2665/1164/2602 2667/1147/2604
f 2665/1164/2602 2666/1145/2603 2667/1147/2604
f 2660/1173/2598 2663/1167/2600 2668/1170/2605
f 2667/1147/2604 2668/1170/2605 2663/1167/2600
f 2660/1173/2598 2669/1176/2606 2652/1174/2593
f 2648/1177/2589 2652/1174/2593 2669/1176/2606
f 2668/1170/2605 2670/1179/2607 2660/1173/2598
f 2669/1176/2606 2660/1173/2598 2670/1179/2607
f 2669/1176/2606 2671/1182/2608 2648/1177/2589
f 2648/1177/2589 2671/1182/2608 2650/1185/2591
f 2671/1182/2608 2669/1176/2606 2672/1244/2609
f 2670/1179/2607 2672/1244/2609 2669/1176/2606
f 2672/1244/2609 2673/1242/2610 2671/1182/2608
f 2650/1185/2591 2671/1182/2608 2673/1242/2610
f 2674/1245/2611 2672/1244/2609 2670/1179/2607
f 2673/1242/2610 2672/1244/2609 2674/1245/2611
f 2675/1246/2612 2670/1179/2607 2668/1170/2605
f 2670/1179/2607 2675/1246/2612 2674/1245/2611
f 2668/1170/2605 2676/1248/2613 2675/1246/2612
f 2676/1248/2613 2668/1170/2605 2667/1147/2604
f 2674/1245/2611 2675/1246/2612 2677/1249/2614
f 2677/1249/2614 2675/1246/2612 2676/1248/2613
f 2674/1245/2611 2678/1243/2615 2673/1242/2610
f 2677/1249/2614 2679/1250/2616 2674/1245/2611
f 2678/1243/2615 2674/1245/2611 2679/1250/2616
f 2673/1242/2610 2680/1240/2617 2650/1185/2591
f 2680/1240/2617 2673/1242/2610 2678/1243/2615
f 2650/1185/2591 2680/1240/2617 2681/1238/2618
f 2681/1238/2618 2647/1186/2588 2650/1185/2591
f 2647/1186/2588 2681/1238/2618 2651/1236/2592
f 2678/1243/2615 2682/1241/2619 2680/1240/2617
f 2681/1238/2618 2680/1240/2617 2682/1241/2619
f 2682/1241/2619 2678/1243/2615 2683/1247/2620
f 2679/1250/2616 2683/1247/2620 2678/1243/2615
f 2682/1241/2619 2684/1237/2621 2681/1238/2618
f 2651/1236/2592 2681/1238/2618 2684/1237/2621
f 2683/1247/2620 2685/1239/2622 2682/1241/2619
f 2684/1237/2621 2682/1241/2619 2685/1239/2622
f 2684/1237/2621 2686/1235/2623 2651/1236/2592
f 2654/1204/2594 2651/1236/2592 2686/1235/2623
f 2685/1239/2622 2687/1075/2624 2684/1237/2621
f 2686/1235/2623 2684/1237/2621 2687/1075/2624
f 2685/1239/2622 2683/1247/2620 2688/1108/2625
f 2688/1108/2625 2683/1247/2620 2679/1250/2616
f 2686/1235/2623 2689/1229/2626 2654/1204/2594
f 2657/1201/2596 2654/1204/2594 2689/1229/2626
f 2688/1108/2625 2690/1251/2627 2685/1239/2622
f 2690/1251/2627 2687/1075/2624 2685/1239/2622
f 2689/1229/2626 2691/1224/2628 2657/1201/2596
f 2641/1202/2582 2657/1201/2596 2691/1224/2628
f 2689/1229/2626 2686/1235/2623 2692/1234/2629
f 2687/1075/2624 2692/1234/2629 2686/1235/2623
f 2691/1224/2628 2693/1222/2630 2641/1202/2582
f 2632/1208/2574 2641/1202/2582 2693/1222/2630
f 2694/1228/2631 2691/1224/2628 2689/1229/2626
f 2693/1222/2630 2695/1220/2632 2632/1208/2574
f 2689/1229/2626 2696/1231/2633 2694/1228/2631
f 2692/1234/2629 2696/1231/2633 2689/1229/2626
f 2697/1225/2634 2693/1222/2630 2691/1224/2628
f 2691/1224/2628 2694/1228/2631 2697/1225/2634
f 2698/1223/2635 2695/1220/2632 2693/1222/2630
f 2693/1222/2630 2697/1225/2634 2698/1223/2635
f 2632/1208/2574 2695/1220/2632 2699/1219/2636
f 2699/1219/2636 2625/1209/2567 2632/1208/2574
f 2625/1209/2567 2699/1219/2636 2618/1218/2561
f 2700/1221/2637 2699/1219/2636 2695/1220/2632
f 2700/1221/2637 2618/1218/2561 2699/1219/2636
f 2695/1220/2632 2698/1223/2635 2700/1221/2637
f 2618/1218/2561 2700/1221/2637 2701/1226/2638
f 2701/1226/2638 2700/1221/2637 2698/1223/2635
f 2701/1226/2638 2616/1256/2559 2618/1218/2561
f 2702/1227/2639 2698/1223/2635 2697/1225/2634
f 2698/1223/2635 2702/1227/2639 2701/1226/2638
f 2703/1254/2640 2616/1256/2559 2701/1226/2638
f 2616/1256/2559 2703/1254/2640 2581/1257/2525
f 2581/1257/2525 2703/1254/2640 2576/1255/2520
f 2573/1253/2517 2576/1255/2520 2703/1254/2640
f 2701/1226/2638 2704/1252/2641 2703/1254/2640
f 2703/1254/2640 2704/1252/2641 2573/1253/2517
f 2704/1252/2641 2701/1226/2638 2702/1227/2639
f 2573/1253/2517 2704/1252/2641 2705/1233/2642
f 2702/1227/2639 2705/1233/2642 2704/1252/2641
f 2705/1233/2642 2570/1065/2514 2573/1253/2517
f 2697/1225/2634 2706/1230/2643 2702/1227/2639
f 2705/1233/2642 2702/1227/2639 2706/1230/2643
f 2706/1230/2643 2697/1225/2634 2694/1228/2631
f 2570/1065/2514 2705/1233/2642 2707/1067/2644
f 2706/1230/2643 2707/1067/2644 2705/1233/2642
f 2707/1067/2644 2564/1061/2508 2570/1065/2514
f 2694/1228/2631 2708/1232/2645 2706/1230/2643
f 2707/1067/2644 2706/1230/2643 2708/1232/2645
f 2708/1232/2645 2694/1228/2631 2696/1231/2633
f 2564/1061/2508 2707/1067/2644 2709/1066/2646
f 2708/1232/2645 2709/1066/2646 2707/1067/2644
f 2709/1066/2646 2561/1059/2505 2564/1061/2508
f 2561/1059/2505 2709/1066/2646 2563/1062/2507
f 2696/1231/2633 2710/1069/2647 2708/1232/2645
f 2709/1066/2646 2708/1232/2645 2710/1069/2647
f 2710/1069/2647 2563/1062/2507 2709/1066/2646
f 2710/1069/2647 2696/1231/2633 2692/1234/2629
f 2563/1062/2507 2710/1069/2647 2711/1071/2648
f 2692/1234/2629 2711/1071/2648 2710/1069/2647
f 2711/1071/2648 2562/1068/2506 2563/1062/2507
f 2711/1071/2648 2692/1234/2629 2687/1075/2624
f 2562/1068/2506 2711/1071/2648 2712/1072/2649
f 2687/1075/2624 2712/1072/2649 2711/1071/2648
f 2712/1072/2649 2565/1070/2509 2562/1068/2506
f 2712/1072/2649 2687/1075/2624 2690/1251/2627
f 2565/1070/2509 2712/1072/2649 2713/1074/2650
f 2690/1251/2627 2713/1074/2650 2712/1072/2649
f 2713/1074/2650 2567/1073/2511 2565/1070/2509
f 2713/1074/2650 2690/1251/2627 2714/1082/2651
f 2567/1073/2511 2713/1074/2650 2715/1079/2652
f 2714/1082/2651 2715/1079/2652 2713/1074/2650
f 2715/1079/2652 2716/1077/2653 2567/1073/2511
f 2551/1076/2497 2567/1073/2511 2716/1077/2653
f 2717/1081/1060 2715/1079/2652 2714/1082/2651
f 2716/1077/2653 2715/1079/2652 2717/1081/1060
f 2714/1082/2651 2718/1083/2654 2717/1081/1060
f 2717/1081/1060 2719/1080/2655 2716/1077/2653
f 2720/1084/2656 2718/1083/2654 2714/1082/2651
f 2716/1077/2653 2721/1078/2657 2551/1076/2497
f 2716/1077/2653 2719/1080/2655 2721/1078/2657
f 2545/1041/2492 2551/1076/2497 2721/1078/2657
f 2714/1082/2651 2722/1088/2658 2720/1084/2656
f 2722/1088/2658 2714/1082/2651 2690/1251/2627
f 2723/1089/2659 2720/1084/2656 2722/1088/2658
f 2690/1251/2627 2688/1108/2625 2722/1088/2658
f 2724/1085/2660 2721/1078/2657 2719/1080/2655
f 2721/1078/2657 2724/1085/2660 2545/1041/2492
f 2719/1080/2655 2725/1086/2661 2724/1085/2660
f 2724/1085/2660 2725/1086/2661 2726/1087/2662
f 2722/1088/2658 2688/1108/2625 2727/1106/2663
f 2679/1250/2616 2727/1106/2663 2688/1108/2625
f 2727/1106/2663 2728/1105/2664 2722/1088/2658
f 2722/1088/2658 2728/1105/2664 2723/1089/2659
f 2729/1104/2665 2727/1106/2663 2679/1250/2616
f 2728/1105/2664 2727/1106/2663 2729/1104/2665
f 2679/1250/2616 2677/1249/2614 2729/1104/2665
f 2723/1089/2659 2728/1105/2664 2730/1103/2666
f 2729/1104/2665 2730/1103/2666 2728/1105/2664
f 2730/1103/2666 2731/1100/1072 2723/1089/2659
f 2731/1100/1072 2730/1103/2666 2732/1099/2667
f 2732/1099/2667 2730/1103/2666 2729/1104/2665
f 2732/1099/2667 2733/1096/2668 2731/1100/1072
f 2729/1104/2665 2677/1249/2614 2734/1119/2669
f 2676/1248/2613 2734/1119/2669 2677/1249/2614
f 2733/1096/2668 2732/1099/2667 2735/1095/2670
f 2735/1095/2670 2736/1091/2671 2733/1096/2668
f 2729/1104/2665 2737/1101/2672 2732/1099/2667
f 2735/1095/2670 2732/1099/2667 2737/1101/2672
f 2734/1119/2669 2738/1107/2673 2729/1104/2665
f 2737/1101/2672 2729/1104/2665 2738/1107/2673
f 2734/1119/2669 2676/1248/2613 2739/1131/2674
f 2667/1147/2604 2739/1131/2674 2676/1248/2613
f 2738/1107/2673 2734/1119/2669 2740/1116/2675
f 2739/1131/2674 2740/1116/2675 2734/1119/2669
f 2739/1131/2674 2667/1147/2604 2741/1137/2676
f 2741/1137/2676 2667/1147/2604 2666/1145/2603
f 2740/1116/2675 2739/1131/2674 2742/1128/2677
f 2739/1131/2674 2741/1137/2676 2743/1132/2678
f 2743/1132/2678 2742/1128/2677 2739/1131/2674
f 2666/1145/2603 2744/1140/2679 2741/1137/2676
f 2745/1135/2680 2743/1132/2678 2741/1137/2676
f 2741/1137/2676 2744/1140/2679 2745/1135/2680
f 2744/1140/2679 2666/1145/2603 2746/1143/2681
f 2666/1145/2603 2524/1021/2204 2746/1143/2681
f 2747/1139/2682 2745/1135/2680 2744/1140/2679
f 2744/1140/2679 2746/1143/2681 2747/1139/2682
f 2743/1132/2678 2745/1135/2680 2748/1133/2683
f 2745/1135/2680 2747/1139/2682 2749/1136/2684
f 2749/1136/2684 2748/1133/2683 2745/1135/2680
f 2750/1142/2685 2747/1139/2682 2746/1143/2681
f 2751/1138/2686 2749/1136/2684 2747/1139/2682
f 2747/1139/2682 2750/1142/2685 2751/1138/2686
f 2748/1133/2683 2749/1136/2684 2752/1134/2687
f 2752/1134/2687 2749/1136/2684 2751/1138/2686
f 2748/1133/2683 2753/1129/2688 2743/1132/2678
f 2742/1128/2677 2743/1132/2678 2753/1129/2688
f 2752/1134/2687 2754/1130/2689 2748/1133/2683
f 2753/1129/2688 2748/1133/2683 2754/1130/2689
f 2755/1141/2690 2752/1134/2687 2751/1138/2686
f 2753/1129/2688 2756/1125/2691 2742/1128/2677
f 2751/1138/2686 2757/1144/2692 2755/1141/2690
f 2757/1144/2692 2751/1138/2686 2750/1142/2685
f 2758/1126/2693 2756/1125/2691 2753/1129/2688
f 2754/1130/2689 2758/1126/2693 2753/1129/2688
f 2759/1117/2694 2742/1128/2677 2756/1125/2691
f 2742/1128/2677 2759/1117/2694 2740/1116/2675
f 2760/1121/2695 2756/1125/2691 2758/1126/2693
f 2756/1125/2691 2760/1121/2695 2759/1117/2694
f 2761/1113/2696 2740/1116/2675 2759/1117/2694
f 2740/1116/2675 2761/1113/2696 2738/1107/2673
f 2759/1117/2694 2762/1115/2697 2761/1113/2696
f 2762/1115/2697 2759/1117/2694 2760/1121/2695
f 2738/1107/2673 2761/1113/2696 2763/1110/2698
f 2763/1110/2698 2761/1113/2696 2762/1115/2697
f 2763/1110/2698 2764/1102/2699 2738/1107/2673
f 2738/1107/2673 2764/1102/2699 2737/1101/2672
f 2762/1115/2697 2765/1112/2700 2763/1110/2698
f 2766/1098/2701 2737/1101/2672 2764/1102/2699
f 2737/1101/2672 2766/1098/2701 2735/1095/2670
f 2764/1102/2699 2763/1110/2698 2767/1109/2702
f 2767/1109/2702 2763/1110/2698 2765/1112/2700
f 2766/1098/2701 2764/1102/2699 2768/1097/2703
f 2767/1109/2702 2768/1097/2703 2764/1102/2699
f 2735/1095/2670 2766/1098/2701 2769/1094/2704
f 2768/1097/2703 2769/1094/2704 2766/1098/2701
f 2769/1094/2704 2770/1090/2705 2735/1095/2670
f 2736/1091/2671 2735/1095/2670 2770/1090/2705
f 2726/1087/2662 2736/1091/2671 2770/1090/2705
f 2726/1087/2662 2770/1090/2705 2724/1085/2660
f 2724/1085/2660 2770/1090/2705 2771/1092/2706
f 2771/1092/2706 2770/1090/2705 2769/1094/2704
f 2771/1092/2706 2545/1041/2492 2724/1085/2660
f 2771/1092/2706 2772/1093/2707 2545/1041/2492
f 2769/1094/2704 2772/1093/2707 2771/1092/2706
f 2545/1041/2492 2772/1093/2707 2536/1033/2484
f 2769/1094/2704 2773/1036/2708 2772/1093/2707
f 2536/1033/2484 2772/1093/2707 2773/1036/2708
f 2769/1094/2704 2768/1097/2703 2773/1036/2708
f 2773/1036/2708 2533/1030/2481 2536/1033/2484
f 2533/1030/2481 2773/1036/2708 2537/1034/2485
f 2774/1038/2709 2773/1036/2708 2768/1097/2703
f 2774/1038/2709 2537/1034/2485 2773/1036/2708
f 2768/1097/2703 2767/1109/2702 2774/1038/2709
f 2537/1034/2485 2774/1038/2709 2539/1037/2487
f 2774/1038/2709 2767/1109/2702 2775/1111/2710
f 2765/1112/2700 2775/1111/2710 2767/1109/2702
f 2539/1037/2487 2774/1038/2709 2776/1114/2711
f 2775/1111/2710 2776/1114/2711 2774/1038/2709
f 2775/1111/2710 2765/1112/2700 2777/1120/2712
f 2776/1114/2711 2775/1111/2710 2778/1122/2713
f 2777/1120/2712 2778/1122/2713 2775/1111/2710
f 2779/1118/2714 2777/1120/2712 2765/1112/2700
f 2765/1112/2700 2762/1115/2697 2779/1118/2714
f 2760/1121/2695 2779/1118/2714 2762/1115/2697
f 2780/1123/2715 2777/1120/2712 2779/1118/2714
f 2778/1122/2713 2777/1120/2712 2780/1123/2715
f 2779/1118/2714 2760/1121/2695 2781/1124/2716
f 2781/1124/2716 2780/1123/2715 2779/1118/2714
f 2758/1126/2693 2781/1124/2716 2760/1121/2695
f 2780/1123/2715 2782/1161/2717 2778/1122/2713
f 2783/1127/2718 2781/1124/2716 2758/1126/2693
f 2783/1127/2718 2780/1123/2715 2781/1124/2716
f 2783/1127/2718 2782/1161/2717 2780/1123/2715
f 2758/1126/2693 2754/1130/2689 2783/1127/2718
f 2754/1130/2689 2752/1134/2687 2783/1127/2718
f 2752/1134/2687 2755/1141/2690 2783/1127/2718
f 2784/1160/2719 2778/1122/2713 2782/1161/2717
f 2778/1122/2713 2784/1160/2719 2776/1114/2711
f 2783/1127/2718 2785/1156/2720 2782/1161/2717
f 2782/1161/2717 2785/1156/2720 2784/1160/2719
f 2755/1141/2690 2786/1152/2721 2783/1127/2718
f 2786/1152/2721 2785/1156/2720 2783/1127/2718
f 2786/1152/2721 2755/1141/2690 2787/1150/2722
f 2755/1141/2690 2757/1144/2692 2787/1150/2722
f 2785/1156/2720 2786/1152/2721 2788/1153/2723
f 2787/1150/2722 2788/1153/2723 2786/1152/2721
f 2785/1156/2720 2789/1158/2724 2784/1160/2719
f 2788/1153/2723 2789/1158/2724 2785/1156/2720
f 2790/1159/2725 2776/1114/2711 2784/1160/2719
f 2784/1160/2719 2789/1158/2724 2790/1159/2725
f 2776/1114/2711 2790/1159/2725 2539/1037/2487
f 2789/1158/2724 2788/1153/2723 2791/1155/2726
f 2791/1155/2726 2790/1159/2725 2789/1158/2724
f 2792/1157/2727 2539/1037/2487 2790/1159/2725
f 2790/1159/2725 2791/1155/2726 2792/1157/2727
f 2792/1157/2727 2527/1024/2476 2539/1037/2487
f 2793/1151/2728 2791/1155/2726 2788/1153/2723
f 2788/1153/2723 2787/1150/2722 2793/1151/2728
f 2794/1154/2729 2792/1157/2727 2791/1155/2726
f 2527/1024/2476 2792/1157/2727 2794/1154/2729
f 2791/1155/2726 2793/1151/2728 2794/1154/2729
f 2524/1021/2204 2527/1024/2476 2794/1154/2729
f 2795/1149/2730 2794/1154/2729 2793/1151/2728
f 2524/1021/2204 2794/1154/2729 2795/1149/2730
f 2796/1148/2731 2793/1151/2728 2787/1150/2722
f 2793/1151/2728 2796/1148/2731 2795/1149/2730
f 2787/1150/2722 2757/1144/2692 2796/1148/2731
f 2750/1142/2685 2796/1148/2731 2757/1144/2692
f 2797/1146/2732 2524/1021/2204 2795/1149/2730
f 2797/1146/2732 2795/1149/2730 2796/1148/2731
f 2796/1148/2731 2750/1142/2685 2797/1146/2732
f 2746/1143/2681 2524/1021/2204 2797/1146/2732
f 2746/1143/2681 2797/1146/2732 2750/1142/2685
f 2798/597/2733 2799/596/2734 2800/594/2735
f 2799/596/2734 2798/597/2733 2801/598/2736
f 2800/594/2735 2799/596/2734 2802/593/2737
f 2803/588/2738 2800/594/2735 2802/593/2737
f 2801/598/2736 2804/600/2739 2799/596/2734
f 2802/593/2737 2799/596/2734 2804/600/2739
f 2804/600/2739 2801/598/2736 2805/601/2740
f 2802/593/2737 2806/591/2741 2803/588/2738
f 2805/601/2740 2807/604/2742 2804/600/2739
f 2807/604/2742 2805/601/2740 2808/605/2743
f 2804/600/2739 2809/599/2744 2802/593/2737
f 2806/591/2741 2802/593/2737 2809/599/2744
f 2803/588/2738 2806/591/2741 2810/587/2745
f 2810/587/2745 2811/582/2746 2803/588/2738
f 2806/591/2741 2809/599/2744 2812/595/2747
f 2810/587/2745 2806/591/2741 2812/595/2747
f 2809/599/2744 2813/602/2748 2812/595/2747
f 2813/602/2748 2810/587/2745 2812/595/2747
f 2814/603/2749 2813/602/2748 2809/599/2744
f 2810/587/2745 2813/602/2748 2814/603/2749
f 2809/599/2744 2804/600/2739 2814/603/2749
f 2811/582/2746 2810/587/2745 2815/581/2750
f 2815/581/2750 2816/578/2751 2811/582/2746
f 2814/603/2749 2817/589/2752 2810/587/2745
f 2815/581/2750 2810/587/2745 2817/589/2752
f 2818/1/2753 2814/603/2749 2804/600/2739
f 2817/589/2752 2814/603/2749 2818/1/2753
f 2804/600/2739 2807/604/2742 2818/1/2753
f 2816/578/2751 2815/581/2750 2819/577/2754
f 2819/577/2754 2820/574/2755 2816/578/2751
f 2817/589/2752 2821/586/2756 2815/581/2750
f 2819/577/2754 2815/581/2750 2821/586/2756
f 2818/1/2753 2822/606/2757 2817/589/2752
f 2822/606/2757 2821/586/2756 2817/589/2752
f 2820/574/2755 2819/577/2754 2823/572/2758
f 2823/572/2758 2824/573/2759 2820/574/2755
f 2825/570/2760 2824/573/2759 2823/572/2758
f 2822/606/2757 2818/1/2753 2826/2/8
f 2827/568/2761 2825/570/2760 2823/572/2758
f 2825/570/2760 2827/568/2761 2828/569/2762
f 2827/568/2761 2829/566/2763 2828/569/2762
f 2826/2/8 2830/608/2764 2822/606/2757
f 2831/3/2765 2830/608/2764 2826/2/8
f 2829/566/2763 2827/568/2761 2832/565/2766
f 2832/565/2766 2833/563/2767 2829/566/2763
f 2834/609/2768 2830/608/2764 2831/3/2765
f 2822/606/2757 2830/608/2764 2834/609/2768
f 2818/1/2753 2835/607/2769 2831/3/2765
f 2835/607/2769 2834/609/2768 2831/3/2765
f 2807/604/2742 2835/607/2769 2818/1/2753
f 2834/609/2768 2835/607/2769 2807/604/2742
f 2834/609/2768 2836/610/2770 2822/606/2757
f 2821/586/2756 2822/606/2757 2836/610/2770
f 2807/604/2742 2837/611/2771 2834/609/2768
f 2837/611/2771 2836/610/2770 2834/609/2768
f 2838/612/2772 2837/611/2771 2807/604/2742
f 2808/605/2743 2838/612/2772 2807/604/2742
f 2836/610/2770 2837/611/2771 2839/613/2773
f 2839/613/2773 2837/611/2771 2838/612/2772
f 2808/605/2743 2840/623/2774 2838/612/2772
f 2840/623/2774 2808/605/2743 2841/624/2775
f 2838/612/2772 2842/620/2776 2839/613/2773
f 2841/624/2775 2843/625/2777 2840/623/2774
f 2843/625/2777 2841/624/2775 2844/626/2778
f 2838/612/2772 2840/623/2774 2845/622/2779
f 2845/622/2779 2842/620/2776 2838/612/2772
f 2840/623/2774 2843/625/2777 2846/628/2780
f 2842/620/2776 2845/622/2779 2847/621/2781
f 2846/628/2780 2848/627/2782 2840/623/2774
f 2845/622/2779 2840/623/2774 2848/627/2782
f 2842/620/2776 2847/621/2781 2849/617/2783
f 2842/620/2776 2849/617/2783 2839/613/2773
f 2850/618/2784 2847/621/2781 2845/622/2779
f 2849/617/2783 2847/621/2781 2850/618/2784
f 2849/617/2783 2851/616/2785 2839/613/2773
f 2851/616/2785 2849/617/2783 2850/618/2784
f 2852/614/2786 2839/613/2773 2851/616/2785
f 2839/613/2773 2852/614/2786 2836/610/2770
f 2851/616/2785 2853/615/2787 2852/614/2786
f 2853/615/2787 2851/616/2785 2850/618/2784
f 2854/590/2788 2836/610/2770 2852/614/2786
f 2854/590/2788 2852/614/2786 2853/615/2787
f 2836/610/2770 2854/590/2788 2821/586/2756
f 2853/615/2787 2855/592/2789 2854/590/2788
f 2821/586/2756 2854/590/2788 2856/558/2790
f 2856/558/2790 2854/590/2788 2855/592/2789
f 2850/618/2784 2857/619/2791 2853/615/2787
f 2855/592/2789 2853/615/2787 2857/619/2791
f 2856/558/2790 2858/579/2792 2821/586/2756
f 2821/586/2756 2858/579/2792 2819/577/2754
f 2857/619/2791 2859/646/2793 2855/592/2789
f 2858/579/2792 2860/576/2794 2819/577/2754
f 2823/572/2758 2819/577/2754 2860/576/2794
f 2860/576/2794 2861/571/2795 2823/572/2758
f 2827/568/2761 2823/572/2758 2861/571/2795
f 2861/571/2795 2832/565/2766 2827/568/2761
f 2860/576/2794 2862/575/2796 2861/571/2795
f 2832/565/2766 2861/571/2795 2862/575/2796
f 2862/575/2796 2860/576/2794 2858/579/2792
f 2862/575/2796 2863/562/2797 2832/565/2766
f 2833/563/2767 2832/565/2766 2863/562/2797
f 2863/562/2797 2864/553/2798 2833/563/2767
f 2858/579/2792 2865/580/2799 2862/575/2796
f 2863/562/2797 2862/575/2796 2865/580/2799
f 2865/580/2799 2858/579/2792 2866/585/2800
f 2866/585/2800 2858/579/2792 2856/558/2790
f 2867/567/2801 2863/562/2797 2865/580/2799
f 2865/580/2799 2866/585/2800 2868/584/2802
f 2865/580/2799 2869/583/2803 2867/567/2801
f 2868/584/2802 2869/583/2803 2865/580/2799
f 2868/584/2802 2867/567/2801 2869/583/2803
f 2870/564/2804 2868/584/2802 2866/585/2800
f 2867/567/2801 2868/584/2802 2870/564/2804
f 2867/567/2801 2871/561/2805 2863/562/2797
f 2871/561/2805 2867/567/2801 2870/564/2804
f 2871/561/2805 2864/553/2798 2863/562/2797
f 2866/585/2800 2872/559/2806 2870/564/2804
f 2871/561/2805 2870/564/2804 2872/559/2806
f 2856/558/2790 2872/559/2806 2866/585/2800
f 2873/560/2807 2864/553/2798 2871/561/2805
f 2872/559/2806 2873/560/2807 2871/561/2805
f 2864/553/2798 2873/560/2807 2874/552/2808
f 2874/552/2808 2873/560/2807 2872/559/2806
f 2874/552/2808 2875/533/2809 2864/553/2798
f 2872/559/2806 2856/558/2790 2876/554/2810
f 2872/559/2806 2877/556/2811 2874/552/2808
f 2878/557/2812 2877/556/2811 2872/559/2806
f 2876/554/2810 2878/557/2812 2872/559/2806
f 2877/556/2811 2878/557/2812 2879/555/2813
f 2879/555/2813 2878/557/2812 2876/554/2810
f 2874/552/2808 2877/556/2811 2879/555/2813
f 2876/554/2810 2880/551/2814 2879/555/2813
f 2874/552/2808 2879/555/2813 2880/551/2814
f 2881/546/2815 2876/554/2810 2856/558/2790
f 2881/546/2815 2880/551/2814 2876/554/2810
f 2880/551/2814 2882/548/2816 2874/552/2808
f 2882/548/2816 2875/533/2809 2874/552/2808
f 2881/546/2815 2883/550/2817 2880/551/2814
f 2882/548/2816 2880/551/2814 2884/549/2818
f 2883/550/2817 2884/549/2818 2880/551/2814
f 2885/545/2819 2875/533/2809 2882/548/2816
f 2884/549/2818 2885/545/2819 2882/548/2816
f 2884/549/2818 2883/550/2817 2886/547/2820
f 2885/545/2819 2884/549/2818 2886/547/2820
f 2886/547/2820 2883/550/2817 2881/546/2815
f 2875/533/2809 2885/545/2819 2887/532/2821
f 2887/532/2821 2888/530/2822 2875/533/2809
f 2885/545/2819 2886/547/2820 2889/542/2823
f 2889/542/2823 2887/532/2821 2885/545/2819
f 2881/546/2815 2889/542/2823 2886/547/2820
f 2890/529/2824 2888/530/2822 2887/532/2821
f 2891/515/2825 2888/530/2822 2890/529/2824
f 2889/542/2823 2881/546/2815 2892/543/2826
f 2892/543/2826 2881/546/2815 2856/558/2790
f 2855/592/2789 2892/543/2826 2856/558/2790
f 2887/532/2821 2889/542/2823 2893/540/2827
f 2892/543/2826 2893/540/2827 2889/542/2823
f 2893/540/2827 2890/529/2824 2887/532/2821
f 2892/543/2826 2855/592/2789 2894/544/2828
f 2859/646/2793 2894/544/2828 2855/592/2789
f 2893/540/2827 2892/543/2826 2895/541/2829
f 2894/544/2828 2895/541/2829 2892/543/2826
f 2896/534/2830 2890/529/2824 2893/540/2827
f 2894/544/2828 2859/646/2793 2897/640/2831
f 2897/640/2831 2859/646/2793 2857/619/2791
f 2898/526/2832 2890/529/2824 2896/534/2830
f 2890/529/2824 2898/526/2832 2891/515/2825
f 2857/619/2791 2899/636/2833 2897/640/2831
f 2899/636/2833 2857/619/2791 2850/618/2784
f 2900/522/2834 2891/515/2825 2898/526/2832
f 2850/618/2784 2901/634/2835 2899/636/2833
f 2891/515/2825 2900/522/2834 2902/513/2836
f 2902/513/2836 2903/511/2837 2891/515/2825
f 2904/632/2838 2901/634/2835 2850/618/2784
f 2845/622/2779 2904/632/2838 2850/618/2784
f 2845/622/2779 2905/630/2839 2904/632/2838
f 2848/627/2782 2905/630/2839 2845/622/2779
f 2904/632/2838 2905/630/2839 2906/631/2840
f 2906/631/2840 2905/630/2839 2848/627/2782
f 2906/631/2840 2901/634/2835 2904/632/2838
f 2846/628/2780 2906/631/2840 2848/627/2782
f 2907/633/2841 2901/634/2835 2906/631/2840
f 2846/628/2780 2907/633/2841 2906/631/2840
f 2901/634/2835 2907/633/2841 2908/635/2842
f 2908/635/2842 2899/636/2833 2901/634/2835
f 2909/629/2843 2907/633/2841 2846/628/2780
f 2907/633/2841 2909/629/2843 2908/635/2842
f 2846/628/2780 2843/625/2777 2909/629/2843
f 2844/626/2778 2909/629/2843 2843/625/2777
f 2899/636/2833 2908/635/2842 2910/637/2844
f 2909/629/2843 2910/637/2844 2908/635/2842
f 2910/637/2844 2897/640/2831 2899/636/2833
f 2909/629/2843 2844/626/2778 2911/638/2845
f 2911/638/2845 2910/637/2844 2909/629/2843
f 2911/638/2845 2844/626/2778 2912/639/2846
f 2897/640/2831 2910/637/2844 2913/641/2847
f 2910/637/2844 2911/638/2845 2913/641/2847
f 2912/639/2846 2914/642/2848 2911/638/2845
f 2915/643/2849 2914/642/2848 2912/639/2846
f 2916/644/2850 2913/641/2847 2911/638/2845
f 2911/638/2845 2914/642/2848 2916/644/2850
f 2913/641/2847 2917/645/2851 2897/640/2831
f 2917/645/2851 2913/641/2847 2916/644/2850
f 2917/645/2851 2918/647/2852 2897/640/2831
f 2916/644/2850 2919/649/2853 2917/645/2851
f 2918/647/2852 2917/645/2851 2919/649/2853
f 2920/648/2854 2897/640/2831 2918/647/2852
f 2897/640/2831 2920/648/2854 2894/544/2828
f 2919/649/2853 2921/650/2855 2918/647/2852
f 2918/647/2852 2922/651/2856 2920/648/2854
f 2921/650/2855 2922/651/2856 2918/647/2852
f 2921/650/2855 2919/649/2853 2923/652/2857
f 2922/651/2856 2921/650/2855 2923/652/2857
f 2920/648/2854 2922/651/2856 2923/652/2857
f 2919/649/2853 2916/644/2850 2923/652/2857
f 2923/652/2857 2924/653/2858 2920/648/2854
f 2894/544/2828 2920/648/2854 2924/653/2858
f 2925/654/2859 2923/652/2857 2916/644/2850
f 2924/653/2858 2923/652/2857 2925/654/2859
f 2916/644/2850 2926/656/2860 2925/654/2859
f 2926/656/2860 2916/644/2850 2914/642/2848
f 2924/653/2858 2927/655/2861 2894/544/2828
f 2926/656/2860 2928/659/2862 2925/654/2859
f 2925/654/2859 2929/658/2863 2924/653/2858
f 2928/659/2862 2929/658/2863 2925/654/2859
f 2924/653/2858 2930/657/2864 2927/655/2861
f 2930/657/2864 2924/653/2858 2929/658/2863
f 2894/544/2828 2927/655/2861 2931/528/2865
f 2931/528/2865 2927/655/2861 2930/657/2864
f 2894/544/2828 2931/528/2865 2895/541/2829
f 2926/656/2860 2932/660/2866 2928/659/2862
f 2914/642/2848 2932/660/2866 2926/656/2860
f 2932/660/2866 2933/661/2867 2928/659/2862
f 2933/661/2867 2932/660/2866 2914/642/2848
f 2929/658/2863 2928/659/2862 2934/662/2868
f 2933/661/2867 2934/662/2868 2928/659/2862
f 2934/662/2868 2935/663/2869 2929/658/2863
f 2929/658/2863 2935/663/2869 2930/657/2864
f 2936/664/2870 2934/662/2868 2933/661/2867
f 2935/663/2869 2934/662/2868 2936/664/2870
f 2914/642/2848 2937/665/2871 2933/661/2867
f 2933/661/2867 2937/665/2871 2936/664/2870
f 2938/666/2872 2937/665/2871 2914/642/2848
f 2936/664/2870 2937/665/2871 2938/666/2872
f 2914/642/2848 2915/643/2849 2938/666/2872
f 2936/664/2870 2939/667/2873 2935/663/2869
f 2939/667/2873 2930/657/2864 2935/663/2869
f 2938/666/2872 2940/668/2874 2936/664/2870
f 2939/667/2873 2936/664/2870 2940/668/2874
f 2941/669/2875 2938/666/2872 2915/643/2849
f 2940/668/2874 2938/666/2872 2941/669/2875
f 2915/643/2849 2942/670/2876 2941/669/2875
f 2941/669/2875 2943/4/2877 2940/668/2874
f 2941/669/2875 2942/670/2876 2944/674/2878
f 2944/674/2878 2943/4/2877 2941/669/2875
f 2940/668/2874 2943/4/2877 2945/5/11
f 2943/4/2877 2944/674/2878 2946/6/2879
f 2945/5/11 2947/672/2880 2940/668/2874
f 2947/672/2880 2945/5/11 2946/6/2879
f 2940/668/2874 2947/672/2880 2939/667/2873
f 2948/676/2881 2944/674/2878 2942/670/2876
f 2942/670/2876 2949/677/2882 2948/676/2881
f 2939/667/2873 2947/672/2880 2950/671/2883
f 2950/671/2883 2930/657/2864 2939/667/2873
f 2946/6/2879 2951/673/2884 2947/672/2880
f 2950/671/2883 2947/672/2880 2951/673/2884
f 2944/674/2878 2952/675/2885 2946/6/2879
f 2951/673/2884 2946/6/2879 2952/675/2885
f 2948/676/2881 2952/675/2885 2944/674/2878
f 2951/673/2884 2953/501/2886 2950/671/2883
f 2952/675/2885 2953/501/2886 2951/673/2884
f 2930/657/2864 2950/671/2883 2954/506/2887
f 2954/506/2887 2950/671/2883 2953/501/2886
f 2954/506/2887 2955/519/2888 2930/657/2864
f 2930/657/2864 2955/519/2888 2931/528/2865
f 2953/501/2886 2956/504/2889 2954/506/2887
f 2955/519/2888 2954/506/2887 2957/517/2890
f 2958/505/2891 2954/506/2887 2956/504/2889
f 2957/517/2890 2954/506/2887 2958/505/2891
f 2957/517/2890 2959/516/2892 2955/519/2888
f 2956/504/2889 2960/502/2893 2958/505/2891
f 2958/505/2891 2961/508/2894 2957/517/2890
f 2957/517/2890 2961/508/2894 2959/516/2892
f 2962/503/2895 2958/505/2891 2960/502/2893
f 2961/508/2894 2958/505/2891 2962/503/2895
f 2963/498/2896 2960/502/2893 2956/504/2889
f 2953/501/2886 2963/498/2896 2956/504/2889
f 2960/502/2893 2964/499/2897 2962/503/2895
f 2963/498/2896 2964/499/2897 2960/502/2893
f 2962/503/2895 2965/509/2898 2961/508/2894
f 2966/487/2899 2963/498/2896 2953/501/2886
f 2967/507/2900 2965/509/2898 2962/503/2895
f 2968/512/2901 2961/508/2894 2965/509/2898
f 2965/509/2898 2967/507/2900 2968/512/2901
f 2969/514/2902 2961/508/2894 2968/512/2901
f 2959/516/2892 2961/508/2894 2969/514/2902
f 2967/507/2900 2970/510/2903 2968/512/2901
f 2968/512/2901 2970/510/2903 2969/514/2902
f 2962/503/2895 2971/496/2904 2967/507/2900
f 2971/496/2904 2962/503/2895 2964/499/2897
f 2967/507/2900 2972/497/2905 2970/510/2903
f 2972/497/2905 2967/507/2900 2971/496/2904
f 2970/510/2903 2972/497/2905 2903/511/2837
f 2903/511/2837 2902/513/2836 2970/510/2903
f 2969/514/2902 2970/510/2903 2902/513/2836
f 2971/496/2904 2973/466/2906 2972/497/2905
f 2969/514/2902 2902/513/2836 2974/518/2907
f 2959/516/2892 2969/514/2902 2974/518/2907
f 2974/518/2907 2902/513/2836 2975/521/2908
f 2902/513/2836 2900/522/2834 2975/521/2908
f 2959/516/2892 2974/518/2907 2976/520/2909
f 2975/521/2908 2976/520/2909 2974/518/2907
f 2976/520/2909 2955/519/2888 2959/516/2892
f 2931/528/2865 2955/519/2888 2976/520/2909
f 2977/523/2910 2975/521/2908 2900/522/2834
f 2975/521/2908 2977/523/2910 2976/520/2909
f 2900/522/2834 2978/525/2911 2977/523/2910
f 2977/523/2910 2979/524/2912 2976/520/2909
f 2978/525/2911 2979/524/2912 2977/523/2910
f 2976/520/2909 2979/524/2912 2931/528/2865
f 2978/525/2911 2900/522/2834 2898/526/2832
f 2979/524/2912 2978/525/2911 2980/527/2913
f 2980/527/2913 2931/528/2865 2979/524/2912
f 2978/525/2911 2898/526/2832 2980/527/2913
f 2931/528/2865 2980/527/2913 2981/537/2914
f 2981/537/2914 2895/541/2829 2931/528/2865
f 2895/541/2829 2981/537/2914 2893/540/2827
f 2982/531/2915 2980/527/2913 2898/526/2832
f 2981/537/2914 2980/527/2913 2982/531/2915
f 2898/526/2832 2983/535/2916 2982/531/2915
f 2896/534/2830 2983/535/2916 2898/526/2832
f 2982/531/2915 2984/538/2917 2981/537/2914
f 2893/540/2827 2981/537/2914 2984/538/2917
f 2982/531/2915 2983/535/2916 2985/536/2918
f 2984/538/2917 2982/531/2915 2985/536/2918
f 2983/535/2916 2896/534/2830 2985/536/2918
f 2984/538/2917 2986/539/2919 2893/540/2827
f 2893/540/2827 2986/539/2919 2896/534/2830
f 2984/538/2917 2985/536/2918 2986/539/2919
f 2896/534/2830 2986/539/2919 2985/536/2918
f 2987/468/2920 2973/466/2906 2971/496/2904
f 2973/466/2906 2987/468/2920 2988/465/2921
f 2988/465/2921 2989/463/2922 2973/466/2906
f 2990/494/2923 2987/468/2920 2971/496/2904
f 2989/463/2922 2988/465/2921 2991/462/2924
f 2991/462/2924 2992/458/2925 2989/463/2922
f 2971/496/2904 2993/500/2926 2990/494/2923
f 2964/499/2897 2993/500/2926 2971/496/2904
f 2990/494/2923 2993/500/2926 2964/499/2897
f 2992/458/2925 2991/462/2924 2994/457/2927
f 2994/457/2927 1702/442/1666 2992/458/2925
f 2964/499/2897 2995/493/2928 2990/494/2923
f 1702/442/1666 2994/457/2927 2996/455/2929
f 1702/442/1666 2996/455/2929 1701/441/1665
f 2997/495/2930 2995/493/2928 2964/499/2897
f 2964/499/2897 2963/498/2896 2997/495/2930
f 2998/488/2931 2997/495/2930 2963/498/2896
f 2995/493/2928 2997/495/2930 2998/488/2931
f 2963/498/2896 2966/487/2899 2998/488/2931
f 2990/494/2923 2995/493/2928 2999/492/2932
f 2995/493/2928 3000/491/2933 2999/492/2932
f 2998/488/2931 3000/491/2933 2995/493/2928
f 2990/494/2923 2999/492/2932 3001/490/2934
f 3000/491/2933 3001/490/2934 2999/492/2932
f 3001/490/2934 3000/491/2933 2998/488/2931
f 3001/490/2934 2987/468/2920 2990/494/2923
f 2987/468/2920 3001/490/2934 3002/473/2935
f 2998/488/2931 3002/473/2935 3001/490/2934
f 3002/473/2935 2988/465/2921 2987/468/2920
f 3003/486/2936 3002/473/2935 2998/488/2931
f 2998/488/2931 2966/487/2899 3003/486/2936
f 3004/470/2937 2988/465/2921 3002/473/2935
f 3004/470/2937 2991/462/2924 2988/465/2921
f 3005/474/2938 3004/470/2937 3002/473/2935
f 3003/486/2936 3005/474/2938 3002/473/2935
f 2991/462/2924 3004/470/2937 3006/472/2939
f 3006/472/2939 3004/470/2937 3005/474/2938
f 3005/474/2938 3003/486/2936 3007/476/2940
f 3005/474/2938 3007/476/2940 3006/472/2939
f 3008/483/2941 3003/486/2936 2966/487/2899
f 3007/476/2940 3003/486/2936 3008/483/2941
f 2991/462/2924 3006/472/2939 3009/467/2942
f 3006/472/2939 3007/476/2940 3010/475/2943
f 3010/475/2943 3009/467/2942 3006/472/2939
f 3009/467/2942 3011/464/2944 2991/462/2924
f 3011/464/2944 2994/457/2927 2991/462/2924
f 3009/467/2942 3010/475/2943 3012/477/2945
f 3011/464/2944 3009/467/2942 3013/469/2946
f 3012/477/2945 3013/469/2946 3009/467/2942
f 3014/478/2947 3010/475/2943 3007/476/2940
f 3010/475/2943 3014/478/2947 3012/477/2945
f 3007/476/2940 3015/481/2948 3014/478/2947
f 3008/483/2941 3015/481/2948 3007/476/2940
f 3014/478/2947 3016/479/2949 3012/477/2945
f 3016/479/2949 3014/478/2947 3015/481/2948
f 3017/471/2950 3013/469/2946 3012/477/2945
f 3012/477/2945 3016/479/2949 3017/471/2950
f 3015/481/2948 3018/480/2951 3016/479/2949
f 3018/480/2951 3017/471/2950 3016/479/2949
f 3018/480/2951 3015/481/2948 3008/483/2941
f 3013/469/2946 3017/471/2950 3019/461/2952
f 3019/461/2952 3017/471/2950 3018/480/2951
f 3019/461/2952 3011/464/2944 3013/469/2946
f 2994/457/2927 3011/464/2944 3019/461/2952
f 3020/484/2953 3018/480/2951 3008/483/2941
f 3019/461/2952 3021/459/2954 2994/457/2927
f 3022/482/2955 3018/480/2951 3020/484/2953
f 3018/480/2951 3022/482/2955 3019/461/2952
f 2994/457/2927 3021/459/2954 3023/456/2956
f 3023/456/2956 2996/455/2929 2994/457/2927
f 3024/460/2957 3021/459/2954 3019/461/2952
f 3025/453/2958 2996/455/2929 3023/456/2956
f 3025/453/2958 1701/441/1665 2996/455/2929
f 3026/454/2959 3023/456/2956 3021/459/2954
f 3026/454/2959 3025/453/2958 3023/456/2956
f 3024/460/2957 3026/454/2959 3021/459/2954
f 1701/441/1665 3025/453/2958 3027/451/2960
f 3025/453/2958 3026/454/2959 3027/451/2960
f 1713/444/1677 1701/441/1665 3027/451/2960
f 3028/450/2961 3027/451/2960 3026/454/2959
f 3027/451/2960 3028/450/2961 1713/444/1677
f 3026/454/2959 3024/460/2957 3028/450/2961
f 3019/461/2952 3029/452/2962 3024/460/2957
f 3028/450/2961 3024/460/2957 3029/452/2962
f 3019/461/2952 3022/482/2955 3029/452/2962
f 1713/444/1677 3028/450/2961 3030/446/2963
f 3029/452/2962 3030/446/2963 3028/450/2961
f 3029/452/2962 3022/482/2955 3030/446/2963
f 1712/443/1676 1713/444/1677 3030/446/2963
f 1718/448/1682 1712/443/1676 3030/446/2963
f 3031/485/2964 3030/446/2963 3022/482/2955
f 3030/446/2963 3031/485/2964 1718/448/1682
f 3022/482/2955 3032/700/2965 3031/485/2964
f 3020/484/2953 3032/700/2965 3022/482/2955
f 1718/448/1682 3031/485/2964 3033/715/2966
f 3032/700/2965 3020/484/2953 3034/698/2967
f 3033/715/2966 3035/724/2968 1718/448/1682
f 3034/698/2967 3036/701/2969 3032/700/2965
f 1718/448/1682 3035/724/2968 3037/728/2970
f 3037/728/2970 1717/447/1681 1718/448/1682
f 3038/699/2971 3036/701/2969 3034/698/2967
f 3039/736/2972 1717/447/1681 3037/728/2970
f 3036/701/2969 3038/699/2971 3040/702/2973
f 3040/702/2973 3032/700/2965 3036/701/2969
f 1717/447/1681 3039/736/2972 3041/738/2974
f 3041/738/2974 1720/449/1684 1717/447/1681
f 3042/703/2975 3032/700/2965 3040/702/2973
f 1720/449/1684 3041/738/2974 3043/740/2976
f 3044/741/2977 1720/449/1684 3043/740/2976
f 1720/449/1684 3044/741/2977 1721/742/1685
f 3041/738/2974 3045/739/2978 3043/740/2976
f 3044/741/2977 3043/740/2976 3045/739/2978
f 3045/739/2978 1721/742/1685 3044/741/2977
f 3045/739/2978 3041/738/2974 3039/736/2972
f 1721/742/1685 3045/739/2978 1730/743/1694
f 1730/743/1694 3045/739/2978 1737/737/1701
f 3045/739/2978 3039/736/2972 3046/734/2979
f 3046/734/2979 1737/737/1701 3045/739/2978
f 3037/728/2970 3046/734/2979 3039/736/2972
f 1737/737/1701 3046/734/2979 3047/735/2980
f 1735/726/1699 1737/737/1701 3047/735/2980
f 3046/734/2979 3037/728/2970 3048/732/2981
f 3049/725/2982 1735/726/1699 3047/735/2980
f 3047/735/2980 3046/734/2979 3050/733/2983
f 3048/732/2981 3050/733/2983 3046/734/2979
f 3047/735/2980 3050/733/2983 3049/725/2982
f 1735/726/1699 3049/725/2982 3051/705/2984
f 3052/729/2985 3048/732/2981 3037/728/2970
f 3037/728/2970 3035/724/2968 3052/729/2985
f 3050/733/2983 3048/732/2981 3053/731/2986
f 3053/731/2986 3048/732/2981 3052/729/2985
f 3054/730/2987 3050/733/2983 3053/731/2986
f 3049/725/2982 3050/733/2983 3054/730/2987
f 3052/729/2985 3055/727/2988 3053/731/2986
f 3055/727/2988 3054/730/2987 3053/731/2986
f 3049/725/2982 3054/730/2987 3055/727/2988
f 3055/727/2988 3052/729/2985 3035/724/2968
f 3055/727/2988 3056/720/2989 3049/725/2982
f 3035/724/2968 3056/720/2989 3055/727/2988
f 3051/705/2984 3049/725/2982 3056/720/2989
f 3057/722/2990 3056/720/2989 3035/724/2968
f 3056/720/2989 3058/717/2991 3051/705/2984
f 3035/724/2968 3059/723/2992 3057/722/2990
f 3060/718/2993 3058/717/2991 3056/720/2989
f 3056/720/2989 3057/722/2990 3060/718/2993
f 3061/719/2994 3059/723/2992 3035/724/2968
f 3035/724/2968 3033/715/2966 3061/719/2994
f 3057/722/2990 3059/723/2992 3062/721/2995
f 3059/723/2992 3061/719/2994 3062/721/2995
f 3060/718/2993 3057/722/2990 3062/721/2995
f 3062/721/2995 3061/719/2994 3063/716/2996
f 3063/716/2996 3060/718/2993 3062/721/2995
f 3063/716/2996 3061/719/2994 3033/715/2966
f 3058/717/2991 3060/718/2993 3064/714/2997
f 3064/714/2997 3060/718/2993 3063/716/2996
f 3051/705/2984 3058/717/2991 3064/714/2997
f 3033/715/2966 3065/713/2998 3063/716/2996
f 3063/716/2996 3065/713/2998 3064/714/2997
f 3065/713/2998 3033/715/2966 3031/485/2964
f 3051/705/2984 3064/714/2997 3066/704/2999
f 3066/704/2999 3064/714/2997 3065/713/2998
f 3066/704/2999 3067/697/3000 3051/705/2984
f 3031/485/2964 3068/712/3001 3065/713/2998
f 3065/713/2998 3068/712/3001 3066/704/2999
f 3068/712/3001 3031/485/2964 3069/706/3002
f 3069/706/3002 3031/485/2964 3032/700/2965
f 3069/706/3002 3032/700/2965 3042/703/2975
f 3068/712/3001 3069/706/3002 3070/709/3003
f 3069/706/3002 3042/703/2975 3071/707/3004
f 3071/707/3004 3070/709/3003 3069/706/3002
f 3070/709/3003 3072/711/3005 3068/712/3001
f 3070/709/3003 3071/707/3004 3073/710/3006
f 3072/711/3005 3070/709/3003 3073/710/3006
f 3071/707/3004 3074/708/3007 3073/710/3006
f 3074/708/3007 3072/711/3005 3073/710/3006
f 3068/712/3001 3072/711/3005 3074/708/3007
f 3074/708/3007 3071/707/3004 3042/703/2975
f 3074/708/3007 3066/704/2999 3068/712/3001
f 3042/703/2975 3066/704/2999 3074/708/3007
f 3075/695/3008 3066/704/2999 3042/703/2975
f 3067/697/3000 3066/704/2999 3075/695/3008
f 3042/703/2975 3040/702/2973 3075/695/3008
f 3075/695/3008 3076/696/3009 3067/697/3000
f 3038/699/2971 3075/695/3008 3040/702/2973
f 3077/679/3010 3076/696/3009 3075/695/3008
f 3075/695/3008 3038/699/2971 3078/694/3011
f 3038/699/2971 3034/698/2967 3078/694/3011
f 3075/695/3008 3079/693/3012 3077/679/3010
f 3078/694/3011 3079/693/3012 3075/695/3008
f 3080/691/3013 3078/694/3011 3034/698/2967
f 3034/698/2967 3020/484/2953 3080/691/3013
f 3079/693/3012 3078/694/3011 3081/692/3014
f 3078/694/3011 3080/691/3013 3081/692/3014
f 3077/679/3010 3079/693/3012 3082/689/3015
f 3081/692/3014 3082/689/3015 3079/693/3012
f 3083/678/3016 3077/679/3010 3082/689/3015
f 3077/679/3010 3083/678/3016 2949/677/2882
f 2949/677/2882 3083/678/3016 2948/676/2881
f 3081/692/3014 3084/690/3017 3082/689/3015
f 3082/689/3015 3084/690/3017 3085/687/3018
f 3085/687/3018 3083/678/3016 3082/689/3015
f 3086/688/3019 3084/690/3017 3081/692/3014
f 3086/688/3019 3085/687/3018 3084/690/3017
f 3081/692/3014 3080/691/3013 3086/688/3019
f 3087/686/3020 3085/687/3018 3086/688/3019
f 3083/678/3016 3085/687/3018 3087/686/3020
f 3080/691/3013 3088/684/3021 3086/688/3019
f 3086/688/3019 3088/684/3021 3087/686/3020
f 3088/684/3021 3080/691/3013 3020/484/2953
f 3083/678/3016 3087/686/3020 3089/685/3022
f 3087/686/3020 3088/684/3021 3089/685/3022
f 3089/685/3022 3090/683/3023 3083/678/3016
f 3090/683/3023 3089/685/3022 3088/684/3021
f 2948/676/2881 3083/678/3016 3090/683/3023
f 3020/484/2953 3091/489/3024 3088/684/3021
f 3020/484/2953 3008/483/2941 3091/489/3024
f 3091/489/3024 3008/483/2941 2966/487/2899
f 2953/501/2886 3091/489/3024 2966/487/2899
f 3091/489/3024 2953/501/2886 2952/675/2885
f 3092/682/3025 3088/684/3021 3091/489/3024
f 3088/684/3021 3092/682/3025 3090/683/3023
f 2952/675/2885 3093/681/3026 3091/489/3024
f 3091/489/3024 3093/681/3026 3092/682/3025
f 3093/681/3026 2952/675/2885 3094/680/3027
f 3094/680/3027 3092/682/3025 3093/681/3026
f 2952/675/2885 2948/676/2881 3094/680/3027
f 3090/683/3023 3092/682/3025 3094/680/3027
f 2948/676/2881 3090/683/3023 3094/680/3027
f 3095/1295/3028 3096/1296/3029 3097/1297/3030
f 3098/1298/3031 3096/1296/3029 3095/1295/3028
f 3097/1297/3030 3099/1299/3032 3095/1295/3028
f 3099/1299/3032 3097/1297/3030 3100/1300/3033
f 3095/1295/3028 3101/1301/3034 3098/1298/3031
f 3101/1301/3034 3095/1295/3028 3099/1299/3032
f 3100/1300/3033 3102/1302/3035 3099/1299/3032
f 3099/1299/3032 3102/1302/3035 3101/1301/3034
f 3102/1302/3035 3100/1300/3033 3103/1303/3036
f 3098/1298/3031 3101/1301/3034 3104/1304/3037
f 3104/1304/3037 3101/1301/3034 3102/1302/3035
f 3104/1304/3037 3105/1305/3038 3098/1298/3031
f 3103/1303/3036 3106/1306/3039 3102/1302/3035
f 3102/1302/3035 3106/1306/3039 3104/1304/3037
f 3106/1306/3039 3103/1303/3036 3105/1305/3038
f 3105/1305/3038 3104/1304/3037 3106/1306/3039
f 3107/1307/3040 3108/1308/3041 3109/1309/3042
f 3109/1309/3042 3108/1308/3041 3110/1310/3043
f 3109/1309/3042 3111/1311/3044 3107/1307/3040
f 3112/1312/3045 3107/1307/3040 3111/1311/3044
f 3110/1310/3043 3113/1313/3046 3109/1309/3042
f 3111/1311/3044 3109/1309/3042 3113/1313/3046
f 3111/1311/3044 3114/1314/3047 3112/1312/3045
f 3113/1313/3046 3114/1314/3047 3111/1311/3044
f 3112/1312/3045 3114/1314/3047 3115/1315/3048
f 3115/1315/3048 3114/1314/3047 3113/1313/3046
f 3115/1315/3048 3116/1316/3049 3112/1312/3045
f 3117/1317/3050 3116/1316/3049 3115/1315/3048
f 3118/1318/3051 3113/1313/3046 3110/1310/3043
f 3110/1310/3043 3117/1317/3050 3118/1318/3051
f 3113/1313/3046 3118/1318/3051 3115/1315/3048
f 3115/1315/3048 3118/1318/3051 3117/1317/3050
f 3119/1295/3052 3120/1296/3053 3121/1297/3054
f 3122/1298/3055 3120/1296/3053 3119/1295/3052
f 3121/1297/3054 3123/1299/3056 3119/1295/3052
f 3123/1299/3056 3121/1297/3054 3124/1300/3057
f 3119/1295/3052 3125/1301/3058 3122/1298/3055
f 3125/1301/3058 3119/1295/3052 3123/1299/3056
f 3124/1300/3057 3126/1302/3059 3123/1299/3056
f 3123/1299/3056 3126/1302/3059 3125/1301/3058
f 3126/1302/3059 3124/1300/3057 3127/1303/3060
f 3122/1298/3055 3125/1301/3058 3128/1304/3061
f 3128/1304/3061 3125/1301/3058 3126/1302/3059
f 3128/1304/3061 3129/1305/3062 3122/1298/3055
f 3127/1303/3060 3130/1306/3063 3126/1302/3059
f 3126/1302/3059 3130/1306/3063 3128/1304/3061
f 3130/1306/3063 3127/1303/3060 3129/1305/3062
f 3129/1305/3062 3128/1304/3061 3130/1306/3063
f 3131/1307/3064 3132/1308/3065 3133/1309/3066
f 3133/1309/3066 3132/1308/3065 3134/1310/3067
f 3133/1309/3066 3135/1311/3068 3131/1307/3064
f 3136/1312/3069 3131/1307/3064 3135/1311/3068
f 3134/1310/3067 3137/1313/3070 3133/1309/3066
f 3135/1311/3068 3133/1309/3066 3137/1313/3070
f 3135/1311/3068 3138/1314/3071 3136/1312/3069
f 3137/1313/3070 3138/1314/3071 3135/1311/3068
f 3136/1312/3069 3138/1314/3071 3139/1315/3072
f 3139/1315/3072 3138/1314/3071 3137/1313/3070
f 3139/1315/3072 3140/1316/3073 3136/1312/3069
f 3141/1317/3074 3140/1316/3073 3139/1315/3072
f 3142/1318/3075 3137/1313/3070 3134/1310/3067
f 3134/1310/3067 3141/1317/3074 3142/1318/3075
f 3137/1313/3070 3142/1318/3075 3139/1315/3072
f 3139/1315/3072 3142/1318/3075 3141/1317/3074
f 3143/1297/3076 3144/1296/3077 3145/1295/3078
f 3145/1295/3078 3144/1296/3077 3146/1298/3079
f 3145/1295/3078 3147/1299/3080 3143/1297/3076
f 3148/1300/3081 3143/1297/3076 3147/1299/3080
f 3146/1298/3079 3149/1301/3082 3145/1295/3078
f 3147/1299/3080 3145/1295/3078 3149/1301/3082
f 3147/1299/3080 3150/1302/3083 3148/1300/3081
f 3149/1301/3082 3150/1302/3083 3147/1299/3080
f 3151/1303/3084 3148/1300/3081 3150/1302/3083
f 3152/1304/3085 3149/1301/3082 3146/1298/3079
f 3150/1302/3083 3149/1301/3082 3152/1304/3085
f 3146/1298/3079 3153/1305/3086 3152/1304/3085
f 3150/1302/3083 3154/1306/3087 3151/1303/3084
f 3153/1305/3086 3151/1303/3084 3154/1306/3087
f 3152/1304/3085 3154/1306/3087 3150/1302/3083
f 3154/1306/3087 3152/1304/3085 3153/1305/3086
f 3155/1309/3088 3156/1308/3089 3157/1307/3090
f 3158/1310/3091 3156/1308/3089 3155/1309/3088
f 3157/1307/3090 3159/1311/3092 3155/1309/3088
f 3159/1311/3092 3157/1307/3090 3160/1312/3093
f 3155/1309/3088 3161/1313/3094 3158/1310/3091
f 3161/1313/3094 3155/1309/3088 3159/1311/3092
f 3160/1312/3093 3162/1314/3095 3159/1311/3092
f 3159/1311/3092 3162/1314/3095 3161/1313/3094
f 3163/1315/3096 3162/1314/3095 3160/1312/3093
f 3161/1313/3094 3162/1314/3095 3163/1315/3096
f 3160/1312/3093 3164/1316/3097 3163/1315/3096
f 3163/1315/3096 3164/1316/3097 3165/1317/3098
f 3158/1310/3091 3161/1313/3094 3166/1318/3099
f 3163/1315/3096 3166/1318/3099 3161/1313/3094
f 3166/1318/3099 3165/1317/3098 3158/1310/3091
f 3165/1317/3098 3166/1318/3099 3163/1315/3096
f 3167/1295/3100 3168/1296/3101 3169/1297/3102
f 3170/1298/3103 3168/1296/3101 3167/1295/3100
f 3169/1297/3102 3171/1299/3104 3167/1295/3100
f 3171/1299/3104 3169/1297/3102 3172/1300/3105
f 3167/1295/3100 3173/1301/3106 3170/1298/3103
f 3173/1301/3106 3167/1295/3100 3171/1299/3104
f 3172/1300/3105 3174/1302/3107 3171/1299/3104
f 3171/1299/3104 3174/1302/3107 3173/1301/3106
f 3174/1302/3107 3172/1300/3105 3175/1303/3108
f 3170/1298/3103 3173/1301/3106 3176/1304/3109
f 3176/1304/3109 3173/1301/3106 3174/1302/3107
f 3176/1304/3109 3177/1305/3110 3170/1298/3103
f 3175/1303/3108 3178/1306/3111 3174/1302/3107
f 3174/1302/3107 3178/1306/3111 3176/1304/3109
f 3178/1306/3111 3175/1303/3108 3177/1305/3110
f 3177/1305/3110 3176/1304/3109 3178/1306/3111
f 3179/1307/3112 3180/1308/3113 3181/1309/3114
f 3181/1309/3114 3180/1308/3113 3182/1310/3115
f 3181/1309/3114 3183/1311/3116 3179/1307/3112
f 3184/1312/3117 3179/1307/3112 3183/1311/3116
f 3182/1310/3115 3185/1313/3118 3181/1309/3114
f 3183/1311/3116 3181/1309/3114 3185/1313/3118
f 3183/1311/3116 3186/1314/3119 3184/1312/3117
f 3185/1313/3118 3186/1314/3119 3183/1311/3116
f 3184/1312/3117 3186/1314/3119 3187/1315/3120
f 3187/1315/3120 3186/1314/3119 3185/1313/3118
f 3187/1315/3120 3188/1316/3121 3184/1312/3117
f 3189/1317/3122 3188/1316/3121 3187/1315/3120
f 3190/1318/3123 3185/1313/3118 3182/1310/3115
f 3182/1310/3115 3189/1317/3122 3190/1318/3123
f 3185/1313/3118 3190/1318/3123 3187/1315/3120
f 3187/1315/3120 3190/1318/3123 3189/1317/3122
f 3191/1295/3124 3192/1296/3125 3193/1297/3126
f 3194/1298/3127 3192/1296/3125 3191/1295/3124
f 3193/1297/3126 3195/1299/3128 3191/1295/3124
f 3195/1299/3128 3193/1297/3126 3196/1300/3129
f 3191/1295/3124 3197/1301/3130 3194/1298/3127
f 3197/1301/3130 3191/1295/3124 3195/1299/3128
f 3196/1300/3129 3198/1302/3131 3195/1299/3128
f 3195/1299/3128 3198/1302/3131 3197/1301/3130
f 3198/1302/3131 3196/1300/3129 3199/1303/3132
f 3194/1298/3127 3197/1301/3130 3200/1304/3133
f 3200/1304/3133 3197/1301/3130 3198/1302/3131
f 3200/1304/3133 3201/1305/3134 3194/1298/3127
f 3199/1303/3132 3202/1306/3135 3198/1302/3131
f 3198/1302/3131 3202/1306/3135 3200/1304/3133
f 3202/1306/3135 3199/1303/3132 3201/1305/3134
f 3201/1305/3134 3200/1304/3133 3202/1306/3135
f 3203/1307/3136 3204/1308/3137 3205/1309/3138
f 3205/1309/3138 3204/1308/3137 3206/1310/3139
f 3205/1309/3138 3207/1311/3140 3203/1307/3136
f 3208/1312/3141 3203/1307/3136 3207/1311/3140
f 3206/1310/3139 3209/1313/3142 3205/1309/3138
f 3207/1311/3140 3205/1309/3138 3209/1313/3142
f 3207/1311/3140 3210/1314/3143 3208/1312/3141
f 3209/1313/3142 3210/1314/3143 3207/1311/3140
f 3208/1312/3141 3210/1314/3143 3211/1315/3144
f 3211/1315/3144 3210/1314/3143 3209/1313/3142
f 3211/1315/3144 3212/1316/3145 3208/1312/3141
f 3213/1317/3146 3212/1316/3145 3211/1315/3144
f 3214/1318/3147 3209/1313/3142 3206/1310/3139
f 3206/1310/3139 3213/1317/3146 3214/1318/3147
f 3209/1313/3142 3214/1318/3147 3211/1315/3144
f 3211/1315/3144 3214/1318/3147 3213/1317/3146
f 3215/1297/3148 3216/1296/3149 3217/1295/3150
f 3217/1295/3150 3216/1296/3149 3218/1298/3151
f 3217/1295/3150 3219/1299/3152 3215/1297/3148
f 3220/1300/3153 3215/1297/3148 3219/1299/3152
f 3218/1298/3151 3221/1301/3154 3217/1295/3150
f 3219/1299/3152 3217/1295/3150 3221/1301/3154
f 3219/1299/3152 3222/1302/3155 3220/1300/3153
f 3221/1301/3154 3222/1302/3155 3219/1299/3152
f 3223/1303/3156 3220/1300/3153 3222/1302/3155
f 3224/1304/3157 3221/1301/3154 3218/1298/3151
f 3222/1302/3155 3221/1301/3154 3224/1304/3157
f 3218/1298/3151 3225/1305/3158 3224/1304/3157
f 3222/1302/3155 3226/1306/3159 3223/1303/3156
f 3225/1305/3158 3223/1303/3156 3226/1306/3159
f 3224/1304/3157 3226/1306/3159 3222/1302/3155
f 3226/1306/3159 3224/1304/3157 3225/1305/3158
f 3227/1309/3160 3228/1308/3161 3229/1307/3162
f 3230/1310/3163 3228/1308/3161 3227/1309/3160
f 3229/1307/3162 3231/1311/3164 3227/1309/3160
f 3231/1311/3164 3229/1307/3162 3232/1312/3165
f 3227/1309/3160 3233/1313/3166 3230/1310/3163
f 3233/1313/3166 3227/1309/3160 3231/1311/3164
f 3232/1312/3165 3234/1314/3167 3231/1311/3164
f 3231/1311/3164 3234/1314/3167 3233/1313/3166
f 3235/1315/3168 3234/1314/3167 3232/1312/3165
f 3233/1313/3166 3234/1314/3167 3235/1315/3168
f 3232/1312/3165 3236/1316/3169 3235/1315/3168
f 3235/1315/3168 3236/1316/3169 3237/1317/3170
f 3230/1310/3163 3233/1313/3166 3238/1318/3171
f 3235/1315/3168 3238/1318/3171 3233/1313/3166
f 3238/1318/3171 3237/1317/3170 3230/1310/3163
f 3237/1317/3170 3238/1318/3171 3235/1315/3168
f 3239/1297/3172 3240/1296/3173 3241/1295/3174
f 3241/1295/3174 3240/1296/3173 3242/1298/3175
f 3241/1295/3174 3243/1299/3176 3239/1297/3172
f 3244/1300/3177 3239/1297/3172 3243/1299/3176
f 3242/1298/3175 3245/1301/3178 3241/1295/3174
f 3243/1299/3176 3241/1295/3174 3245/1301/3178
f 3243/1299/3176 3246/1302/3179 3244/1300/3177
f 3245/1301/3178 3246/1302/3179 3243/1299/3176
f 3247/1303/3180 3244/1300/3177 3246/1302/3179
f 3248/1304/3181 3245/1301/3178 3242/1298/3175
f 3246/1302/3179 3245/1301/3178 3248/1304/3181
f 3242/1298/3175 3249/1305/3182 3248/1304/3181
f 3246/1302/3179 3250/1306/3183 3247/1303/3180
f 3249/1305/3182 3247/1303/3180 3250/1306/3183
f 3248/1304/3181 3250/1306/3183 3246/1302/3179
f 3250/1306/3183 3248/1304/3181 3249/1305/3182
f 3251/1309/3184 3252/1308/3185 3253/1307/3186
f 3254/1310/3187 3252/1308/3185 3251/1309/3184
f 3253/1307/3186 3255/1311/3188 3251/1309/3184
f 3255/1311/3188 3253/1307/3186 3256/1312/3189
f 3251/1309/3184 3257/1313/3190 3254/1310/3187
f 3257/1313/3190 3251/1309/3184 3255/1311/3188
f 3256/1312/3189 3258/1314/3191 3255/1311/3188
f 3255/1311/3188 3258/1314/3191 3257/1313/3190
f 3259/1315/3192 3258/1314/3191 3256/1312/3189
f 3257/1313/3190 3258/1314/3191 3259/1315/3192
f 3256/1312/3189 3260/1316/3193 3259/1315/3192
f 3259/1315/3192 3260/1316/3193 3261/1317/3194
f 3254/1310/3187 3257/1313/3190 3262/1318/3195
f 3259/1315/3192 3262/1318/3195 3257/1313/3190
f 3262/1318/3195 3261/1317/3194 3254/1310/3187
f 3261/1317/3194 3262/1318/3195 3259/1315/3192
f 3263/1319/3196 3264/1320/3197 3265/1321/3198
f 3265/1321/3198 3264/1320/3197 3266/1322/3199
f 3265/1321/3198 3267/1323/3200 3263/1319/3196
f 3268/1324/3201 3263/1319/3196 3267/1323/3200
f 3267/1323/3200 3269/1325/3202 3268/1324/3201
f 3269/1325/3202 3267/1323/3200 3265/1321/3198
f 3270/1326/3203 3268/1324/3201 3269/1325/3202
f 3265/1321/3198 3271/1327/3204 3269/1325/3202
f 3269/1325/3202 3271/1327/3204 3270/1326/3203
f 3266/1322/3199 3272/1328/3205 3265/1321/3198
f 3271/1327/3204 3265/1321/3198 3272/1328/3205
f 3270/1326/3203 3271/1327/3204 3273/1329/3206
f 3272/1328/3205 3273/1329/3206 3271/1327/3204
f 3273/1329/3206 3274/1330/3207 3270/1326/3203
f 3275/1331/3208 3274/1330/3207 3273/1329/3206
f 3276/1332/3209 3272/1328/3205 3266/1322/3199
f 3273/1329/3206 3272/1328/3205 3276/1332/3209
f 3266/1322/3199 3277/1333/3210 3276/1332/3209
f 3273/1329/3206 3278/1334/3211 3275/1331/3208
f 3277/1333/3210 3275/1331/3208 3278/1334/3211
f 3276/1332/3209 3278/1334/3211 3273/1329/3206
f 3278/1334/3211 3276/1332/3209 3277/1333/3210
f 3279/1319/3212 3280/1320/3213 3281/1321/3214
f 3281/1321/3214 3280/1320/3213 3282/1322/3215
f 3281/1321/3214 3283/1323/3216 3279/1319/3212
f 3284/1324/3217 3279/1319/3212 3283/1323/3216
f 3283/1323/3216 3285/1325/3218 3284/1324/3217
f 3285/1325/3218 3283/1323/3216 3281/1321/3214
f 3286/1326/3219 3284/1324/3217 3285/1325/3218
f 3281/1321/3214 3287/1327/3220 3285/1325/3218
f 3285/1325/3218 3287/1327/3220 3286/1326/3219
f 3282/1322/3215 3288/1328/3221 3281/1321/3214
f 3287/1327/3220 3281/1321/3214 3288/1328/3221
f 3286/1326/3219 3287/1327/3220 3289/1329/3222
f 3288/1328/3221 3289/1329/3222 3287/1327/3220
f 3289/1329/3222 3290/1330/3223 3286/1326/3219
f 3291/1331/3224 3290/1330/3223 3289/1329/3222
f 3292/1332/3225 3288/1328/3221 3282/1322/3215
f 3289/1329/3222 3288/1328/3221 3292/1332/3225
f 3282/1322/3215 3293/1333/3226 3292/1332/3225
f 3289/1329/3222 3294/1334/3227 3291/1331/3224
f 3293/1333/3226 3291/1331/3224 3294/1334/3227
f 3292/1332/3225 3294/1334/3227 3289/1329/3222
f 3294/1334/3227 3292/1332/3225 3293/1333/3226
f 3295/1321/3228 3296/1320/3229 3297/1319/3230
f 3298/1322/3231 3296/1320/3229 3295/1321/3228
f 3297/1319/3230 3299/1323/3232 3295/1321/3228
f 3299/1323/3232 3297/1319/3230 3300/1324/3233
f 3300/1324/3233 3301/1325/3234 3299/1323/3232
f 3295/1321/3228 3299/1323/3232 3301/1325/3234
f 3301/1325/3234 3300/1324/3233 3302/1326/3235
f 3301/1325/3234 3303/1327/3236 3295/1321/3228
f 3302/1326/3235 3303/1327/3236 3301/1325/3234
f 3295/1321/3228 3304/1328/3237 3298/1322/3231
f 3304/1328/3237 3295/1321/3228 3303/1327/3236
f 3305/1329/3238 3303/1327/3236 3302/1326/3235
f 3303/1327/3236 3305/1329/3238 3304/1328/3237
f 3302/1326/3235 3306/1330/3239 3305/1329/3238
f 3305/1329/3238 3306/1330/3239 3307/1331/3240
f 3298/1322/3231 3304/1328/3237 3308/1332/3241
f 3308/1332/3241 3304/1328/3237 3305/1329/3238
f 3308/1332/3241 3309/1333/3242 3298/1322/3231
f 3307/1331/3240 3310/1334/3243 3305/1329/3238
f 3305/1329/3238 3310/1334/3243 3308/1332/3241
f 3310/1334/3243 3307/1331/3240 3309/1333/3242
f 3309/1333/3242 3308/1332/3241 3310/1334/3243
f 3311/1321/3244 3312/1320/3245 3313/1319/3246
f 3314/1322/3247 3312/1320/3245 3311/1321/3244
f 3313/1319/3246 3315/1323/3248 3311/1321/3244
f 3315/1323/3248 3313/1319/3246 3316/1324/3249
f 3316/1324/3249 3317/1325/3250 3315/1323/3248
f 3311/1321/3244 3315/1323/3248 3317/1325/3250
f 3317/1325/3250 3316/1324/3249 3318/1326/3251
f 3317/1325/3250 3319/1327/3252 3311/1321/3244
f 3318/1326/3251 3319/1327/3252 3317/1325/3250
f 3311/1321/3244 3320/1328/3253 3314/1322/3247
f 3320/1328/3253 3311/1321/3244 3319/1327/3252
f 3321/1329/3254 3319/1327/3252 3318/1326/3251
f 3319/1327/3252 3321/1329/3254 3320/1328/3253
f 3318/1326/3251 3322/1330/3255 3321/1329/3254
f 3321/1329/3254 3322/1330/3255 3323/1331/3256
f 3314/1322/3247 3320/1328/3253 3324/1332/3257
f 3324/1332/3257 3320/1328/3253 3321/1329/3254
f 3324/1332/3257 3325/1333/3258 3314/1322/3247
f 3323/1331/3256 3326/1334/3259 3321/1329/3254
f 3321/1329/3254 3326/1334/3259 3324/1332/3257
f 3326/1334/3259 3323/1331/3256 3325/1333/3258
f 3325/1333/3258 3324/1332/3257 3326/1334/3259
f 3327/1321/3260 3328/1320/3261 3329/1319/3262
f 3330/1322/3263 3328/1320/3261 3327/1321/3260
f 3329/1319/3262 3331/1323/3264 3327/1321/3260
f 3331/1323/3264 3329/1319/3262 3332/1324/3265
f 3332/1324/3265 3333/1325/3266 3331/1323/3264
f 3327/1321/3260 3331/1323/3264 3333/1325/3266
f 3333/1325/3266 3332/1324/3265 3334/1326/3267
f 3333/1325/3266 3335/1327/3268 3327/1321/3260
f 3334/1326/3267 3335/1327/3268 3333/1325/3266
f 3327/1321/3260 3336/1328/3269 3330/1322/3263
f 3336/1328/3269 3327/1321/3260 3335/1327/3268
f 3337/1329/3270 3335/1327/3268 3334/1326/3267
f 3335/1327/3268 3337/1329/3270 3336/1328/3269
f 3334/1326/3267 3338/1330/3271 3337/1329/3270
f 3337/1329/3270 3338/1330/3271 3339/1331/3272
f 3330/1322/3263 3336/1328/3269 3340/1332/3273
f 3340/1332/3273 3336/1328/3269 3337/1329/3270
f 3340/1332/3273 3341/1333/3274 3330/1322/3263
f 3339/1331/3272 3342/1334/3275 3337/1329/3270
f 3337/1329/3270 3342/1334/3275 3340/1332/3273
f 3342/1334/3275 3339/1331/3272 3341/1333/3274
f 3341/1333/3274 3340/1332/3273 3342/1334/3275
f 3343/1319/3276 3344/1320/3277 3345/1321/3278
f 3345/1321/3278 3344/1320/3277 3346/1322/3279
f 3345/1321/3278 3347/1323/3280 3343/1319/3276
f 3348/1324/3281 3343/1319/3276 3347/1323/3280
f 3347/1323/3280 3349/1325/3282 3348/1324/3281
f 3349/1325/3282 3347/1323/3280 3345/1321/3278
f 3350/1326/3283 3348/1324/3281 3349/1325/3282
f 3345/1321/3278 3351/1327/3284 3349/1325/3282
f 3349/1325/3282 3351/1327/3284 3350/1326/3283
f 3346/1322/3279 3352/1328/3285 3345/1321/3278
f 3351/1327/3284 3345/1321/3278 3352/1328/3285
f 3350/1326/3283 3351/1327/3284 3353/1329/3286
f 3352/1328/3285 3353/1329/3286 3351/1327/3284
f 3353/1329/3286 3354/1330/3287 3350/1326/3283
f 3355/1331/3288 3354/1330/3287 3353/1329/3286
f 3356/1332/3289 3352/1328/3285 3346/1322/3279
f 3353/1329/3286 3352/1328/3285 3356/1332/3289
f 3346/1322/3279 3357/1333/3290 3356/1332/3289
f 3353/1329/3286 3358/1334/3291 3355/1331/3288
f 3357/1333/3290 3355/1331/3288 3358/1334/3291
f 3356/1332/3289 3358/1334/3291 3353/1329/3286
f 3358/1334/3291 3356/1332/3289 3357/1333/3290
